timestamp;actions
1;sink@12.0:
1025;sink@4.0:
259;sink@4.0:
771;sink@12.0:
516;sink@12.0:
-10;sink@6.0:
1289;sink@3.0:
11;sink@12.0:
1036;sink@4.0:
269;sink@4.0:
783;sink@12.0:
528;sink@12.0:
1300;sink@3.0:
1046;sink@2.0:
23;sink@12.0:
280;sink@4.0:
539;sink@12.0:
795;sink@12.0:
1057;sink@2.0:
34;sink@12.0:
291;sink@4.0:
551;sink@12.0:
807;sink@12.0:
1321;sink@1.0:
1067;sink@2.0:
45;sink@12.0:
302;sink@4.0:
818;sink@12.0:
563;sink@12.0:
1331;sink@1.0:
1078;sink@2.0:
56;sink@12.0:
313;sink@4.0:
829;sink@12.0:
574;sink@12.0:
1342;sink@1.0:
1088;sink@2.0:
324;sink@4.0:
1352;sink@1.0:
841;sink@12.0:
586;sink@12.0:
1099;sink@2.0:
77;sink@1.0:
334;sink@7.0:
1363;sink@1.0:
852;sink@12.0:
597;sink@12.0:
1109;sink@2.0:
88;sink@1.0:
345;sink@7.0:
1373;sink@1.0:
864;sink@12.0:
1120;sink@2.0:
609;sink@12.0:
98;sink@1.0:
356;sink@7.0:
1384;sink@1.0:
1130;sink@3.0:
875;sink@12.0:
620;sink@12.0:
109;sink@1.0:
367;sink@7.0:
1394;sink@1.0:
1141;sink@3.0:
886;sink@12.0:
119;sink@1.0:
632;sink@12.0:
379;sink@7.0:
1404;sink@1.0:
1152;sink@3.0:
897;sink@12.0:
130;sink@1.0:
643;sink@12.0:
390;sink@7.0:
1415;sink@1.0:
1162;sink@3.0:
140;sink@3.0:
908;sink@12.0:
655;sink@12.0:
1425;sink@1.0:
1173;sink@3.0:
151;sink@3.0:
666;sink@12.0:
411;sink@10.0:
1436;sink@1.0:
1183;sink@3.0:
162;sink@3.0:
930;sink@4.0:
422;sink@12.0:
678;sink@12.0:
1194;sink@3.0:
172;sink@3.0:
940;sink@4.0:
689;sink@12.0:
434;sink@12.0:
1205;sink@3.0:
183;sink@3.0:
951;sink@4.0:
701;sink@12.0:
446;sink@12.0:
1215;sink@3.0:
194;sink@3.0:
962;sink@4.0:
457;sink@12.0:
713;sink@12.0:
1226;sink@3.0:
972;sink@4.0:
205;sink@3.0:
1236;sink@3.0:
469;sink@12.0:
725;sink@12.0:
983;sink@4.0:
216;sink@3.0:
1247;sink@3.0:
736;sink@12.0:
481;sink@12.0:
993;sink@4.0:
226;sink@3.0:
1258;sink@3.0:
492;sink@12.0:
748;sink@12.0:
1004;sink@4.0:
237;sink@4.0:
1268;sink@3.0:
759;sink@12.0:
1015;sink@4.0:
248;sink@4.0:
504;sink@12.0:
1279;sink@3.0:
1;intermediate@1.0:
1025;intermediate@1.0:
259;intermediate@1.0:
771;intermediate@1.0:
516;intermediate@1.0:
-10;intermediate@1.0:
1289;intermediate@1.0:
11;intermediate@1.0:
1036;intermediate@1.0:
269;intermediate@1.0:
783;intermediate@1.0:
528;intermediate@1.0:
1300;intermediate@1.0:
1046;intermediate@1.0:
23;intermediate@1.0:
280;intermediate@1.0:
539;intermediate@1.0:
795;intermediate@1.0:
1310;intermediate@1.0:
1057;intermediate@1.0:
34;intermediate@1.0:
291;intermediate@1.0:
551;intermediate@1.0:
807;intermediate@1.0:
1321;intermediate@1.0:
1067;intermediate@1.0:
45;intermediate@1.0:
302;intermediate@1.0:
818;intermediate@1.0:
563;intermediate@1.0:
1331;intermediate@1.0:
1078;intermediate@1.0:
56;intermediate@1.0:
313;intermediate@1.0:
829;intermediate@1.0:
574;intermediate@1.0:
1342;intermediate@1.0:
1088;intermediate@1.0:
67;intermediate@1.0:
324;intermediate@1.0:
1352;intermediate@1.0:
841;intermediate@1.0:
586;intermediate@1.0:
1099;intermediate@1.0:
77;intermediate@1.0:
334;intermediate@1.0:
1363;intermediate@1.0:
852;intermediate@1.0:
597;intermediate@1.0:
1109;intermediate@1.0:
88;intermediate@1.0:
345;intermediate@1.0:
1373;intermediate@1.0:
864;intermediate@1.0:
1120;intermediate@1.0:
609;intermediate@1.0:
98;intermediate@1.0:
356;intermediate@1.0:
1384;intermediate@1.0:
1130;intermediate@1.0:
875;intermediate@1.0:
620;intermediate@1.0:
109;intermediate@1.0:
367;intermediate@1.0:
1394;intermediate@1.0:
1141;intermediate@1.0:
886;intermediate@1.0:
119;intermediate@1.0:
632;intermediate@1.0:
379;intermediate@1.0:
1404;intermediate@1.0:
1152;intermediate@1.0:
897;intermediate@1.0:
130;intermediate@1.0:
643;intermediate@1.0:
390;intermediate@1.0:
1415;intermediate@1.0:
1162;intermediate@1.0:
140;intermediate@1.0:
908;intermediate@1.0:
655;intermediate@1.0:
401;intermediate@1.0:
1425;intermediate@1.0:
1173;intermediate@1.0:
151;intermediate@1.0:
919;intermediate@1.0:
666;intermediate@1.0:
411;intermediate@1.0:
1436;intermediate@1.0:
1183;intermediate@1.0:
162;intermediate@1.0:
930;intermediate@1.0:
422;intermediate@1.0:
678;intermediate@1.0:
1194;intermediate@1.0:
172;intermediate@1.0:
940;intermediate@1.0:
689;intermediate@1.0:
434;intermediate@1.0:
1205;intermediate@1.0:
183;intermediate@1.0:
951;intermediate@1.0:
701;intermediate@1.0:
446;intermediate@1.0:
1215;intermediate@1.0:
194;intermediate@1.0:
962;intermediate@1.0:
457;intermediate@1.0:
713;intermediate@1.0:
1226;intermediate@1.0:
972;intermediate@1.0:
205;intermediate@1.0:
1236;intermediate@1.0:
469;intermediate@1.0:
725;intermediate@1.0:
983;intermediate@1.0:
216;intermediate@1.0:
1247;intermediate@1.0:
736;intermediate@1.0:
481;intermediate@1.0:
993;intermediate@1.0:
226;intermediate@1.0:
1258;intermediate@1.0:
492;intermediate@1.0:
748;intermediate@1.0:
1004;intermediate@1.0:
237;intermediate@1.0:
1268;intermediate@1.0:
759;intermediate@1.0:
1015;intermediate@1.0:
248;intermediate@1.0:
504;intermediate@1.0:
1279;intermediate@1.0:
