timestamp;actions
512;sink@12.0:
768;sink@12.0:
1;sink@12.0:
257;sink@12.0:
1287;sink@12.0:
-10;sink@4.0:
1034;sink@12.0:
779;sink@12.0:
12;sink@12.0:
524;sink@12.0:
269;sink@12.0:
1298;sink@12.0:
1045;sink@12.0:
23;sink@12.0:
535;sink@12.0:
791;sink@12.0:
280;sink@12.0:
1309;sink@12.0:
1056;sink@12.0:
34;sink@12.0:
802;sink@12.0:
291;sink@12.0:
547;sink@12.0:
1319;sink@12.0:
1067;sink@12.0:
45;sink@12.0:
813;sink@12.0:
303;sink@12.0:
559;sink@12.0:
1330;sink@12.0:
1078;sink@12.0:
56;sink@12.0:
825;sink@12.0:
314;sink@12.0:
570;sink@12.0:
1341;sink@12.0:
1089;sink@12.0:
67;sink@12.0:
836;sink@12.0:
326;sink@12.0:
582;sink@12.0:
1352;sink@12.0:
1100;sink@12.0:
79;sink@12.0:
847;sink@12.0:
337;sink@12.0:
594;sink@12.0:
1363;sink@12.0:
1111;sink@12.0:
90;sink@12.0:
858;sink@12.0:
349;sink@12.0:
606;sink@12.0:
1374;sink@12.0:
1122;sink@12.0:
101;sink@12.0:
869;sink@12.0:
360;sink@12.0:
617;sink@12.0:
1385;sink@12.0:
1133;sink@12.0:
112;sink@12.0:
880;sink@12.0:
372;sink@12.0:
628;sink@12.0:
1144;sink@12.0:
123;sink@12.0:
891;sink@12.0:
384;sink@12.0:
640;sink@12.0:
1155;sink@12.0:
134;sink@12.0:
902;sink@12.0:
651;sink@12.0:
396;sink@12.0:
1166;sink@12.0:
145;sink@12.0:
913;sink@12.0:
407;sink@12.0:
663;sink@12.0:
1177;sink@12.0:
156;sink@12.0:
924;sink@12.0:
419;sink@12.0:
675;sink@12.0:
1188;sink@12.0:
167;sink@12.0:
935;sink@12.0:
431;sink@12.0:
687;sink@12.0:
1199;sink@12.0:
946;sink@12.0:
179;sink@12.0:
1209;sink@12.0:
443;sink@12.0:
699;sink@12.0:
957;sink@12.0:
190;sink@12.0:
1221;sink@12.0:
454;sink@12.0:
710;sink@12.0:
968;sink@12.0:
201;sink@12.0:
1232;sink@12.0:
466;sink@12.0:
722;sink@12.0:
979;sink@12.0:
213;sink@12.0:
1243;sink@12.0:
477;sink@12.0:
734;sink@12.0:
990;sink@12.0:
224;sink@12.0:
1254;sink@12.0:
489;sink@12.0:
745;sink@12.0:
1001;sink@12.0:
235;sink@12.0:
1264;sink@12.0:
1012;sink@12.0:
501;sink@12.0:
757;sink@12.0:
246;sink@12.0:
1275;sink@12.0:
1023;sink@12.0:
512;intermediate@1.0:
768;intermediate@1.0:
1;intermediate@1.0:
257;intermediate@1.0:
1287;intermediate@1.0:
1034;intermediate@1.0:
779;intermediate@1.0:
12;intermediate@1.0:
524;intermediate@1.0:
269;intermediate@1.0:
1298;intermediate@1.0:
1045;intermediate@1.0:
23;intermediate@1.0:
535;intermediate@1.0:
791;intermediate@1.0:
280;intermediate@1.0:
1309;intermediate@1.0:
1056;intermediate@1.0:
34;intermediate@1.0:
802;intermediate@1.0:
291;intermediate@1.0:
547;intermediate@1.0:
1319;intermediate@1.0:
1067;intermediate@1.0:
45;intermediate@1.0:
813;intermediate@1.0:
303;intermediate@1.0:
559;intermediate@1.0:
1330;intermediate@1.0:
1078;intermediate@1.0:
56;intermediate@1.0:
825;intermediate@1.0:
314;intermediate@1.0:
570;intermediate@1.0:
1341;intermediate@1.0:
1089;intermediate@1.0:
67;intermediate@1.0:
836;intermediate@1.0:
326;intermediate@1.0:
582;intermediate@1.0:
1352;intermediate@1.0:
1100;intermediate@1.0:
79;intermediate@1.0:
847;intermediate@1.0:
337;intermediate@1.0:
594;intermediate@1.0:
1363;intermediate@1.0:
1111;intermediate@1.0:
90;intermediate@1.0:
858;intermediate@1.0:
349;intermediate@1.0:
606;intermediate@1.0:
1374;intermediate@1.0:
1122;intermediate@1.0:
101;intermediate@1.0:
869;intermediate@1.0:
360;intermediate@1.0:
617;intermediate@1.0:
1385;intermediate@1.0:
1133;intermediate@1.0:
112;intermediate@1.0:
880;intermediate@1.0:
372;intermediate@1.0:
628;intermediate@1.0:
1144;intermediate@1.0:
123;intermediate@1.0:
891;intermediate@1.0:
384;intermediate@1.0:
640;intermediate@1.0:
1155;intermediate@1.0:
134;intermediate@1.0:
902;intermediate@1.0:
651;intermediate@1.0:
396;intermediate@1.0:
1166;intermediate@1.0:
145;intermediate@1.0:
913;intermediate@1.0:
407;intermediate@1.0:
663;intermediate@1.0:
1177;intermediate@1.0:
156;intermediate@1.0:
924;intermediate@1.0:
419;intermediate@1.0:
675;intermediate@1.0:
1188;intermediate@1.0:
167;intermediate@1.0:
935;intermediate@1.0:
431;intermediate@1.0:
687;intermediate@1.0:
1199;intermediate@1.0:
946;intermediate@1.0:
179;intermediate@1.0:
1209;intermediate@1.0:
443;intermediate@1.0:
699;intermediate@1.0:
957;intermediate@1.0:
190;intermediate@1.0:
1221;intermediate@1.0:
454;intermediate@1.0:
710;intermediate@1.0:
968;intermediate@1.0:
201;intermediate@1.0:
1232;intermediate@1.0:
466;intermediate@1.0:
722;intermediate@1.0:
979;intermediate@1.0:
213;intermediate@1.0:
1243;intermediate@1.0:
477;intermediate@1.0:
734;intermediate@1.0:
990;intermediate@1.0:
224;intermediate@1.0:
1254;intermediate@1.0:
489;intermediate@1.0:
745;intermediate@1.0:
1001;intermediate@1.0:
235;intermediate@1.0:
1264;intermediate@1.0:
1012;intermediate@1.0:
501;intermediate@1.0:
757;intermediate@1.0:
246;intermediate@1.0:
1275;intermediate@1.0:
1023;intermediate@1.0:
