timestamp;actions
512;sink@12.0:
1024;sink@1.0:
1280;sink@1.0:
1;sink@1.0:
771;sink@12.0:
260;sink@4.0:
1290;sink@4.0:
1035;sink@1.0:
12;sink@1.0:
524;sink@12.0:
271;sink@4.0:
783;sink@12.0:
1045;sink@1.0:
1301;sink@4.0:
23;sink@1.0:
536;sink@12.0:
282;sink@2.0:
795;sink@12.0:
1056;sink@3.0:
1312;sink@4.0:
33;sink@1.0:
292;sink@5.0:
548;sink@12.0:
807;sink@12.0:
1066;sink@3.0:
1322;sink@4.0:
44;sink@1.0:
303;sink@5.0:
559;sink@12.0:
819;sink@12.0:
1077;sink@3.0:
1333;sink@4.0:
55;sink@1.0:
314;sink@5.0:
571;sink@12.0:
830;sink@12.0:
1087;sink@3.0:
1343;sink@4.0:
66;sink@1.0:
326;sink@5.0:
583;sink@12.0:
842;sink@12.0:
1098;sink@3.0:
1354;sink@4.0:
77;sink@1.0:
337;sink@5.0:
595;sink@12.0:
853;sink@12.0:
1109;sink@3.0:
88;sink@2.0:
606;sink@12.0:
1375;sink@1.0:
864;sink@12.0:
98;sink@2.0:
358;sink@11.0:
618;sink@12.0:
1130;sink@1.0:
1386;sink@1.0:
109;sink@2.0:
370;sink@12.0:
1140;sink@1.0:
1396;sink@1.0:
630;sink@12.0:
886;sink@4.0:
120;sink@2.0:
381;sink@12.0:
1151;sink@1.0:
1407;sink@1.0:
641;sink@12.0:
897;sink@4.0:
130;sink@2.0:
393;sink@12.0:
1417;sink@1.0:
1162;sink@1.0:
908;sink@4.0:
141;sink@2.0:
653;sink@12.0:
1427;sink@1.0:
405;sink@12.0:
1173;sink@1.0:
918;sink@4.0:
152;sink@2.0:
665;sink@12.0:
1438;sink@1.0:
1184;sink@1.0:
929;sink@4.0:
162;sink@2.0:
418;sink@12.0:
677;sink@12.0:
1194;sink@2.0:
940;sink@4.0:
173;sink@2.0:
430;sink@12.0:
688;sink@12.0:
1205;sink@2.0:
950;sink@4.0:
184;sink@2.0:
442;sink@12.0:
700;sink@12.0:
1216;sink@2.0:
961;sink@1.0:
195;sink@4.0:
454;sink@12.0:
712;sink@12.0:
1227;sink@2.0:
972;sink@1.0:
206;sink@4.0:
465;sink@12.0:
724;sink@12.0:
1237;sink@2.0:
982;sink@1.0:
217;sink@4.0:
477;sink@12.0:
736;sink@12.0:
992;sink@1.0:
1248;sink@2.0:
227;sink@4.0:
489;sink@12.0:
1258;sink@2.0:
747;sink@12.0:
1003;sink@1.0:
238;sink@4.0:
501;sink@12.0:
1269;sink@2.0:
1014;sink@1.0:
759;sink@12.0:
249;sink@4.0:
512;intermediate@1.0:
1024;intermediate@1.0:
1280;intermediate@1.0:
1;intermediate@1.0:
771;intermediate@1.0:
260;intermediate@1.0:
1290;intermediate@1.0:
1035;intermediate@1.0:
12;intermediate@1.0:
524;intermediate@1.0:
271;intermediate@1.0:
783;intermediate@1.0:
1045;intermediate@1.0:
1301;intermediate@1.0:
23;intermediate@1.0:
536;intermediate@1.0:
282;intermediate@1.0:
795;intermediate@1.0:
1056;intermediate@1.0:
1312;intermediate@1.0:
33;intermediate@1.0:
292;intermediate@1.0:
548;intermediate@1.0:
807;intermediate@1.0:
1066;intermediate@1.0:
1322;intermediate@1.0:
44;intermediate@1.0:
303;intermediate@1.0:
559;intermediate@1.0:
819;intermediate@1.0:
1077;intermediate@1.0:
1333;intermediate@1.0:
55;intermediate@1.0:
314;intermediate@1.0:
571;intermediate@1.0:
830;intermediate@1.0:
1087;intermediate@1.0:
1343;intermediate@1.0:
66;intermediate@1.0:
326;intermediate@1.0:
583;intermediate@1.0:
842;intermediate@1.0:
1098;intermediate@1.0:
1354;intermediate@1.0:
77;intermediate@1.0:
337;intermediate@1.0:
595;intermediate@1.0:
853;intermediate@1.0:
1109;intermediate@1.0:
1365;intermediate@1.0:
88;intermediate@1.0:
348;intermediate@1.0:
606;intermediate@1.0:
1119;intermediate@1.0:
1375;intermediate@1.0:
864;intermediate@1.0:
98;intermediate@1.0:
358;intermediate@1.0:
618;intermediate@1.0:
1130;intermediate@1.0:
1386;intermediate@1.0:
876;intermediate@1.0:
109;intermediate@1.0:
370;intermediate@1.0:
1140;intermediate@1.0:
1396;intermediate@1.0:
630;intermediate@1.0:
886;intermediate@1.0:
120;intermediate@1.0:
381;intermediate@1.0:
1151;intermediate@1.0:
1407;intermediate@1.0:
641;intermediate@1.0:
897;intermediate@1.0:
130;intermediate@1.0:
393;intermediate@1.0:
1417;intermediate@1.0:
1162;intermediate@1.0:
908;intermediate@1.0:
141;intermediate@1.0:
653;intermediate@1.0:
1427;intermediate@1.0:
405;intermediate@1.0:
1173;intermediate@1.0:
918;intermediate@1.0:
152;intermediate@1.0:
665;intermediate@1.0:
1438;intermediate@1.0:
1184;intermediate@1.0:
929;intermediate@1.0:
162;intermediate@1.0:
418;intermediate@1.0:
677;intermediate@1.0:
1194;intermediate@1.0:
940;intermediate@1.0:
173;intermediate@1.0:
430;intermediate@1.0:
688;intermediate@1.0:
1205;intermediate@1.0:
950;intermediate@1.0:
184;intermediate@1.0:
442;intermediate@1.0:
700;intermediate@1.0:
1216;intermediate@1.0:
961;intermediate@1.0:
195;intermediate@1.0:
454;intermediate@1.0:
712;intermediate@1.0:
1227;intermediate@1.0:
972;intermediate@1.0:
206;intermediate@1.0:
465;intermediate@1.0:
724;intermediate@1.0:
1237;intermediate@1.0:
982;intermediate@1.0:
217;intermediate@1.0:
477;intermediate@1.0:
736;intermediate@1.0:
992;intermediate@1.0:
1248;intermediate@1.0:
227;intermediate@1.0:
489;intermediate@1.0:
1258;intermediate@1.0:
747;intermediate@1.0:
1003;intermediate@1.0:
238;intermediate@1.0:
501;intermediate@1.0:
1269;intermediate@1.0:
1014;intermediate@1.0:
759;intermediate@1.0:
249;intermediate@1.0:
timestamp;actions
1;sink@1.0:
1281;sink@1.0:
516;sink@1.0:
1029;sink@1.0:
266;sink@1.0:
778;sink@1.0:
1291;sink@1.0:
12;sink@1.0:
527;sink@1.0:
1040;sink@1.0:
276;sink@1.0:
788;sink@1.0:
22;sink@1.0:
1302;sink@1.0:
538;sink@1.0:
1050;sink@1.0:
287;sink@1.0:
799;sink@1.0:
1312;sink@1.0:
33;sink@1.0:
549;sink@1.0:
1061;sink@1.0:
809;sink@1.0:
298;sink@1.0:
1323;sink@1.0:
44;sink@1.0:
1071;sink@1.0:
560;sink@1.0:
820;sink@1.0:
309;sink@1.0:
54;sink@1.0:
1082;sink@1.0:
571;sink@1.0:
830;sink@1.0:
319;sink@1.0:
65;sink@1.0:
1092;sink@1.0:
582;sink@1.0:
841;sink@1.0:
75;sink@1.0:
331;sink@1.0:
1103;sink@1.0:
593;sink@1.0:
851;sink@1.0:
341;sink@1.0:
86;sink@1.0:
1113;sink@1.0:
604;sink@1.0:
862;sink@1.0:
96;sink@1.0:
352;sink@1.0:
1124;sink@1.0:
615;sink@1.0:
872;sink@1.0:
107;sink@1.0:
364;sink@1.0:
1134;sink@1.0:
626;sink@1.0:
882;sink@1.0:
118;sink@1.0:
374;sink@1.0:
1144;sink@1.0:
637;sink@1.0:
893;sink@1.0:
128;sink@1.0:
385;sink@1.0:
1155;sink@1.0:
903;sink@1.0:
648;sink@1.0:
139;sink@1.0:
396;sink@1.0:
1166;sink@1.0:
914;sink@1.0:
659;sink@1.0:
149;sink@1.0:
407;sink@1.0:
1176;sink@1.0:
924;sink@1.0:
670;sink@1.0:
160;sink@1.0:
418;sink@1.0:
1186;sink@1.0:
935;sink@1.0:
680;sink@1.0:
170;sink@1.0:
429;sink@1.0:
1197;sink@1.0:
945;sink@1.0:
691;sink@1.0:
181;sink@1.0:
440;sink@1.0:
1208;sink@1.0:
956;sink@1.0:
702;sink@1.0:
192;sink@1.0:
1218;sink@1.0:
451;sink@1.0:
966;sink@1.0:
713;sink@1.0:
202;sink@1.0:
1229;sink@1.0:
462;sink@1.0:
977;sink@1.0:
724;sink@1.0:
213;sink@1.0:
1239;sink@1.0:
473;sink@1.0:
987;sink@1.0:
223;sink@1.0:
735;sink@1.0:
1250;sink@1.0:
484;sink@1.0:
998;sink@1.0:
234;sink@1.0:
746;sink@1.0:
1260;sink@1.0:
494;sink@1.0:
1008;sink@1.0:
756;sink@1.0:
245;sink@1.0:
1271;sink@1.0:
505;sink@1.0:
1019;sink@1.0:
255;sink@1.0:
767;sink@1.0:
1;intermediate@1.0:
1281;intermediate@1.0:
516;intermediate@1.0:
1029;intermediate@1.0:
266;intermediate@1.0:
778;intermediate@1.0:
1291;intermediate@1.0:
12;intermediate@1.0:
527;intermediate@1.0:
1040;intermediate@1.0:
276;intermediate@1.0:
788;intermediate@1.0:
22;intermediate@1.0:
1302;intermediate@1.0:
538;intermediate@1.0:
1050;intermediate@1.0:
287;intermediate@1.0:
799;intermediate@1.0:
1312;intermediate@1.0:
33;intermediate@1.0:
549;intermediate@1.0:
1061;intermediate@1.0:
809;intermediate@1.0:
298;intermediate@1.0:
1323;intermediate@1.0:
44;intermediate@1.0:
1071;intermediate@1.0:
560;intermediate@1.0:
820;intermediate@1.0:
309;intermediate@1.0:
54;intermediate@1.0:
1082;intermediate@1.0:
571;intermediate@1.0:
830;intermediate@1.0:
319;intermediate@1.0:
65;intermediate@1.0:
1092;intermediate@1.0:
582;intermediate@1.0:
841;intermediate@1.0:
75;intermediate@1.0:
331;intermediate@1.0:
1103;intermediate@1.0:
593;intermediate@1.0:
851;intermediate@1.0:
341;intermediate@1.0:
86;intermediate@1.0:
1113;intermediate@1.0:
604;intermediate@1.0:
862;intermediate@1.0:
96;intermediate@1.0:
352;intermediate@1.0:
1124;intermediate@1.0:
615;intermediate@1.0:
872;intermediate@1.0:
107;intermediate@1.0:
364;intermediate@1.0:
1134;intermediate@1.0:
626;intermediate@1.0:
882;intermediate@1.0:
118;intermediate@1.0:
374;intermediate@1.0:
1144;intermediate@1.0:
637;intermediate@1.0:
893;intermediate@1.0:
128;intermediate@1.0:
385;intermediate@1.0:
1155;intermediate@1.0:
903;intermediate@1.0:
648;intermediate@1.0:
139;intermediate@1.0:
396;intermediate@1.0:
1166;intermediate@1.0:
914;intermediate@1.0:
659;intermediate@1.0:
149;intermediate@1.0:
407;intermediate@1.0:
1176;intermediate@1.0:
924;intermediate@1.0:
670;intermediate@1.0:
160;intermediate@1.0:
418;intermediate@1.0:
1186;intermediate@1.0:
935;intermediate@1.0:
680;intermediate@1.0:
170;intermediate@1.0:
429;intermediate@1.0:
1197;intermediate@1.0:
945;intermediate@1.0:
691;intermediate@1.0:
181;intermediate@1.0:
440;intermediate@1.0:
1208;intermediate@1.0:
956;intermediate@1.0:
702;intermediate@1.0:
192;intermediate@1.0:
1218;intermediate@1.0:
451;intermediate@1.0:
966;intermediate@1.0:
713;intermediate@1.0:
202;intermediate@1.0:
1229;intermediate@1.0:
462;intermediate@1.0:
977;intermediate@1.0:
724;intermediate@1.0:
213;intermediate@1.0:
1239;intermediate@1.0:
473;intermediate@1.0:
987;intermediate@1.0:
223;intermediate@1.0:
735;intermediate@1.0:
1250;intermediate@1.0:
484;intermediate@1.0:
998;intermediate@1.0:
234;intermediate@1.0:
746;intermediate@1.0:
1260;intermediate@1.0:
494;intermediate@1.0:
1008;intermediate@1.0:
756;intermediate@1.0:
245;intermediate@1.0:
1271;intermediate@1.0:
505;intermediate@1.0:
1019;intermediate@1.0:
255;intermediate@1.0:
767;intermediate@1.0:
