timestamp;actions
768;intermediateVilleurbanne@1.0:
1280;intermediateVilleurbanne@1.0:
1;intermediateVilleurbanne@8.0:
514;intermediateVilleurbanne@1.0:
1538;intermediateVilleurbanne@1.0:
1030;intermediateVilleurbanne@1.0:
264;intermediateVilleurbanne@12.0:
1290;intermediateVilleurbanne@1.0:
779;intermediateVilleurbanne@1.0:
13;intermediateVilleurbanne@12.0:
525;intermediateVilleurbanne@1.0:
1549;intermediateVilleurbanne@1.0:
1041;intermediateVilleurbanne@1.0:
276;intermediateVilleurbanne@12.0:
1301;intermediateVilleurbanne@1.0:
791;intermediateVilleurbanne@1.0:
1559;intermediateVilleurbanne@1.0:
537;intermediateVilleurbanne@1.0:
26;intermediateVilleurbanne@12.0:
1052;intermediateVilleurbanne@1.0:
288;intermediateVilleurbanne@12.0:
1312;intermediateVilleurbanne@1.0:
1570;intermediateVilleurbanne@1.0:
803;intermediateVilleurbanne@1.0:
548;intermediateVilleurbanne@1.0:
39;intermediateVilleurbanne@12.0:
1063;intermediateVilleurbanne@1.0:
1323;intermediateVilleurbanne@1.0:
300;intermediateVilleurbanne@12.0:
814;intermediateVilleurbanne@1.0:
560;intermediateVilleurbanne@1.0:
1074;intermediateVilleurbanne@1.0:
53;intermediateVilleurbanne@12.0:
1333;intermediateVilleurbanne@1.0:
312;intermediateVilleurbanne@12.0:
826;intermediateVilleurbanne@1.0:
571;intermediateVilleurbanne@1.0:
1085;intermediateVilleurbanne@1.0:
1344;intermediateVilleurbanne@1.0:
66;intermediateVilleurbanne@12.0:
837;intermediateVilleurbanne@1.0:
583;intermediateVilleurbanne@1.0:
1096;intermediateVilleurbanne@1.0:
1355;intermediateVilleurbanne@1.0:
334;intermediateVilleurbanne@1.0:
79;intermediateVilleurbanne@11.0:
593;intermediateVilleurbanne@1.0:
849;intermediateVilleurbanne@1.0:
1106;intermediateVilleurbanne@1.0:
1366;intermediateVilleurbanne@1.0:
345;intermediateVilleurbanne@1.0:
91;intermediateVilleurbanne@10.0:
860;intermediateVilleurbanne@1.0:
605;intermediateVilleurbanne@1.0:
1117;intermediateVilleurbanne@1.0:
1377;intermediateVilleurbanne@1.0:
356;intermediateVilleurbanne@1.0:
102;intermediateVilleurbanne@12.0:
871;intermediateVilleurbanne@1.0:
616;intermediateVilleurbanne@1.0:
1128;intermediateVilleurbanne@1.0:
1388;intermediateVilleurbanne@1.0:
367;intermediateVilleurbanne@1.0:
113;intermediateVilleurbanne@12.0:
627;intermediateVilleurbanne@1.0:
883;intermediateVilleurbanne@1.0:
1139;intermediateVilleurbanne@1.0:
1398;intermediateVilleurbanne@1.0:
378;intermediateVilleurbanne@1.0:
126;intermediateVilleurbanne@12.0:
638;intermediateVilleurbanne@1.0:
894;intermediateVilleurbanne@1.0:
1150;intermediateVilleurbanne@1.0:
1409;intermediateVilleurbanne@1.0:
389;intermediateVilleurbanne@1.0:
137;intermediateVilleurbanne@12.0:
1161;intermediateVilleurbanne@1.0:
650;intermediateVilleurbanne@1.0:
906;intermediateVilleurbanne@1.0:
1420;intermediateVilleurbanne@1.0:
400;intermediateVilleurbanne@1.0:
1172;intermediateVilleurbanne@1.0:
661;intermediateVilleurbanne@1.0:
917;intermediateVilleurbanne@1.0:
150;intermediateVilleurbanne@12.0:
1431;intermediateVilleurbanne@1.0:
412;intermediateVilleurbanne@1.0:
1182;intermediateVilleurbanne@1.0:
928;intermediateVilleurbanne@1.0:
161;intermediateVilleurbanne@12.0:
673;intermediateVilleurbanne@1.0:
1441;intermediateVilleurbanne@1.0:
423;intermediateVilleurbanne@1.0:
1193;intermediateVilleurbanne@1.0:
940;intermediateVilleurbanne@1.0:
1452;intermediateVilleurbanne@1.0:
173;intermediateVilleurbanne@12.0:
685;intermediateVilleurbanne@1.0:
434;intermediateVilleurbanne@1.0:
1204;intermediateVilleurbanne@1.0:
951;intermediateVilleurbanne@1.0:
1463;intermediateVilleurbanne@1.0:
185;intermediateVilleurbanne@12.0:
697;intermediateVilleurbanne@1.0:
445;intermediateVilleurbanne@1.0:
1215;intermediateVilleurbanne@1.0:
1473;intermediateVilleurbanne@1.0:
963;intermediateVilleurbanne@1.0:
709;intermediateVilleurbanne@1.0:
456;intermediateVilleurbanne@1.0:
1225;intermediateVilleurbanne@1.0:
1484;intermediateVilleurbanne@1.0:
975;intermediateVilleurbanne@1.0:
720;intermediateVilleurbanne@1.0:
468;intermediateVilleurbanne@1.0:
1236;intermediateVilleurbanne@1.0:
1495;intermediateVilleurbanne@1.0:
218;intermediateVilleurbanne@10.0:
986;intermediateVilleurbanne@1.0:
733;intermediateVilleurbanne@1.0:
479;intermediateVilleurbanne@1.0:
1247;intermediateVilleurbanne@1.0:
1506;intermediateVilleurbanne@1.0:
229;intermediateVilleurbanne@12.0:
998;intermediateVilleurbanne@1.0:
744;intermediateVilleurbanne@1.0:
1258;intermediateVilleurbanne@1.0:
491;intermediateVilleurbanne@1.0:
1516;intermediateVilleurbanne@1.0:
241;intermediateVilleurbanne@12.0:
1009;intermediateVilleurbanne@1.0:
756;intermediateVilleurbanne@1.0:
1269;intermediateVilleurbanne@1.0:
502;intermediateVilleurbanne@1.0:
1527;intermediateVilleurbanne@1.0:
1019;intermediateVilleurbanne@1.0:
252;intermediateVilleurbanne@12.0:
768;sink@5.0:
1280;sink@1.0:
1;sink@9.0:
514;sink@3.0:
1538;sink@1.0:
1030;sink@1.0:
264;sink@1.0:
1290;sink@1.0:
779;sink@5.0:
13;sink@12.0:
525;sink@3.0:
1549;sink@1.0:
1041;sink@1.0:
276;sink@1.0:
1301;sink@1.0:
791;sink@5.0:
1559;sink@1.0:
537;sink@3.0:
26;sink@12.0:
1052;sink@1.0:
288;sink@1.0:
1570;sink@1.0:
803;sink@5.0:
548;sink@3.0:
39;sink@12.0:
1063;sink@1.0:
1323;sink@2.0:
300;sink@1.0:
814;sink@5.0:
560;sink@3.0:
1074;sink@1.0:
53;sink@12.0:
1333;sink@2.0:
312;sink@1.0:
826;sink@5.0:
571;sink@3.0:
1085;sink@1.0:
1344;sink@2.0:
66;sink@12.0:
837;sink@5.0:
1096;sink@1.0:
1355;sink@2.0:
334;sink@1.0:
593;sink@1.0:
1106;sink@1.0:
1366;sink@2.0:
345;sink@1.0:
860;sink@2.0:
605;sink@1.0:
1117;sink@1.0:
356;sink@1.0:
102;sink@1.0:
871;sink@2.0:
616;sink@1.0:
1128;sink@1.0:
1388;sink@1.0:
367;sink@1.0:
113;sink@1.0:
627;sink@1.0:
883;sink@2.0:
1139;sink@1.0:
1398;sink@1.0:
378;sink@2.0:
126;sink@1.0:
638;sink@1.0:
894;sink@2.0:
1150;sink@1.0:
1409;sink@1.0:
389;sink@2.0:
137;sink@1.0:
1161;sink@1.0:
650;sink@4.0:
906;sink@2.0:
1420;sink@1.0:
400;sink@2.0:
1172;sink@1.0:
661;sink@5.0:
150;sink@1.0:
1431;sink@1.0:
412;sink@2.0:
1182;sink@1.0:
928;sink@3.0:
161;sink@1.0:
673;sink@5.0:
1441;sink@1.0:
423;sink@2.0:
1193;sink@1.0:
940;sink@3.0:
1452;sink@1.0:
173;sink@1.0:
685;sink@5.0:
434;sink@2.0:
1204;sink@1.0:
951;sink@3.0:
1463;sink@1.0:
185;sink@1.0:
697;sink@5.0:
445;sink@2.0:
1215;sink@1.0:
1473;sink@1.0:
963;sink@3.0:
709;sink@5.0:
456;sink@2.0:
1225;sink@1.0:
1484;sink@1.0:
975;sink@3.0:
720;sink@5.0:
468;sink@1.0:
1236;sink@1.0:
1495;sink@1.0:
218;sink@1.0:
986;sink@3.0:
733;sink@5.0:
479;sink@3.0:
1247;sink@1.0:
1506;sink@1.0:
229;sink@1.0:
998;sink@3.0:
744;sink@5.0:
1258;sink@1.0:
491;sink@3.0:
1516;sink@1.0:
241;sink@1.0:
756;sink@5.0:
1269;sink@1.0:
502;sink@3.0:
1527;sink@1.0:
1019;sink@1.0:
252;sink@1.0:
768;intermediateVaulx@1.0:
1280;intermediateVaulx@1.0:
1;intermediateVaulx@9.0:
514;intermediateVaulx@1.0:
1538;intermediateVaulx@1.0:
1030;intermediateVaulx@1.0:
264;intermediateVaulx@1.0:
1290;intermediateVaulx@1.0:
779;intermediateVaulx@1.0:
13;intermediateVaulx@12.0:
525;intermediateVaulx@1.0:
1549;intermediateVaulx@1.0:
1041;intermediateVaulx@1.0:
276;intermediateVaulx@1.0:
1301;intermediateVaulx@1.0:
791;intermediateVaulx@1.0:
1559;intermediateVaulx@1.0:
537;intermediateVaulx@1.0:
26;intermediateVaulx@12.0:
1052;intermediateVaulx@1.0:
288;intermediateVaulx@1.0:
1312;intermediateVaulx@1.0:
1570;intermediateVaulx@1.0:
803;intermediateVaulx@1.0:
548;intermediateVaulx@1.0:
39;intermediateVaulx@12.0:
1063;intermediateVaulx@1.0:
1323;intermediateVaulx@1.0:
300;intermediateVaulx@1.0:
814;intermediateVaulx@1.0:
560;intermediateVaulx@1.0:
1074;intermediateVaulx@1.0:
53;intermediateVaulx@12.0:
1333;intermediateVaulx@1.0:
312;intermediateVaulx@1.0:
826;intermediateVaulx@1.0:
571;intermediateVaulx@1.0:
1085;intermediateVaulx@1.0:
1344;intermediateVaulx@1.0:
66;intermediateVaulx@12.0:
323;intermediateVaulx@1.0:
837;intermediateVaulx@1.0:
583;intermediateVaulx@1.0:
1096;intermediateVaulx@1.0:
1355;intermediateVaulx@1.0:
334;intermediateVaulx@1.0:
79;intermediateVaulx@1.0:
593;intermediateVaulx@1.0:
849;intermediateVaulx@1.0:
1106;intermediateVaulx@1.0:
1366;intermediateVaulx@1.0:
345;intermediateVaulx@1.0:
860;intermediateVaulx@1.0:
605;intermediateVaulx@1.0:
1117;intermediateVaulx@1.0:
1377;intermediateVaulx@1.0:
356;intermediateVaulx@1.0:
102;intermediateVaulx@9.0:
871;intermediateVaulx@1.0:
616;intermediateVaulx@1.0:
1128;intermediateVaulx@1.0:
1388;intermediateVaulx@1.0:
367;intermediateVaulx@1.0:
113;intermediateVaulx@12.0:
627;intermediateVaulx@1.0:
883;intermediateVaulx@1.0:
1139;intermediateVaulx@1.0:
1398;intermediateVaulx@1.0:
378;intermediateVaulx@1.0:
126;intermediateVaulx@12.0:
638;intermediateVaulx@1.0:
894;intermediateVaulx@1.0:
1150;intermediateVaulx@1.0:
1409;intermediateVaulx@1.0:
389;intermediateVaulx@1.0:
137;intermediateVaulx@12.0:
1161;intermediateVaulx@1.0:
650;intermediateVaulx@1.0:
906;intermediateVaulx@1.0:
1420;intermediateVaulx@1.0:
400;intermediateVaulx@1.0:
1172;intermediateVaulx@1.0:
661;intermediateVaulx@1.0:
917;intermediateVaulx@1.0:
150;intermediateVaulx@12.0:
1431;intermediateVaulx@1.0:
412;intermediateVaulx@1.0:
1182;intermediateVaulx@1.0:
928;intermediateVaulx@1.0:
161;intermediateVaulx@12.0:
673;intermediateVaulx@1.0:
1441;intermediateVaulx@1.0:
423;intermediateVaulx@1.0:
1193;intermediateVaulx@1.0:
940;intermediateVaulx@1.0:
1452;intermediateVaulx@1.0:
173;intermediateVaulx@12.0:
685;intermediateVaulx@1.0:
434;intermediateVaulx@1.0:
1204;intermediateVaulx@1.0:
951;intermediateVaulx@1.0:
1463;intermediateVaulx@1.0:
185;intermediateVaulx@12.0:
697;intermediateVaulx@1.0:
445;intermediateVaulx@1.0:
1215;intermediateVaulx@1.0:
1473;intermediateVaulx@1.0:
963;intermediateVaulx@1.0:
709;intermediateVaulx@1.0:
456;intermediateVaulx@1.0:
1225;intermediateVaulx@1.0:
1484;intermediateVaulx@1.0:
975;intermediateVaulx@1.0:
720;intermediateVaulx@1.0:
468;intermediateVaulx@1.0:
1236;intermediateVaulx@1.0:
1495;intermediateVaulx@1.0:
986;intermediateVaulx@1.0:
733;intermediateVaulx@1.0:
479;intermediateVaulx@1.0:
1247;intermediateVaulx@1.0:
1506;intermediateVaulx@1.0:
229;intermediateVaulx@1.0:
998;intermediateVaulx@1.0:
744;intermediateVaulx@1.0:
1258;intermediateVaulx@1.0:
491;intermediateVaulx@1.0:
1516;intermediateVaulx@1.0:
241;intermediateVaulx@1.0:
1009;intermediateVaulx@1.0:
756;intermediateVaulx@1.0:
1269;intermediateVaulx@1.0:
502;intermediateVaulx@1.0:
1527;intermediateVaulx@1.0:
1019;intermediateVaulx@1.0:
252;intermediateVaulx@1.0:
768;intermediateLyon@1.0:
1280;intermediateLyon@1.0:
1;intermediateLyon@8.0:
514;intermediateLyon@1.0:
1538;intermediateLyon@1.0:
1030;intermediateLyon@1.0:
264;intermediateLyon@1.0:
1290;intermediateLyon@1.0:
779;intermediateLyon@1.0:
13;intermediateLyon@12.0:
525;intermediateLyon@1.0:
1549;intermediateLyon@1.0:
1041;intermediateLyon@1.0:
276;intermediateLyon@1.0:
1301;intermediateLyon@1.0:
791;intermediateLyon@1.0:
1559;intermediateLyon@1.0:
537;intermediateLyon@1.0:
26;intermediateLyon@12.0:
1052;intermediateLyon@1.0:
288;intermediateLyon@1.0:
1312;intermediateLyon@1.0:
1570;intermediateLyon@1.0:
803;intermediateLyon@1.0:
548;intermediateLyon@1.0:
39;intermediateLyon@12.0:
1063;intermediateLyon@1.0:
1323;intermediateLyon@1.0:
300;intermediateLyon@1.0:
814;intermediateLyon@1.0:
560;intermediateLyon@1.0:
1074;intermediateLyon@1.0:
53;intermediateLyon@12.0:
1333;intermediateLyon@1.0:
312;intermediateLyon@1.0:
826;intermediateLyon@1.0:
571;intermediateLyon@1.0:
1085;intermediateLyon@1.0:
1344;intermediateLyon@1.0:
66;intermediateLyon@12.0:
323;intermediateLyon@1.0:
837;intermediateLyon@1.0:
583;intermediateLyon@1.0:
1096;intermediateLyon@1.0:
1355;intermediateLyon@1.0:
334;intermediateLyon@1.0:
79;intermediateLyon@11.0:
593;intermediateLyon@1.0:
849;intermediateLyon@1.0:
1106;intermediateLyon@1.0:
1366;intermediateLyon@1.0:
345;intermediateLyon@1.0:
860;intermediateLyon@1.0:
605;intermediateLyon@1.0:
1117;intermediateLyon@1.0:
1377;intermediateLyon@1.0:
356;intermediateLyon@1.0:
102;intermediateLyon@1.0:
871;intermediateLyon@1.0:
616;intermediateLyon@1.0:
1128;intermediateLyon@1.0:
1388;intermediateLyon@1.0:
367;intermediateLyon@1.0:
113;intermediateLyon@1.0:
627;intermediateLyon@1.0:
883;intermediateLyon@1.0:
1139;intermediateLyon@1.0:
1398;intermediateLyon@1.0:
378;intermediateLyon@1.0:
126;intermediateLyon@1.0:
638;intermediateLyon@1.0:
894;intermediateLyon@1.0:
1150;intermediateLyon@1.0:
1409;intermediateLyon@1.0:
389;intermediateLyon@1.0:
137;intermediateLyon@1.0:
1161;intermediateLyon@1.0:
650;intermediateLyon@1.0:
906;intermediateLyon@1.0:
1420;intermediateLyon@1.0:
400;intermediateLyon@1.0:
1172;intermediateLyon@1.0:
661;intermediateLyon@1.0:
917;intermediateLyon@1.0:
150;intermediateLyon@1.0:
1431;intermediateLyon@1.0:
412;intermediateLyon@1.0:
1182;intermediateLyon@1.0:
928;intermediateLyon@1.0:
161;intermediateLyon@1.0:
673;intermediateLyon@1.0:
1441;intermediateLyon@1.0:
423;intermediateLyon@1.0:
1193;intermediateLyon@1.0:
940;intermediateLyon@1.0:
1452;intermediateLyon@1.0:
173;intermediateLyon@1.0:
685;intermediateLyon@1.0:
434;intermediateLyon@1.0:
1204;intermediateLyon@1.0:
951;intermediateLyon@1.0:
1463;intermediateLyon@1.0:
185;intermediateLyon@1.0:
697;intermediateLyon@1.0:
445;intermediateLyon@1.0:
1215;intermediateLyon@1.0:
1473;intermediateLyon@1.0:
963;intermediateLyon@1.0:
709;intermediateLyon@1.0:
456;intermediateLyon@1.0:
1225;intermediateLyon@1.0:
1484;intermediateLyon@1.0:
975;intermediateLyon@1.0:
720;intermediateLyon@1.0:
468;intermediateLyon@1.0:
1236;intermediateLyon@1.0:
1495;intermediateLyon@1.0:
218;intermediateLyon@1.0:
986;intermediateLyon@1.0:
733;intermediateLyon@1.0:
479;intermediateLyon@1.0:
1247;intermediateLyon@1.0:
1506;intermediateLyon@1.0:
229;intermediateLyon@1.0:
998;intermediateLyon@1.0:
744;intermediateLyon@1.0:
1258;intermediateLyon@1.0:
491;intermediateLyon@1.0:
1516;intermediateLyon@1.0:
241;intermediateLyon@1.0:
1009;intermediateLyon@1.0:
756;intermediateLyon@1.0:
1269;intermediateLyon@1.0:
502;intermediateLyon@1.0:
1527;intermediateLyon@1.0:
1019;intermediateLyon@1.0:
252;intermediateLyon@1.0:
