timestamp;actions
1;intermediateVilleurbanne@1.0:
130;intermediateVilleurbanne@1.0:
386;intermediateVilleurbanne@1.0:
642;intermediateVilleurbanne@1.0:
770;intermediateVilleurbanne@1.0:
517;intermediateVilleurbanne@1.0:
265;intermediateVilleurbanne@1.0:
12;intermediateVilleurbanne@1.0:
140;intermediateVilleurbanne@1.0:
397;intermediateVilleurbanne@1.0:
653;intermediateVilleurbanne@1.0:
781;intermediateVilleurbanne@1.0:
528;intermediateVilleurbanne@1.0:
277;intermediateVilleurbanne@1.0:
23;intermediateVilleurbanne@1.0:
407;intermediateVilleurbanne@1.0:
152;intermediateVilleurbanne@1.0:
664;intermediateVilleurbanne@1.0:
792;intermediateVilleurbanne@1.0:
540;intermediateVilleurbanne@1.0:
288;intermediateVilleurbanne@1.0:
33;intermediateVilleurbanne@1.0:
418;intermediateVilleurbanne@1.0:
674;intermediateVilleurbanne@1.0:
802;intermediateVilleurbanne@1.0:
163;intermediateVilleurbanne@1.0:
551;intermediateVilleurbanne@1.0:
299;intermediateVilleurbanne@1.0:
44;intermediateVilleurbanne@1.0:
429;intermediateVilleurbanne@1.0:
685;intermediateVilleurbanne@1.0:
813;intermediateVilleurbanne@1.0:
174;intermediateVilleurbanne@1.0:
562;intermediateVilleurbanne@1.0:
55;intermediateVilleurbanne@1.0:
311;intermediateVilleurbanne@1.0:
439;intermediateVilleurbanne@1.0:
696;intermediateVilleurbanne@1.0:
824;intermediateVilleurbanne@1.0:
185;intermediateVilleurbanne@1.0:
573;intermediateVilleurbanne@1.0:
66;intermediateVilleurbanne@1.0:
322;intermediateVilleurbanne@1.0:
450;intermediateVilleurbanne@1.0:
706;intermediateVilleurbanne@1.0:
835;intermediateVilleurbanne@1.0:
197;intermediateVilleurbanne@1.0:
585;intermediateVilleurbanne@1.0:
76;intermediateVilleurbanne@1.0:
332;intermediateVilleurbanne@1.0:
461;intermediateVilleurbanne@1.0:
717;intermediateVilleurbanne@1.0:
845;intermediateVilleurbanne@1.0:
208;intermediateVilleurbanne@1.0:
597;intermediateVilleurbanne@1.0:
87;intermediateVilleurbanne@1.0:
343;intermediateVilleurbanne@1.0:
472;intermediateVilleurbanne@1.0:
728;intermediateVilleurbanne@1.0:
856;intermediateVilleurbanne@1.0:
220;intermediateVilleurbanne@1.0:
609;intermediateVilleurbanne@1.0:
98;intermediateVilleurbanne@1.0:
354;intermediateVilleurbanne@1.0:
738;intermediateVilleurbanne@1.0:
483;intermediateVilleurbanne@1.0:
867;intermediateVilleurbanne@1.0:
231;intermediateVilleurbanne@1.0:
108;intermediateVilleurbanne@1.0:
620;intermediateVilleurbanne@1.0:
365;intermediateVilleurbanne@1.0:
749;intermediateVilleurbanne@1.0:
495;intermediateVilleurbanne@1.0:
243;intermediateVilleurbanne@1.0:
119;intermediateVilleurbanne@1.0:
375;intermediateVilleurbanne@1.0:
631;intermediateVilleurbanne@1.0:
760;intermediateVilleurbanne@1.0:
506;intermediateVilleurbanne@1.0:
254;intermediateVilleurbanne@1.0:
1;sink@1.0:
130;sink@1.0:
386;sink@1.0:
642;sink@1.0:
770;sink@1.0:
517;sink@1.0:
265;sink@1.0:
12;sink@1.0:
140;sink@1.0:
397;sink@1.0:
653;sink@1.0:
781;sink@1.0:
528;sink@1.0:
277;sink@1.0:
23;sink@1.0:
407;sink@1.0:
152;sink@1.0:
664;sink@1.0:
792;sink@1.0:
540;sink@1.0:
288;sink@1.0:
33;sink@1.0:
418;sink@1.0:
674;sink@1.0:
802;sink@1.0:
163;sink@1.0:
551;sink@1.0:
299;sink@1.0:
44;sink@1.0:
429;sink@1.0:
685;sink@1.0:
813;sink@1.0:
174;sink@1.0:
562;sink@1.0:
55;sink@1.0:
311;sink@1.0:
439;sink@1.0:
696;sink@1.0:
824;sink@1.0:
185;sink@1.0:
573;sink@1.0:
66;sink@1.0:
322;sink@1.0:
450;sink@1.0:
706;sink@1.0:
835;sink@1.0:
197;sink@1.0:
585;sink@1.0:
76;sink@1.0:
332;sink@1.0:
461;sink@1.0:
717;sink@1.0:
845;sink@1.0:
208;sink@1.0:
597;sink@1.0:
87;sink@1.0:
343;sink@1.0:
472;sink@1.0:
728;sink@1.0:
856;sink@1.0:
220;sink@1.0:
609;sink@1.0:
98;sink@1.0:
354;sink@1.0:
738;sink@1.0:
483;sink@1.0:
867;sink@1.0:
231;sink@1.0:
108;sink@1.0:
620;sink@1.0:
365;sink@1.0:
749;sink@1.0:
495;sink@1.0:
243;sink@1.0:
119;sink@1.0:
375;sink@1.0:
631;sink@1.0:
760;sink@1.0:
506;sink@1.0:
254;sink@1.0:
1;intermediateVaulx@1.0:
130;intermediateVaulx@1.0:
386;intermediateVaulx@1.0:
642;intermediateVaulx@1.0:
770;intermediateVaulx@1.0:
517;intermediateVaulx@1.0:
265;intermediateVaulx@1.0:
12;intermediateVaulx@1.0:
140;intermediateVaulx@1.0:
397;intermediateVaulx@1.0:
653;intermediateVaulx@1.0:
781;intermediateVaulx@1.0:
528;intermediateVaulx@1.0:
277;intermediateVaulx@1.0:
23;intermediateVaulx@1.0:
407;intermediateVaulx@1.0:
152;intermediateVaulx@1.0:
664;intermediateVaulx@1.0:
792;intermediateVaulx@1.0:
540;intermediateVaulx@1.0:
288;intermediateVaulx@1.0:
33;intermediateVaulx@1.0:
418;intermediateVaulx@1.0:
674;intermediateVaulx@1.0:
802;intermediateVaulx@1.0:
163;intermediateVaulx@1.0:
551;intermediateVaulx@1.0:
299;intermediateVaulx@1.0:
44;intermediateVaulx@1.0:
429;intermediateVaulx@1.0:
685;intermediateVaulx@1.0:
813;intermediateVaulx@1.0:
174;intermediateVaulx@1.0:
562;intermediateVaulx@1.0:
55;intermediateVaulx@1.0:
311;intermediateVaulx@1.0:
439;intermediateVaulx@1.0:
696;intermediateVaulx@1.0:
824;intermediateVaulx@1.0:
185;intermediateVaulx@1.0:
573;intermediateVaulx@1.0:
66;intermediateVaulx@1.0:
322;intermediateVaulx@1.0:
450;intermediateVaulx@1.0:
706;intermediateVaulx@1.0:
835;intermediateVaulx@1.0:
197;intermediateVaulx@1.0:
585;intermediateVaulx@1.0:
76;intermediateVaulx@1.0:
332;intermediateVaulx@1.0:
461;intermediateVaulx@1.0:
717;intermediateVaulx@1.0:
845;intermediateVaulx@1.0:
208;intermediateVaulx@1.0:
597;intermediateVaulx@1.0:
87;intermediateVaulx@1.0:
343;intermediateVaulx@1.0:
472;intermediateVaulx@1.0:
728;intermediateVaulx@1.0:
856;intermediateVaulx@1.0:
220;intermediateVaulx@1.0:
609;intermediateVaulx@1.0:
98;intermediateVaulx@1.0:
354;intermediateVaulx@1.0:
738;intermediateVaulx@1.0:
483;intermediateVaulx@1.0:
867;intermediateVaulx@1.0:
231;intermediateVaulx@1.0:
108;intermediateVaulx@1.0:
620;intermediateVaulx@1.0:
365;intermediateVaulx@1.0:
749;intermediateVaulx@1.0:
495;intermediateVaulx@1.0:
243;intermediateVaulx@1.0:
119;intermediateVaulx@1.0:
375;intermediateVaulx@1.0:
631;intermediateVaulx@1.0:
760;intermediateVaulx@1.0:
506;intermediateVaulx@1.0:
254;intermediateVaulx@1.0:
1;intermediateLyon@1.0:
130;intermediateLyon@1.0:
386;intermediateLyon@1.0:
642;intermediateLyon@1.0:
770;intermediateLyon@1.0:
517;intermediateLyon@1.0:
265;intermediateLyon@1.0:
12;intermediateLyon@1.0:
140;intermediateLyon@1.0:
397;intermediateLyon@1.0:
653;intermediateLyon@1.0:
781;intermediateLyon@1.0:
528;intermediateLyon@1.0:
277;intermediateLyon@1.0:
23;intermediateLyon@1.0:
407;intermediateLyon@1.0:
152;intermediateLyon@1.0:
664;intermediateLyon@1.0:
792;intermediateLyon@1.0:
540;intermediateLyon@1.0:
288;intermediateLyon@1.0:
33;intermediateLyon@1.0:
418;intermediateLyon@1.0:
674;intermediateLyon@1.0:
802;intermediateLyon@1.0:
163;intermediateLyon@1.0:
551;intermediateLyon@1.0:
299;intermediateLyon@1.0:
44;intermediateLyon@1.0:
429;intermediateLyon@1.0:
685;intermediateLyon@1.0:
813;intermediateLyon@1.0:
174;intermediateLyon@1.0:
562;intermediateLyon@1.0:
55;intermediateLyon@1.0:
311;intermediateLyon@1.0:
439;intermediateLyon@1.0:
696;intermediateLyon@1.0:
824;intermediateLyon@1.0:
185;intermediateLyon@1.0:
573;intermediateLyon@1.0:
66;intermediateLyon@1.0:
322;intermediateLyon@1.0:
450;intermediateLyon@1.0:
706;intermediateLyon@1.0:
835;intermediateLyon@1.0:
197;intermediateLyon@1.0:
585;intermediateLyon@1.0:
76;intermediateLyon@1.0:
332;intermediateLyon@1.0:
461;intermediateLyon@1.0:
717;intermediateLyon@1.0:
845;intermediateLyon@1.0:
208;intermediateLyon@1.0:
597;intermediateLyon@1.0:
87;intermediateLyon@1.0:
343;intermediateLyon@1.0:
472;intermediateLyon@1.0:
728;intermediateLyon@1.0:
856;intermediateLyon@1.0:
220;intermediateLyon@1.0:
609;intermediateLyon@1.0:
98;intermediateLyon@1.0:
354;intermediateLyon@1.0:
738;intermediateLyon@1.0:
483;intermediateLyon@1.0:
867;intermediateLyon@1.0:
231;intermediateLyon@1.0:
108;intermediateLyon@1.0:
620;intermediateLyon@1.0:
365;intermediateLyon@1.0:
749;intermediateLyon@1.0:
495;intermediateLyon@1.0:
243;intermediateLyon@1.0:
119;intermediateLyon@1.0:
375;intermediateLyon@1.0:
631;intermediateLyon@1.0:
760;intermediateLyon@1.0:
506;intermediateLyon@1.0:
254;intermediateLyon@1.0:
