timestamp;actions
1;intermediateVilleurbanne@1.0:
641;intermediateVilleurbanne@1.0:
131;intermediateVilleurbanne@1.0:
388;intermediateVilleurbanne@1.0:
517;intermediateVilleurbanne@1.0:
774;intermediateVilleurbanne@1.0:
264;intermediateVilleurbanne@1.0:
12;intermediateVilleurbanne@1.0:
141;intermediateVilleurbanne@1.0:
653;intermediateVilleurbanne@1.0:
399;intermediateVilleurbanne@1.0:
528;intermediateVilleurbanne@1.0:
785;intermediateVilleurbanne@1.0:
276;intermediateVilleurbanne@1.0:
23;intermediateVilleurbanne@1.0:
152;intermediateVilleurbanne@1.0:
664;intermediateVilleurbanne@1.0:
410;intermediateVilleurbanne@1.0:
540;intermediateVilleurbanne@1.0:
796;intermediateVilleurbanne@1.0:
287;intermediateVilleurbanne@1.0:
34;intermediateVilleurbanne@1.0:
675;intermediateVilleurbanne@1.0:
421;intermediateVilleurbanne@1.0:
806;intermediateVilleurbanne@1.0:
299;intermediateVilleurbanne@1.0:
44;intermediateVilleurbanne@1.0:
431;intermediateVilleurbanne@1.0:
687;intermediateVilleurbanne@1.0:
817;intermediateVilleurbanne@1.0:
310;intermediateVilleurbanne@1.0:
55;intermediateVilleurbanne@1.0:
185;intermediateVilleurbanne@1.0:
442;intermediateVilleurbanne@1.0:
698;intermediateVilleurbanne@1.0:
572;intermediateVilleurbanne@1.0:
828;intermediateVilleurbanne@1.0:
321;intermediateVilleurbanne@1.0:
66;intermediateVilleurbanne@1.0:
196;intermediateVilleurbanne@1.0:
453;intermediateVilleurbanne@1.0:
710;intermediateVilleurbanne@1.0:
838;intermediateVilleurbanne@1.0:
583;intermediateVilleurbanne@1.0:
332;intermediateVilleurbanne@1.0:
77;intermediateVilleurbanne@1.0:
463;intermediateVilleurbanne@1.0:
208;intermediateVilleurbanne@1.0:
721;intermediateVilleurbanne@1.0:
849;intermediateVilleurbanne@1.0:
595;intermediateVilleurbanne@1.0:
88;intermediateVilleurbanne@1.0:
344;intermediateVilleurbanne@1.0:
474;intermediateVilleurbanne@1.0:
219;intermediateVilleurbanne@1.0:
732;intermediateVilleurbanne@1.0:
860;intermediateVilleurbanne@1.0:
606;intermediateVilleurbanne@1.0:
98;intermediateVilleurbanne@1.0:
355;intermediateVilleurbanne@1.0:
485;intermediateVilleurbanne@1.0:
231;intermediateVilleurbanne@1.0:
871;intermediateVilleurbanne@1.0:
618;intermediateVilleurbanne@1.0:
109;intermediateVilleurbanne@1.0:
366;intermediateVilleurbanne@1.0:
496;intermediateVilleurbanne@1.0:
242;intermediateVilleurbanne@1.0:
629;intermediateVilleurbanne@1.0:
120;intermediateVilleurbanne@1.0:
377;intermediateVilleurbanne@1.0:
506;intermediateVilleurbanne@1.0:
763;intermediateVilleurbanne@1.0:
1;sink@1.0:
641;sink@4.0:
131;sink@1.0:
388;sink@6.0:
517;sink@1.0:
774;sink@1.0:
264;sink@5.0:
12;sink@1.0:
141;sink@1.0:
653;sink@4.0:
528;sink@1.0:
785;sink@1.0:
276;sink@5.0:
23;sink@1.0:
152;sink@1.0:
664;sink@4.0:
540;sink@1.0:
796;sink@1.0:
287;sink@5.0:
34;sink@1.0:
675;sink@4.0:
421;sink@1.0:
806;sink@1.0:
299;sink@5.0:
44;sink@1.0:
174;sink@2.0:
431;sink@1.0:
687;sink@4.0:
561;sink@3.0:
817;sink@1.0:
310;sink@5.0:
55;sink@1.0:
185;sink@3.0:
442;sink@1.0:
698;sink@4.0:
572;sink@4.0:
828;sink@1.0:
321;sink@1.0:
66;sink@1.0:
196;sink@3.0:
453;sink@1.0:
710;sink@4.0:
838;sink@1.0:
583;sink@4.0:
332;sink@6.0:
77;sink@1.0:
463;sink@1.0:
208;sink@3.0:
721;sink@4.0:
849;sink@1.0:
595;sink@4.0:
88;sink@1.0:
344;sink@6.0:
474;sink@1.0:
219;sink@3.0:
732;sink@4.0:
860;sink@1.0:
606;sink@4.0:
98;sink@1.0:
355;sink@6.0:
485;sink@1.0:
231;sink@3.0:
871;sink@1.0:
618;sink@4.0:
109;sink@1.0:
366;sink@6.0:
496;sink@1.0:
242;sink@3.0:
629;sink@4.0:
120;sink@1.0:
377;sink@6.0:
506;sink@1.0:
763;sink@1.0:
1;intermediateVaulx@1.0:
641;intermediateVaulx@1.0:
131;intermediateVaulx@1.0:
388;intermediateVaulx@1.0:
517;intermediateVaulx@1.0:
774;intermediateVaulx@1.0:
264;intermediateVaulx@1.0:
12;intermediateVaulx@1.0:
141;intermediateVaulx@1.0:
653;intermediateVaulx@1.0:
399;intermediateVaulx@1.0:
528;intermediateVaulx@1.0:
785;intermediateVaulx@1.0:
276;intermediateVaulx@1.0:
23;intermediateVaulx@1.0:
152;intermediateVaulx@1.0:
664;intermediateVaulx@1.0:
410;intermediateVaulx@1.0:
540;intermediateVaulx@1.0:
796;intermediateVaulx@1.0:
287;intermediateVaulx@1.0:
34;intermediateVaulx@1.0:
675;intermediateVaulx@1.0:
421;intermediateVaulx@1.0:
806;intermediateVaulx@1.0:
299;intermediateVaulx@1.0:
44;intermediateVaulx@1.0:
431;intermediateVaulx@1.0:
687;intermediateVaulx@1.0:
817;intermediateVaulx@1.0:
310;intermediateVaulx@1.0:
55;intermediateVaulx@1.0:
185;intermediateVaulx@1.0:
442;intermediateVaulx@1.0:
698;intermediateVaulx@1.0:
572;intermediateVaulx@1.0:
828;intermediateVaulx@1.0:
321;intermediateVaulx@1.0:
66;intermediateVaulx@1.0:
196;intermediateVaulx@1.0:
453;intermediateVaulx@1.0:
710;intermediateVaulx@1.0:
838;intermediateVaulx@1.0:
583;intermediateVaulx@1.0:
332;intermediateVaulx@1.0:
77;intermediateVaulx@1.0:
463;intermediateVaulx@1.0:
208;intermediateVaulx@1.0:
721;intermediateVaulx@1.0:
849;intermediateVaulx@1.0:
595;intermediateVaulx@1.0:
88;intermediateVaulx@1.0:
344;intermediateVaulx@1.0:
474;intermediateVaulx@1.0:
219;intermediateVaulx@1.0:
732;intermediateVaulx@1.0:
860;intermediateVaulx@1.0:
606;intermediateVaulx@1.0:
98;intermediateVaulx@1.0:
355;intermediateVaulx@1.0:
485;intermediateVaulx@1.0:
231;intermediateVaulx@1.0:
871;intermediateVaulx@1.0:
618;intermediateVaulx@1.0:
109;intermediateVaulx@1.0:
366;intermediateVaulx@1.0:
496;intermediateVaulx@1.0:
242;intermediateVaulx@1.0:
629;intermediateVaulx@1.0:
120;intermediateVaulx@1.0:
377;intermediateVaulx@1.0:
506;intermediateVaulx@1.0:
763;intermediateVaulx@1.0:
1;intermediateLyon@1.0:
641;intermediateLyon@1.0:
131;intermediateLyon@1.0:
388;intermediateLyon@1.0:
517;intermediateLyon@1.0:
774;intermediateLyon@1.0:
264;intermediateLyon@1.0:
12;intermediateLyon@1.0:
141;intermediateLyon@1.0:
653;intermediateLyon@1.0:
528;intermediateLyon@1.0:
785;intermediateLyon@1.0:
276;intermediateLyon@1.0:
23;intermediateLyon@1.0:
152;intermediateLyon@1.0:
664;intermediateLyon@1.0:
540;intermediateLyon@1.0:
796;intermediateLyon@1.0:
287;intermediateLyon@1.0:
34;intermediateLyon@1.0:
163;intermediateLyon@1.0:
675;intermediateLyon@1.0:
421;intermediateLyon@1.0:
550;intermediateLyon@1.0:
806;intermediateLyon@1.0:
299;intermediateLyon@1.0:
44;intermediateLyon@1.0:
174;intermediateLyon@1.0:
431;intermediateLyon@1.0:
687;intermediateLyon@1.0:
561;intermediateLyon@1.0:
817;intermediateLyon@1.0:
310;intermediateLyon@1.0:
55;intermediateLyon@1.0:
185;intermediateLyon@1.0:
442;intermediateLyon@1.0:
698;intermediateLyon@1.0:
572;intermediateLyon@1.0:
828;intermediateLyon@1.0:
66;intermediateLyon@1.0:
196;intermediateLyon@1.0:
453;intermediateLyon@1.0:
710;intermediateLyon@1.0:
838;intermediateLyon@1.0:
583;intermediateLyon@1.0:
332;intermediateLyon@1.0:
77;intermediateLyon@1.0:
463;intermediateLyon@1.0:
208;intermediateLyon@1.0:
721;intermediateLyon@1.0:
849;intermediateLyon@1.0:
595;intermediateLyon@1.0:
88;intermediateLyon@1.0:
344;intermediateLyon@1.0:
474;intermediateLyon@1.0:
219;intermediateLyon@1.0:
732;intermediateLyon@1.0:
860;intermediateLyon@1.0:
606;intermediateLyon@1.0:
98;intermediateLyon@1.0:
355;intermediateLyon@1.0:
485;intermediateLyon@1.0:
231;intermediateLyon@1.0:
871;intermediateLyon@1.0:
618;intermediateLyon@1.0:
109;intermediateLyon@1.0:
366;intermediateLyon@1.0:
496;intermediateLyon@1.0:
242;intermediateLyon@1.0:
629;intermediateLyon@1.0:
120;intermediateLyon@1.0:
377;intermediateLyon@1.0:
506;intermediateLyon@1.0:
763;intermediateLyon@1.0:
