timestamp;actions
1;intermediateVilleurbanne@1.0:
771;intermediateVilleurbanne@1.0:
1027;intermediateVilleurbanne@1.0:
1286;intermediateVilleurbanne@1.0:
519;intermediateVilleurbanne@1.0:
266;intermediateVilleurbanne@1.0:
12;intermediateVilleurbanne@1.0:
1038;intermediateVilleurbanne@1.0:
783;intermediateVilleurbanne@1.0:
1298;intermediateVilleurbanne@1.0:
531;intermediateVilleurbanne@1.0:
277;intermediateVilleurbanne@1.0:
23;intermediateVilleurbanne@1.0:
1048;intermediateVilleurbanne@1.0:
795;intermediateVilleurbanne@1.0:
1308;intermediateVilleurbanne@1.0:
542;intermediateVilleurbanne@1.0:
288;intermediateVilleurbanne@1.0:
35;intermediateVilleurbanne@1.0:
1059;intermediateVilleurbanne@1.0:
806;intermediateVilleurbanne@1.0:
1319;intermediateVilleurbanne@1.0:
554;intermediateVilleurbanne@1.0:
300;intermediateVilleurbanne@1.0:
46;intermediateVilleurbanne@1.0:
1070;intermediateVilleurbanne@1.0:
817;intermediateVilleurbanne@1.0:
1330;intermediateVilleurbanne@1.0:
566;intermediateVilleurbanne@1.0:
311;intermediateVilleurbanne@1.0:
57;intermediateVilleurbanne@1.0:
1081;intermediateVilleurbanne@1.0:
829;intermediateVilleurbanne@1.0:
1341;intermediateVilleurbanne@1.0:
577;intermediateVilleurbanne@1.0:
322;intermediateVilleurbanne@1.0:
68;intermediateVilleurbanne@1.0:
1092;intermediateVilleurbanne@1.0:
840;intermediateVilleurbanne@1.0:
1352;intermediateVilleurbanne@1.0:
588;intermediateVilleurbanne@1.0:
333;intermediateVilleurbanne@1.0:
78;intermediateVilleurbanne@1.0:
1103;intermediateVilleurbanne@1.0:
1362;intermediateVilleurbanne@1.0:
852;intermediateVilleurbanne@1.0:
599;intermediateVilleurbanne@1.0:
89;intermediateVilleurbanne@1.0:
345;intermediateVilleurbanne@1.0:
1113;intermediateVilleurbanne@1.0:
1373;intermediateVilleurbanne@1.0:
863;intermediateVilleurbanne@1.0:
610;intermediateVilleurbanne@1.0:
100;intermediateVilleurbanne@1.0:
356;intermediateVilleurbanne@1.0:
1124;intermediateVilleurbanne@1.0:
1384;intermediateVilleurbanne@1.0:
875;intermediateVilleurbanne@1.0:
622;intermediateVilleurbanne@1.0:
111;intermediateVilleurbanne@1.0:
1135;intermediateVilleurbanne@1.0:
368;intermediateVilleurbanne@1.0:
1395;intermediateVilleurbanne@1.0:
886;intermediateVilleurbanne@1.0:
633;intermediateVilleurbanne@1.0:
122;intermediateVilleurbanne@1.0:
1146;intermediateVilleurbanne@1.0:
380;intermediateVilleurbanne@1.0:
1405;intermediateVilleurbanne@1.0:
897;intermediateVilleurbanne@1.0:
133;intermediateVilleurbanne@1.0:
645;intermediateVilleurbanne@1.0:
1157;intermediateVilleurbanne@1.0:
391;intermediateVilleurbanne@1.0:
1416;intermediateVilleurbanne@1.0:
908;intermediateVilleurbanne@1.0:
144;intermediateVilleurbanne@1.0:
656;intermediateVilleurbanne@1.0:
1168;intermediateVilleurbanne@1.0:
403;intermediateVilleurbanne@1.0:
1427;intermediateVilleurbanne@1.0:
919;intermediateVilleurbanne@1.0:
1178;intermediateVilleurbanne@1.0:
155;intermediateVilleurbanne@1.0:
668;intermediateVilleurbanne@1.0:
1437;intermediateVilleurbanne@1.0:
414;intermediateVilleurbanne@1.0:
930;intermediateVilleurbanne@1.0:
1189;intermediateVilleurbanne@1.0:
166;intermediateVilleurbanne@1.0:
679;intermediateVilleurbanne@1.0:
1448;intermediateVilleurbanne@1.0:
426;intermediateVilleurbanne@1.0:
940;intermediateVilleurbanne@1.0:
1200;intermediateVilleurbanne@1.0:
177;intermediateVilleurbanne@1.0:
691;intermediateVilleurbanne@1.0:
1459;intermediateVilleurbanne@1.0:
437;intermediateVilleurbanne@1.0:
951;intermediateVilleurbanne@1.0:
1211;intermediateVilleurbanne@1.0:
189;intermediateVilleurbanne@1.0:
702;intermediateVilleurbanne@1.0:
1470;intermediateVilleurbanne@1.0:
449;intermediateVilleurbanne@1.0:
962;intermediateVilleurbanne@1.0:
1222;intermediateVilleurbanne@1.0:
199;intermediateVilleurbanne@1.0:
714;intermediateVilleurbanne@1.0:
460;intermediateVilleurbanne@1.0:
973;intermediateVilleurbanne@1.0:
1232;intermediateVilleurbanne@1.0:
211;intermediateVilleurbanne@1.0:
725;intermediateVilleurbanne@1.0:
472;intermediateVilleurbanne@1.0:
984;intermediateVilleurbanne@1.0:
1243;intermediateVilleurbanne@1.0:
222;intermediateVilleurbanne@1.0:
736;intermediateVilleurbanne@1.0:
995;intermediateVilleurbanne@1.0:
484;intermediateVilleurbanne@1.0:
1254;intermediateVilleurbanne@1.0:
233;intermediateVilleurbanne@1.0:
748;intermediateVilleurbanne@1.0:
1005;intermediateVilleurbanne@1.0:
496;intermediateVilleurbanne@1.0:
1265;intermediateVilleurbanne@1.0:
244;intermediateVilleurbanne@1.0:
760;intermediateVilleurbanne@1.0:
1016;intermediateVilleurbanne@1.0:
1275;intermediateVilleurbanne@1.0:
508;intermediateVilleurbanne@1.0:
255;intermediateVilleurbanne@1.0:
1;sink@1.0:
771;sink@4.0:
1027;sink@1.0:
1286;sink@1.0:
519;sink@4.0:
-9;sink@1.0:
266;sink@2.0:
12;sink@1.0:
1038;sink@1.0:
783;sink@4.0:
1298;sink@1.0:
531;sink@4.0:
277;sink@2.0:
23;sink@1.0:
1048;sink@1.0:
795;sink@4.0:
1308;sink@1.0:
542;sink@4.0:
288;sink@2.0:
35;sink@1.0:
1059;sink@1.0:
806;sink@4.0:
1319;sink@1.0:
554;sink@4.0:
300;sink@2.0:
46;sink@1.0:
1070;sink@1.0:
817;sink@4.0:
1330;sink@1.0:
566;sink@4.0:
311;sink@2.0:
57;sink@1.0:
1081;sink@1.0:
829;sink@4.0:
1341;sink@1.0:
322;sink@2.0:
68;sink@1.0:
1092;sink@1.0:
840;sink@4.0:
1352;sink@1.0:
588;sink@1.0:
333;sink@2.0:
78;sink@1.0:
1103;sink@1.0:
1362;sink@1.0:
852;sink@4.0:
599;sink@1.0:
89;sink@1.0:
345;sink@1.0:
1113;sink@1.0:
1373;sink@1.0:
863;sink@4.0:
610;sink@1.0:
100;sink@1.0:
356;sink@3.0:
1124;sink@1.0:
1384;sink@1.0:
875;sink@4.0:
622;sink@1.0:
111;sink@1.0:
1135;sink@1.0:
368;sink@3.0:
1395;sink@1.0:
633;sink@1.0:
122;sink@1.0:
1146;sink@1.0:
380;sink@3.0:
1405;sink@1.0:
897;sink@1.0:
133;sink@1.0:
645;sink@2.0:
1157;sink@1.0:
391;sink@3.0:
1416;sink@1.0:
908;sink@1.0:
144;sink@1.0:
656;sink@4.0:
1168;sink@1.0:
403;sink@3.0:
1427;sink@1.0:
919;sink@1.0:
1178;sink@1.0:
155;sink@1.0:
668;sink@4.0:
1437;sink@1.0:
414;sink@3.0:
930;sink@1.0:
1189;sink@1.0:
166;sink@1.0:
679;sink@4.0:
1448;sink@1.0:
426;sink@3.0:
940;sink@1.0:
1200;sink@1.0:
177;sink@2.0:
691;sink@4.0:
1459;sink@1.0:
437;sink@4.0:
951;sink@1.0:
1211;sink@1.0:
189;sink@2.0:
702;sink@4.0:
1470;sink@1.0:
449;sink@4.0:
962;sink@1.0:
1222;sink@1.0:
199;sink@2.0:
714;sink@4.0:
460;sink@4.0:
973;sink@1.0:
1232;sink@1.0:
211;sink@2.0:
725;sink@4.0:
472;sink@4.0:
984;sink@1.0:
1243;sink@1.0:
222;sink@2.0:
736;sink@4.0:
995;sink@1.0:
484;sink@4.0:
1254;sink@1.0:
233;sink@2.0:
748;sink@4.0:
1005;sink@1.0:
496;sink@4.0:
1265;sink@1.0:
244;sink@2.0:
760;sink@4.0:
1016;sink@1.0:
1275;sink@1.0:
508;sink@4.0:
255;sink@2.0:
1;intermediateVaulx@1.0:
771;intermediateVaulx@1.0:
1027;intermediateVaulx@1.0:
1286;intermediateVaulx@1.0:
519;intermediateVaulx@1.0:
266;intermediateVaulx@1.0:
12;intermediateVaulx@1.0:
1038;intermediateVaulx@1.0:
783;intermediateVaulx@1.0:
1298;intermediateVaulx@1.0:
531;intermediateVaulx@1.0:
277;intermediateVaulx@1.0:
23;intermediateVaulx@1.0:
1048;intermediateVaulx@1.0:
795;intermediateVaulx@1.0:
1308;intermediateVaulx@1.0:
542;intermediateVaulx@1.0:
288;intermediateVaulx@1.0:
35;intermediateVaulx@1.0:
1059;intermediateVaulx@1.0:
806;intermediateVaulx@1.0:
1319;intermediateVaulx@1.0:
554;intermediateVaulx@1.0:
300;intermediateVaulx@1.0:
46;intermediateVaulx@1.0:
1070;intermediateVaulx@1.0:
817;intermediateVaulx@1.0:
1330;intermediateVaulx@1.0:
566;intermediateVaulx@1.0:
311;intermediateVaulx@1.0:
57;intermediateVaulx@1.0:
1081;intermediateVaulx@1.0:
829;intermediateVaulx@1.0:
1341;intermediateVaulx@1.0:
577;intermediateVaulx@1.0:
322;intermediateVaulx@1.0:
68;intermediateVaulx@1.0:
1092;intermediateVaulx@1.0:
840;intermediateVaulx@1.0:
1352;intermediateVaulx@1.0:
588;intermediateVaulx@1.0:
333;intermediateVaulx@1.0:
78;intermediateVaulx@1.0:
1103;intermediateVaulx@1.0:
1362;intermediateVaulx@1.0:
852;intermediateVaulx@1.0:
599;intermediateVaulx@1.0:
89;intermediateVaulx@1.0:
345;intermediateVaulx@1.0:
1113;intermediateVaulx@1.0:
1373;intermediateVaulx@1.0:
863;intermediateVaulx@1.0:
610;intermediateVaulx@1.0:
100;intermediateVaulx@1.0:
356;intermediateVaulx@1.0:
1124;intermediateVaulx@1.0:
1384;intermediateVaulx@1.0:
875;intermediateVaulx@1.0:
622;intermediateVaulx@1.0:
111;intermediateVaulx@1.0:
1135;intermediateVaulx@1.0:
368;intermediateVaulx@1.0:
1395;intermediateVaulx@1.0:
886;intermediateVaulx@1.0:
633;intermediateVaulx@1.0:
122;intermediateVaulx@1.0:
1146;intermediateVaulx@1.0:
380;intermediateVaulx@1.0:
1405;intermediateVaulx@1.0:
897;intermediateVaulx@1.0:
133;intermediateVaulx@1.0:
645;intermediateVaulx@1.0:
1157;intermediateVaulx@1.0:
391;intermediateVaulx@1.0:
1416;intermediateVaulx@1.0:
908;intermediateVaulx@1.0:
144;intermediateVaulx@1.0:
656;intermediateVaulx@1.0:
1168;intermediateVaulx@1.0:
403;intermediateVaulx@1.0:
1427;intermediateVaulx@1.0:
919;intermediateVaulx@1.0:
1178;intermediateVaulx@1.0:
155;intermediateVaulx@1.0:
668;intermediateVaulx@1.0:
1437;intermediateVaulx@1.0:
414;intermediateVaulx@1.0:
930;intermediateVaulx@1.0:
1189;intermediateVaulx@1.0:
166;intermediateVaulx@1.0:
679;intermediateVaulx@1.0:
1448;intermediateVaulx@1.0:
426;intermediateVaulx@1.0:
940;intermediateVaulx@1.0:
1200;intermediateVaulx@1.0:
177;intermediateVaulx@1.0:
691;intermediateVaulx@1.0:
1459;intermediateVaulx@1.0:
437;intermediateVaulx@1.0:
951;intermediateVaulx@1.0:
1211;intermediateVaulx@1.0:
189;intermediateVaulx@1.0:
702;intermediateVaulx@1.0:
1470;intermediateVaulx@1.0:
449;intermediateVaulx@1.0:
962;intermediateVaulx@1.0:
1222;intermediateVaulx@1.0:
199;intermediateVaulx@1.0:
714;intermediateVaulx@1.0:
460;intermediateVaulx@1.0:
973;intermediateVaulx@1.0:
1232;intermediateVaulx@1.0:
211;intermediateVaulx@1.0:
725;intermediateVaulx@1.0:
472;intermediateVaulx@1.0:
984;intermediateVaulx@1.0:
1243;intermediateVaulx@1.0:
222;intermediateVaulx@1.0:
736;intermediateVaulx@1.0:
995;intermediateVaulx@1.0:
484;intermediateVaulx@1.0:
1254;intermediateVaulx@1.0:
233;intermediateVaulx@1.0:
748;intermediateVaulx@1.0:
1005;intermediateVaulx@1.0:
496;intermediateVaulx@1.0:
1265;intermediateVaulx@1.0:
244;intermediateVaulx@1.0:
760;intermediateVaulx@1.0:
1016;intermediateVaulx@1.0:
1275;intermediateVaulx@1.0:
508;intermediateVaulx@1.0:
255;intermediateVaulx@1.0:
1;intermediateLyon@1.0:
771;intermediateLyon@1.0:
1027;intermediateLyon@1.0:
1286;intermediateLyon@1.0:
519;intermediateLyon@1.0:
266;intermediateLyon@1.0:
12;intermediateLyon@1.0:
1038;intermediateLyon@1.0:
783;intermediateLyon@1.0:
1298;intermediateLyon@1.0:
531;intermediateLyon@1.0:
277;intermediateLyon@1.0:
23;intermediateLyon@1.0:
1048;intermediateLyon@1.0:
795;intermediateLyon@1.0:
1308;intermediateLyon@1.0:
542;intermediateLyon@1.0:
288;intermediateLyon@1.0:
35;intermediateLyon@1.0:
1059;intermediateLyon@1.0:
806;intermediateLyon@1.0:
1319;intermediateLyon@1.0:
554;intermediateLyon@1.0:
300;intermediateLyon@1.0:
46;intermediateLyon@1.0:
1070;intermediateLyon@1.0:
817;intermediateLyon@1.0:
1330;intermediateLyon@1.0:
566;intermediateLyon@1.0:
311;intermediateLyon@1.0:
57;intermediateLyon@1.0:
1081;intermediateLyon@1.0:
829;intermediateLyon@1.0:
1341;intermediateLyon@1.0:
577;intermediateLyon@1.0:
322;intermediateLyon@1.0:
68;intermediateLyon@1.0:
1092;intermediateLyon@1.0:
840;intermediateLyon@1.0:
1352;intermediateLyon@1.0:
588;intermediateLyon@1.0:
333;intermediateLyon@1.0:
78;intermediateLyon@1.0:
1103;intermediateLyon@1.0:
1362;intermediateLyon@1.0:
852;intermediateLyon@1.0:
599;intermediateLyon@1.0:
89;intermediateLyon@1.0:
345;intermediateLyon@1.0:
1113;intermediateLyon@1.0:
1373;intermediateLyon@1.0:
863;intermediateLyon@1.0:
610;intermediateLyon@1.0:
100;intermediateLyon@1.0:
356;intermediateLyon@1.0:
1124;intermediateLyon@1.0:
1384;intermediateLyon@1.0:
875;intermediateLyon@1.0:
622;intermediateLyon@1.0:
111;intermediateLyon@1.0:
1135;intermediateLyon@1.0:
368;intermediateLyon@1.0:
1395;intermediateLyon@1.0:
886;intermediateLyon@1.0:
633;intermediateLyon@1.0:
122;intermediateLyon@1.0:
1146;intermediateLyon@1.0:
380;intermediateLyon@1.0:
1405;intermediateLyon@1.0:
897;intermediateLyon@1.0:
133;intermediateLyon@1.0:
645;intermediateLyon@1.0:
1157;intermediateLyon@1.0:
391;intermediateLyon@1.0:
1416;intermediateLyon@1.0:
908;intermediateLyon@1.0:
144;intermediateLyon@1.0:
656;intermediateLyon@1.0:
1168;intermediateLyon@1.0:
403;intermediateLyon@1.0:
1427;intermediateLyon@1.0:
919;intermediateLyon@1.0:
1178;intermediateLyon@1.0:
155;intermediateLyon@1.0:
668;intermediateLyon@1.0:
1437;intermediateLyon@1.0:
414;intermediateLyon@1.0:
930;intermediateLyon@1.0:
1189;intermediateLyon@1.0:
166;intermediateLyon@1.0:
679;intermediateLyon@1.0:
1448;intermediateLyon@1.0:
426;intermediateLyon@1.0:
940;intermediateLyon@1.0:
1200;intermediateLyon@1.0:
177;intermediateLyon@1.0:
691;intermediateLyon@1.0:
1459;intermediateLyon@1.0:
437;intermediateLyon@1.0:
951;intermediateLyon@1.0:
1211;intermediateLyon@1.0:
189;intermediateLyon@1.0:
702;intermediateLyon@1.0:
1470;intermediateLyon@1.0:
449;intermediateLyon@1.0:
962;intermediateLyon@1.0:
1222;intermediateLyon@1.0:
199;intermediateLyon@1.0:
714;intermediateLyon@1.0:
460;intermediateLyon@1.0:
973;intermediateLyon@1.0:
1232;intermediateLyon@1.0:
211;intermediateLyon@1.0:
725;intermediateLyon@1.0:
472;intermediateLyon@1.0:
984;intermediateLyon@1.0:
1243;intermediateLyon@1.0:
222;intermediateLyon@1.0:
736;intermediateLyon@1.0:
995;intermediateLyon@1.0:
484;intermediateLyon@1.0:
1254;intermediateLyon@1.0:
233;intermediateLyon@1.0:
748;intermediateLyon@1.0:
1005;intermediateLyon@1.0:
496;intermediateLyon@1.0:
1265;intermediateLyon@1.0:
244;intermediateLyon@1.0:
760;intermediateLyon@1.0:
1016;intermediateLyon@1.0:
1275;intermediateLyon@1.0:
508;intermediateLyon@1.0:
255;intermediateLyon@1.0:
timestamp;actions
1;intermediateVilleurbanne@1.0:
1025;intermediateVilleurbanne@1.0:
515;intermediateVilleurbanne@1.0:
1283;intermediateVilleurbanne@1.0:
776;intermediateVilleurbanne@1.0:
266;intermediateVilleurbanne@1.0:
1036;intermediateVilleurbanne@1.0:
13;intermediateVilleurbanne@1.0:
526;intermediateVilleurbanne@1.0:
1294;intermediateVilleurbanne@1.0:
787;intermediateVilleurbanne@1.0:
277;intermediateVilleurbanne@1.0:
1046;intermediateVilleurbanne@1.0:
24;intermediateVilleurbanne@1.0:
1305;intermediateVilleurbanne@1.0:
538;intermediateVilleurbanne@1.0:
798;intermediateVilleurbanne@1.0:
288;intermediateVilleurbanne@1.0:
1057;intermediateVilleurbanne@1.0:
35;intermediateVilleurbanne@1.0:
1315;intermediateVilleurbanne@1.0:
549;intermediateVilleurbanne@1.0:
809;intermediateVilleurbanne@1.0:
299;intermediateVilleurbanne@1.0:
1068;intermediateVilleurbanne@1.0:
46;intermediateVilleurbanne@1.0:
1326;intermediateVilleurbanne@1.0:
561;intermediateVilleurbanne@1.0:
820;intermediateVilleurbanne@1.0:
310;intermediateVilleurbanne@1.0:
1079;intermediateVilleurbanne@1.0:
57;intermediateVilleurbanne@1.0:
1337;intermediateVilleurbanne@1.0:
572;intermediateVilleurbanne@1.0:
831;intermediateVilleurbanne@1.0:
321;intermediateVilleurbanne@1.0:
1089;intermediateVilleurbanne@1.0:
1347;intermediateVilleurbanne@1.0:
68;intermediateVilleurbanne@1.0:
584;intermediateVilleurbanne@1.0:
842;intermediateVilleurbanne@1.0:
332;intermediateVilleurbanne@1.0:
1100;intermediateVilleurbanne@1.0:
1358;intermediateVilleurbanne@1.0:
79;intermediateVilleurbanne@1.0:
595;intermediateVilleurbanne@1.0:
853;intermediateVilleurbanne@1.0:
1111;intermediateVilleurbanne@1.0:
344;intermediateVilleurbanne@1.0:
1369;intermediateVilleurbanne@1.0:
90;intermediateVilleurbanne@1.0:
606;intermediateVilleurbanne@1.0:
863;intermediateVilleurbanne@1.0:
1122;intermediateVilleurbanne@1.0:
355;intermediateVilleurbanne@1.0:
1379;intermediateVilleurbanne@1.0:
101;intermediateVilleurbanne@1.0:
617;intermediateVilleurbanne@1.0:
874;intermediateVilleurbanne@1.0:
1132;intermediateVilleurbanne@1.0:
1390;intermediateVilleurbanne@1.0:
367;intermediateVilleurbanne@1.0:
112;intermediateVilleurbanne@1.0:
628;intermediateVilleurbanne@1.0:
885;intermediateVilleurbanne@1.0:
1143;intermediateVilleurbanne@1.0:
1400;intermediateVilleurbanne@1.0:
378;intermediateVilleurbanne@1.0:
123;intermediateVilleurbanne@1.0:
640;intermediateVilleurbanne@1.0:
896;intermediateVilleurbanne@1.0:
1154;intermediateVilleurbanne@1.0:
1411;intermediateVilleurbanne@1.0:
133;intermediateVilleurbanne@1.0:
390;intermediateVilleurbanne@1.0:
906;intermediateVilleurbanne@1.0:
651;intermediateVilleurbanne@1.0:
1165;intermediateVilleurbanne@1.0:
1422;intermediateVilleurbanne@1.0:
144;intermediateVilleurbanne@1.0:
401;intermediateVilleurbanne@1.0:
917;intermediateVilleurbanne@1.0:
663;intermediateVilleurbanne@1.0:
1176;intermediateVilleurbanne@1.0:
1432;intermediateVilleurbanne@1.0:
155;intermediateVilleurbanne@1.0:
413;intermediateVilleurbanne@1.0:
928;intermediateVilleurbanne@1.0:
674;intermediateVilleurbanne@1.0:
1187;intermediateVilleurbanne@1.0:
1443;intermediateVilleurbanne@1.0:
167;intermediateVilleurbanne@1.0:
424;intermediateVilleurbanne@1.0:
939;intermediateVilleurbanne@1.0:
685;intermediateVilleurbanne@1.0:
1197;intermediateVilleurbanne@1.0:
1454;intermediateVilleurbanne@1.0:
177;intermediateVilleurbanne@1.0:
435;intermediateVilleurbanne@1.0:
949;intermediateVilleurbanne@1.0:
1208;intermediateVilleurbanne@1.0:
697;intermediateVilleurbanne@1.0:
1465;intermediateVilleurbanne@1.0:
188;intermediateVilleurbanne@1.0:
447;intermediateVilleurbanne@1.0:
960;intermediateVilleurbanne@1.0:
1219;intermediateVilleurbanne@1.0:
1475;intermediateVilleurbanne@1.0:
708;intermediateVilleurbanne@1.0:
200;intermediateVilleurbanne@1.0:
458;intermediateVilleurbanne@1.0:
971;intermediateVilleurbanne@1.0:
1230;intermediateVilleurbanne@1.0:
1486;intermediateVilleurbanne@1.0:
720;intermediateVilleurbanne@1.0:
211;intermediateVilleurbanne@1.0:
470;intermediateVilleurbanne@1.0:
982;intermediateVilleurbanne@1.0:
1241;intermediateVilleurbanne@1.0:
1497;intermediateVilleurbanne@1.0:
731;intermediateVilleurbanne@1.0:
222;intermediateVilleurbanne@1.0:
992;intermediateVilleurbanne@1.0:
481;intermediateVilleurbanne@1.0:
1251;intermediateVilleurbanne@1.0:
742;intermediateVilleurbanne@1.0:
233;intermediateVilleurbanne@1.0:
1003;intermediateVilleurbanne@1.0:
492;intermediateVilleurbanne@1.0:
1262;intermediateVilleurbanne@1.0:
754;intermediateVilleurbanne@1.0:
244;intermediateVilleurbanne@1.0:
1014;intermediateVilleurbanne@1.0:
503;intermediateVilleurbanne@1.0:
1273;intermediateVilleurbanne@1.0:
765;intermediateVilleurbanne@1.0:
255;intermediateVilleurbanne@1.0:
1;sink@1.0:
1025;sink@1.0:
515;sink@1.0:
1283;sink@1.0:
776;sink@1.0:
266;sink@1.0:
1036;sink@1.0:
13;sink@1.0:
526;sink@1.0:
1294;sink@1.0:
787;sink@1.0:
277;sink@1.0:
1046;sink@1.0:
24;sink@1.0:
1305;sink@1.0:
538;sink@1.0:
798;sink@1.0:
288;sink@1.0:
1057;sink@1.0:
35;sink@1.0:
1315;sink@1.0:
549;sink@1.0:
809;sink@1.0:
299;sink@1.0:
1068;sink@1.0:
46;sink@1.0:
1326;sink@1.0:
561;sink@1.0:
820;sink@1.0:
310;sink@1.0:
1079;sink@1.0:
57;sink@1.0:
1337;sink@1.0:
572;sink@1.0:
831;sink@1.0:
321;sink@1.0:
1089;sink@1.0:
1347;sink@1.0:
68;sink@1.0:
584;sink@1.0:
842;sink@1.0:
332;sink@1.0:
1100;sink@1.0:
1358;sink@1.0:
79;sink@1.0:
595;sink@1.0:
853;sink@1.0:
1111;sink@1.0:
344;sink@1.0:
1369;sink@1.0:
90;sink@1.0:
606;sink@1.0:
863;sink@1.0:
1122;sink@1.0:
355;sink@1.0:
1379;sink@1.0:
101;sink@1.0:
617;sink@1.0:
874;sink@1.0:
1132;sink@1.0:
1390;sink@1.0:
367;sink@1.0:
112;sink@1.0:
628;sink@1.0:
885;sink@1.0:
1143;sink@1.0:
1400;sink@1.0:
378;sink@1.0:
123;sink@1.0:
640;sink@1.0:
896;sink@1.0:
1154;sink@1.0:
1411;sink@1.0:
133;sink@1.0:
390;sink@1.0:
906;sink@1.0:
651;sink@1.0:
1165;sink@1.0:
1422;sink@1.0:
144;sink@1.0:
401;sink@1.0:
917;sink@1.0:
663;sink@1.0:
1176;sink@1.0:
1432;sink@1.0:
155;sink@1.0:
413;sink@1.0:
928;sink@1.0:
674;sink@1.0:
1187;sink@1.0:
1443;sink@1.0:
167;sink@1.0:
424;sink@1.0:
939;sink@1.0:
685;sink@1.0:
1197;sink@1.0:
1454;sink@1.0:
177;sink@1.0:
435;sink@1.0:
949;sink@1.0:
1208;sink@1.0:
697;sink@1.0:
1465;sink@1.0:
188;sink@1.0:
447;sink@1.0:
960;sink@1.0:
1219;sink@1.0:
1475;sink@1.0:
708;sink@1.0:
200;sink@1.0:
458;sink@1.0:
971;sink@1.0:
1230;sink@1.0:
1486;sink@1.0:
720;sink@1.0:
211;sink@1.0:
470;sink@1.0:
982;sink@1.0:
1241;sink@1.0:
1497;sink@1.0:
731;sink@1.0:
222;sink@1.0:
992;sink@1.0:
481;sink@1.0:
1251;sink@1.0:
742;sink@1.0:
233;sink@1.0:
1003;sink@1.0:
492;sink@1.0:
1262;sink@1.0:
754;sink@1.0:
244;sink@1.0:
1014;sink@1.0:
503;sink@1.0:
1273;sink@1.0:
765;sink@1.0:
255;sink@1.0:
1;intermediateVaulx@1.0:
1025;intermediateVaulx@1.0:
515;intermediateVaulx@1.0:
1283;intermediateVaulx@1.0:
776;intermediateVaulx@1.0:
266;intermediateVaulx@1.0:
1036;intermediateVaulx@1.0:
13;intermediateVaulx@1.0:
526;intermediateVaulx@1.0:
1294;intermediateVaulx@1.0:
787;intermediateVaulx@1.0:
277;intermediateVaulx@1.0:
1046;intermediateVaulx@1.0:
24;intermediateVaulx@1.0:
1305;intermediateVaulx@1.0:
538;intermediateVaulx@1.0:
798;intermediateVaulx@1.0:
288;intermediateVaulx@1.0:
1057;intermediateVaulx@1.0:
35;intermediateVaulx@1.0:
1315;intermediateVaulx@1.0:
549;intermediateVaulx@1.0:
809;intermediateVaulx@1.0:
299;intermediateVaulx@1.0:
1068;intermediateVaulx@1.0:
46;intermediateVaulx@1.0:
1326;intermediateVaulx@1.0:
561;intermediateVaulx@1.0:
820;intermediateVaulx@1.0:
310;intermediateVaulx@1.0:
1079;intermediateVaulx@1.0:
57;intermediateVaulx@1.0:
1337;intermediateVaulx@1.0:
572;intermediateVaulx@1.0:
831;intermediateVaulx@1.0:
321;intermediateVaulx@1.0:
1089;intermediateVaulx@1.0:
1347;intermediateVaulx@1.0:
68;intermediateVaulx@1.0:
584;intermediateVaulx@1.0:
842;intermediateVaulx@1.0:
332;intermediateVaulx@1.0:
1100;intermediateVaulx@1.0:
1358;intermediateVaulx@1.0:
79;intermediateVaulx@1.0:
595;intermediateVaulx@1.0:
853;intermediateVaulx@1.0:
1111;intermediateVaulx@1.0:
344;intermediateVaulx@1.0:
1369;intermediateVaulx@1.0:
90;intermediateVaulx@1.0:
606;intermediateVaulx@1.0:
863;intermediateVaulx@1.0:
1122;intermediateVaulx@1.0:
355;intermediateVaulx@1.0:
1379;intermediateVaulx@1.0:
101;intermediateVaulx@1.0:
617;intermediateVaulx@1.0:
874;intermediateVaulx@1.0:
1132;intermediateVaulx@1.0:
1390;intermediateVaulx@1.0:
367;intermediateVaulx@1.0:
112;intermediateVaulx@1.0:
628;intermediateVaulx@1.0:
885;intermediateVaulx@1.0:
1143;intermediateVaulx@1.0:
1400;intermediateVaulx@1.0:
378;intermediateVaulx@1.0:
123;intermediateVaulx@1.0:
640;intermediateVaulx@1.0:
896;intermediateVaulx@1.0:
1154;intermediateVaulx@1.0:
1411;intermediateVaulx@1.0:
133;intermediateVaulx@1.0:
390;intermediateVaulx@1.0:
906;intermediateVaulx@1.0:
651;intermediateVaulx@1.0:
1165;intermediateVaulx@1.0:
1422;intermediateVaulx@1.0:
144;intermediateVaulx@1.0:
401;intermediateVaulx@1.0:
917;intermediateVaulx@1.0:
663;intermediateVaulx@1.0:
1176;intermediateVaulx@1.0:
1432;intermediateVaulx@1.0:
155;intermediateVaulx@1.0:
413;intermediateVaulx@1.0:
928;intermediateVaulx@1.0:
674;intermediateVaulx@1.0:
1187;intermediateVaulx@1.0:
1443;intermediateVaulx@1.0:
167;intermediateVaulx@1.0:
424;intermediateVaulx@1.0:
939;intermediateVaulx@1.0:
685;intermediateVaulx@1.0:
1197;intermediateVaulx@1.0:
1454;intermediateVaulx@1.0:
177;intermediateVaulx@1.0:
435;intermediateVaulx@1.0:
949;intermediateVaulx@1.0:
1208;intermediateVaulx@1.0:
697;intermediateVaulx@1.0:
1465;intermediateVaulx@1.0:
188;intermediateVaulx@1.0:
447;intermediateVaulx@1.0:
960;intermediateVaulx@1.0:
1219;intermediateVaulx@1.0:
1475;intermediateVaulx@1.0:
708;intermediateVaulx@1.0:
200;intermediateVaulx@1.0:
458;intermediateVaulx@1.0:
971;intermediateVaulx@1.0:
1230;intermediateVaulx@1.0:
1486;intermediateVaulx@1.0:
720;intermediateVaulx@1.0:
211;intermediateVaulx@1.0:
470;intermediateVaulx@1.0:
982;intermediateVaulx@1.0:
1241;intermediateVaulx@1.0:
1497;intermediateVaulx@1.0:
731;intermediateVaulx@1.0:
222;intermediateVaulx@1.0:
992;intermediateVaulx@1.0:
481;intermediateVaulx@1.0:
1251;intermediateVaulx@1.0:
742;intermediateVaulx@1.0:
233;intermediateVaulx@1.0:
1003;intermediateVaulx@1.0:
492;intermediateVaulx@1.0:
1262;intermediateVaulx@1.0:
754;intermediateVaulx@1.0:
244;intermediateVaulx@1.0:
1014;intermediateVaulx@1.0:
503;intermediateVaulx@1.0:
1273;intermediateVaulx@1.0:
765;intermediateVaulx@1.0:
255;intermediateVaulx@1.0:
1;intermediateLyon@1.0:
1025;intermediateLyon@1.0:
515;intermediateLyon@1.0:
1283;intermediateLyon@1.0:
776;intermediateLyon@1.0:
266;intermediateLyon@1.0:
1036;intermediateLyon@1.0:
13;intermediateLyon@1.0:
526;intermediateLyon@1.0:
1294;intermediateLyon@1.0:
787;intermediateLyon@1.0:
277;intermediateLyon@1.0:
1046;intermediateLyon@1.0:
24;intermediateLyon@1.0:
1305;intermediateLyon@1.0:
538;intermediateLyon@1.0:
798;intermediateLyon@1.0:
288;intermediateLyon@1.0:
1057;intermediateLyon@1.0:
35;intermediateLyon@1.0:
1315;intermediateLyon@1.0:
549;intermediateLyon@1.0:
809;intermediateLyon@1.0:
299;intermediateLyon@1.0:
1068;intermediateLyon@1.0:
46;intermediateLyon@1.0:
1326;intermediateLyon@1.0:
561;intermediateLyon@1.0:
820;intermediateLyon@1.0:
310;intermediateLyon@1.0:
1079;intermediateLyon@1.0:
57;intermediateLyon@1.0:
1337;intermediateLyon@1.0:
572;intermediateLyon@1.0:
831;intermediateLyon@1.0:
321;intermediateLyon@1.0:
1089;intermediateLyon@1.0:
1347;intermediateLyon@1.0:
68;intermediateLyon@1.0:
584;intermediateLyon@1.0:
842;intermediateLyon@1.0:
332;intermediateLyon@1.0:
1100;intermediateLyon@1.0:
1358;intermediateLyon@1.0:
79;intermediateLyon@1.0:
595;intermediateLyon@1.0:
853;intermediateLyon@1.0:
1111;intermediateLyon@1.0:
344;intermediateLyon@1.0:
1369;intermediateLyon@1.0:
90;intermediateLyon@1.0:
606;intermediateLyon@1.0:
863;intermediateLyon@1.0:
1122;intermediateLyon@1.0:
355;intermediateLyon@1.0:
1379;intermediateLyon@1.0:
101;intermediateLyon@1.0:
617;intermediateLyon@1.0:
874;intermediateLyon@1.0:
1132;intermediateLyon@1.0:
1390;intermediateLyon@1.0:
367;intermediateLyon@1.0:
112;intermediateLyon@1.0:
628;intermediateLyon@1.0:
885;intermediateLyon@1.0:
1143;intermediateLyon@1.0:
1400;intermediateLyon@1.0:
378;intermediateLyon@1.0:
123;intermediateLyon@1.0:
640;intermediateLyon@1.0:
896;intermediateLyon@1.0:
1154;intermediateLyon@1.0:
1411;intermediateLyon@1.0:
133;intermediateLyon@1.0:
390;intermediateLyon@1.0:
906;intermediateLyon@1.0:
651;intermediateLyon@1.0:
1165;intermediateLyon@1.0:
1422;intermediateLyon@1.0:
144;intermediateLyon@1.0:
401;intermediateLyon@1.0:
917;intermediateLyon@1.0:
663;intermediateLyon@1.0:
1176;intermediateLyon@1.0:
1432;intermediateLyon@1.0:
155;intermediateLyon@1.0:
413;intermediateLyon@1.0:
928;intermediateLyon@1.0:
674;intermediateLyon@1.0:
1187;intermediateLyon@1.0:
1443;intermediateLyon@1.0:
167;intermediateLyon@1.0:
424;intermediateLyon@1.0:
939;intermediateLyon@1.0:
685;intermediateLyon@1.0:
1197;intermediateLyon@1.0:
1454;intermediateLyon@1.0:
177;intermediateLyon@1.0:
435;intermediateLyon@1.0:
949;intermediateLyon@1.0:
1208;intermediateLyon@1.0:
697;intermediateLyon@1.0:
1465;intermediateLyon@1.0:
188;intermediateLyon@1.0:
447;intermediateLyon@1.0:
960;intermediateLyon@1.0:
1219;intermediateLyon@1.0:
1475;intermediateLyon@1.0:
708;intermediateLyon@1.0:
200;intermediateLyon@1.0:
458;intermediateLyon@1.0:
971;intermediateLyon@1.0:
1230;intermediateLyon@1.0:
1486;intermediateLyon@1.0:
720;intermediateLyon@1.0:
211;intermediateLyon@1.0:
470;intermediateLyon@1.0:
982;intermediateLyon@1.0:
1241;intermediateLyon@1.0:
1497;intermediateLyon@1.0:
731;intermediateLyon@1.0:
222;intermediateLyon@1.0:
992;intermediateLyon@1.0:
481;intermediateLyon@1.0:
1251;intermediateLyon@1.0:
742;intermediateLyon@1.0:
233;intermediateLyon@1.0:
1003;intermediateLyon@1.0:
492;intermediateLyon@1.0:
1262;intermediateLyon@1.0:
754;intermediateLyon@1.0:
244;intermediateLyon@1.0:
1014;intermediateLyon@1.0:
503;intermediateLyon@1.0:
1273;intermediateLyon@1.0:
765;intermediateLyon@1.0:
255;intermediateLyon@1.0:
