timestamp;actions
256;intermediateVilleurbanne@1.0:
1;intermediateVilleurbanne@1.0:
1281;intermediateVilleurbanne@1.0:
516;intermediateVilleurbanne@1.0:
-9;intermediateVilleurbanne@1.0:
1033;intermediateVilleurbanne@1.0:
778;intermediateVilleurbanne@1.0:
267;intermediateVilleurbanne@1.0:
1292;intermediateVilleurbanne@1.0:
13;intermediateVilleurbanne@1.0:
527;intermediateVilleurbanne@1.0:
1044;intermediateVilleurbanne@1.0:
278;intermediateVilleurbanne@1.0:
790;intermediateVilleurbanne@1.0:
1302;intermediateVilleurbanne@1.0:
24;intermediateVilleurbanne@1.0:
538;intermediateVilleurbanne@1.0:
1055;intermediateVilleurbanne@1.0:
289;intermediateVilleurbanne@1.0:
801;intermediateVilleurbanne@1.0:
1313;intermediateVilleurbanne@1.0:
36;intermediateVilleurbanne@1.0:
549;intermediateVilleurbanne@1.0:
1066;intermediateVilleurbanne@1.0:
300;intermediateVilleurbanne@1.0:
1324;intermediateVilleurbanne@1.0:
813;intermediateVilleurbanne@1.0:
47;intermediateVilleurbanne@1.0:
560;intermediateVilleurbanne@1.0:
1077;intermediateVilleurbanne@1.0:
1335;intermediateVilleurbanne@1.0:
312;intermediateVilleurbanne@1.0:
824;intermediateVilleurbanne@1.0:
58;intermediateVilleurbanne@1.0:
572;intermediateVilleurbanne@1.0:
1087;intermediateVilleurbanne@1.0:
1345;intermediateVilleurbanne@1.0:
323;intermediateVilleurbanne@1.0:
835;intermediateVilleurbanne@1.0:
70;intermediateVilleurbanne@1.0:
584;intermediateVilleurbanne@1.0:
1098;intermediateVilleurbanne@1.0:
1356;intermediateVilleurbanne@1.0:
334;intermediateVilleurbanne@1.0:
847;intermediateVilleurbanne@1.0:
81;intermediateVilleurbanne@1.0:
595;intermediateVilleurbanne@1.0:
1109;intermediateVilleurbanne@1.0:
1367;intermediateVilleurbanne@1.0:
345;intermediateVilleurbanne@1.0:
858;intermediateVilleurbanne@1.0:
93;intermediateVilleurbanne@1.0:
607;intermediateVilleurbanne@1.0:
1120;intermediateVilleurbanne@1.0:
1377;intermediateVilleurbanne@1.0:
357;intermediateVilleurbanne@1.0:
869;intermediateVilleurbanne@1.0:
104;intermediateVilleurbanne@1.0:
1130;intermediateVilleurbanne@1.0:
619;intermediateVilleurbanne@1.0:
1388;intermediateVilleurbanne@1.0:
368;intermediateVilleurbanne@1.0:
880;intermediateVilleurbanne@1.0:
115;intermediateVilleurbanne@1.0:
1141;intermediateVilleurbanne@1.0:
630;intermediateVilleurbanne@1.0:
1399;intermediateVilleurbanne@1.0:
379;intermediateVilleurbanne@1.0:
892;intermediateVilleurbanne@1.0:
126;intermediateVilleurbanne@1.0:
1152;intermediateVilleurbanne@1.0:
642;intermediateVilleurbanne@1.0:
1410;intermediateVilleurbanne@1.0:
902;intermediateVilleurbanne@1.0:
391;intermediateVilleurbanne@1.0:
137;intermediateVilleurbanne@1.0:
1163;intermediateVilleurbanne@1.0:
1421;intermediateVilleurbanne@1.0:
654;intermediateVilleurbanne@1.0:
913;intermediateVilleurbanne@1.0:
402;intermediateVilleurbanne@1.0:
147;intermediateVilleurbanne@1.0:
1173;intermediateVilleurbanne@1.0:
1431;intermediateVilleurbanne@1.0:
665;intermediateVilleurbanne@1.0:
925;intermediateVilleurbanne@1.0:
158;intermediateVilleurbanne@1.0:
414;intermediateVilleurbanne@1.0:
1184;intermediateVilleurbanne@1.0:
1442;intermediateVilleurbanne@1.0:
677;intermediateVilleurbanne@1.0:
935;intermediateVilleurbanne@1.0:
169;intermediateVilleurbanne@1.0:
425;intermediateVilleurbanne@1.0:
1195;intermediateVilleurbanne@1.0:
1453;intermediateVilleurbanne@1.0:
688;intermediateVilleurbanne@1.0:
946;intermediateVilleurbanne@1.0:
180;intermediateVilleurbanne@1.0:
437;intermediateVilleurbanne@1.0:
1206;intermediateVilleurbanne@1.0:
1464;intermediateVilleurbanne@1.0:
699;intermediateVilleurbanne@1.0:
957;intermediateVilleurbanne@1.0:
191;intermediateVilleurbanne@1.0:
448;intermediateVilleurbanne@1.0:
1216;intermediateVilleurbanne@1.0:
1474;intermediateVilleurbanne@1.0:
710;intermediateVilleurbanne@1.0:
968;intermediateVilleurbanne@1.0:
202;intermediateVilleurbanne@1.0:
1227;intermediateVilleurbanne@1.0:
460;intermediateVilleurbanne@1.0:
1485;intermediateVilleurbanne@1.0:
722;intermediateVilleurbanne@1.0:
979;intermediateVilleurbanne@1.0:
213;intermediateVilleurbanne@1.0:
1238;intermediateVilleurbanne@1.0:
471;intermediateVilleurbanne@1.0:
733;intermediateVilleurbanne@1.0:
990;intermediateVilleurbanne@1.0:
224;intermediateVilleurbanne@1.0:
1249;intermediateVilleurbanne@1.0:
482;intermediateVilleurbanne@1.0:
744;intermediateVilleurbanne@1.0:
1001;intermediateVilleurbanne@1.0:
234;intermediateVilleurbanne@1.0:
1259;intermediateVilleurbanne@1.0:
493;intermediateVilleurbanne@1.0:
756;intermediateVilleurbanne@1.0:
1012;intermediateVilleurbanne@1.0:
246;intermediateVilleurbanne@1.0:
1270;intermediateVilleurbanne@1.0:
505;intermediateVilleurbanne@1.0:
1022;intermediateVilleurbanne@1.0:
767;intermediateVilleurbanne@1.0:
256;sink@2.0:
1;sink@12.0:
1281;sink@1.0:
516;sink@1.0:
-9;sink@1.0:
1033;sink@2.0:
778;sink@3.0:
267;sink@2.0:
1292;sink@1.0:
13;sink@12.0:
527;sink@1.0:
1044;sink@2.0:
278;sink@2.0:
790;sink@3.0:
1302;sink@1.0:
24;sink@12.0:
538;sink@1.0:
1055;sink@2.0:
289;sink@2.0:
801;sink@3.0:
1313;sink@1.0:
36;sink@12.0:
549;sink@5.0:
1066;sink@2.0:
300;sink@2.0:
1324;sink@1.0:
813;sink@3.0:
47;sink@12.0:
560;sink@6.0:
1335;sink@1.0:
312;sink@2.0:
824;sink@3.0:
58;sink@12.0:
572;sink@6.0:
1087;sink@1.0:
1345;sink@1.0:
323;sink@2.0:
835;sink@3.0:
70;sink@12.0:
584;sink@6.0:
1098;sink@1.0:
1356;sink@1.0:
334;sink@2.0:
847;sink@3.0:
81;sink@12.0:
595;sink@6.0:
1109;sink@1.0:
1367;sink@1.0:
345;sink@2.0:
858;sink@3.0:
93;sink@12.0:
607;sink@6.0:
1120;sink@1.0:
1377;sink@1.0:
357;sink@2.0:
869;sink@3.0:
1130;sink@1.0:
619;sink@6.0:
1388;sink@1.0:
368;sink@2.0:
880;sink@3.0:
115;sink@1.0:
1141;sink@1.0:
630;sink@6.0:
1399;sink@1.0:
379;sink@1.0:
126;sink@1.0:
1152;sink@1.0:
642;sink@6.0:
1410;sink@1.0:
902;sink@1.0:
391;sink@4.0:
137;sink@1.0:
1163;sink@1.0:
1421;sink@1.0:
654;sink@6.0:
913;sink@1.0:
402;sink@4.0:
147;sink@1.0:
1173;sink@1.0:
1431;sink@1.0:
665;sink@6.0:
925;sink@1.0:
158;sink@1.0:
414;sink@4.0:
1184;sink@1.0:
1442;sink@1.0:
677;sink@6.0:
935;sink@1.0:
169;sink@1.0:
425;sink@4.0:
1195;sink@1.0:
1453;sink@1.0:
946;sink@1.0:
180;sink@1.0:
437;sink@4.0:
1206;sink@1.0:
1464;sink@1.0:
699;sink@2.0:
957;sink@1.0:
191;sink@1.0:
448;sink@4.0:
1216;sink@1.0:
1474;sink@1.0:
710;sink@2.0:
968;sink@2.0:
202;sink@1.0:
1227;sink@1.0:
460;sink@4.0:
1485;sink@1.0:
722;sink@2.0:
979;sink@2.0:
1238;sink@1.0:
471;sink@4.0:
733;sink@2.0:
990;sink@2.0:
224;sink@2.0:
1249;sink@1.0:
744;sink@2.0:
1001;sink@2.0:
234;sink@2.0:
1259;sink@1.0:
493;sink@1.0:
756;sink@3.0:
1012;sink@2.0:
246;sink@2.0:
1270;sink@1.0:
505;sink@1.0:
1022;sink@2.0:
767;sink@3.0:
256;intermediateVaulx@1.0:
1;intermediateVaulx@1.0:
1281;intermediateVaulx@1.0:
516;intermediateVaulx@1.0:
1033;intermediateVaulx@1.0:
778;intermediateVaulx@1.0:
267;intermediateVaulx@1.0:
1292;intermediateVaulx@1.0:
13;intermediateVaulx@1.0:
527;intermediateVaulx@1.0:
1044;intermediateVaulx@1.0:
278;intermediateVaulx@1.0:
790;intermediateVaulx@1.0:
1302;intermediateVaulx@1.0:
24;intermediateVaulx@1.0:
538;intermediateVaulx@1.0:
1055;intermediateVaulx@1.0:
289;intermediateVaulx@1.0:
801;intermediateVaulx@1.0:
1313;intermediateVaulx@1.0:
36;intermediateVaulx@1.0:
549;intermediateVaulx@1.0:
1066;intermediateVaulx@1.0:
300;intermediateVaulx@1.0:
1324;intermediateVaulx@1.0:
813;intermediateVaulx@1.0:
47;intermediateVaulx@1.0:
560;intermediateVaulx@1.0:
1077;intermediateVaulx@1.0:
1335;intermediateVaulx@1.0:
312;intermediateVaulx@1.0:
824;intermediateVaulx@1.0:
58;intermediateVaulx@1.0:
572;intermediateVaulx@1.0:
1087;intermediateVaulx@1.0:
1345;intermediateVaulx@1.0:
323;intermediateVaulx@1.0:
835;intermediateVaulx@1.0:
70;intermediateVaulx@1.0:
584;intermediateVaulx@1.0:
1098;intermediateVaulx@1.0:
1356;intermediateVaulx@1.0:
334;intermediateVaulx@1.0:
847;intermediateVaulx@1.0:
81;intermediateVaulx@1.0:
595;intermediateVaulx@1.0:
1109;intermediateVaulx@1.0:
1367;intermediateVaulx@1.0:
345;intermediateVaulx@1.0:
858;intermediateVaulx@1.0:
93;intermediateVaulx@1.0:
607;intermediateVaulx@1.0:
1120;intermediateVaulx@1.0:
1377;intermediateVaulx@1.0:
357;intermediateVaulx@1.0:
869;intermediateVaulx@1.0:
104;intermediateVaulx@1.0:
1130;intermediateVaulx@1.0:
619;intermediateVaulx@1.0:
1388;intermediateVaulx@1.0:
368;intermediateVaulx@1.0:
880;intermediateVaulx@1.0:
115;intermediateVaulx@1.0:
1141;intermediateVaulx@1.0:
630;intermediateVaulx@1.0:
1399;intermediateVaulx@1.0:
379;intermediateVaulx@1.0:
892;intermediateVaulx@1.0:
126;intermediateVaulx@1.0:
1152;intermediateVaulx@1.0:
642;intermediateVaulx@1.0:
1410;intermediateVaulx@1.0:
902;intermediateVaulx@1.0:
391;intermediateVaulx@1.0:
137;intermediateVaulx@1.0:
1163;intermediateVaulx@1.0:
1421;intermediateVaulx@1.0:
654;intermediateVaulx@1.0:
913;intermediateVaulx@1.0:
402;intermediateVaulx@1.0:
147;intermediateVaulx@1.0:
1173;intermediateVaulx@1.0:
1431;intermediateVaulx@1.0:
665;intermediateVaulx@1.0:
925;intermediateVaulx@1.0:
158;intermediateVaulx@1.0:
414;intermediateVaulx@1.0:
1184;intermediateVaulx@1.0:
1442;intermediateVaulx@1.0:
677;intermediateVaulx@1.0:
935;intermediateVaulx@1.0:
169;intermediateVaulx@1.0:
425;intermediateVaulx@1.0:
1195;intermediateVaulx@1.0:
1453;intermediateVaulx@1.0:
688;intermediateVaulx@1.0:
946;intermediateVaulx@1.0:
180;intermediateVaulx@1.0:
437;intermediateVaulx@1.0:
1206;intermediateVaulx@1.0:
1464;intermediateVaulx@1.0:
699;intermediateVaulx@1.0:
957;intermediateVaulx@1.0:
191;intermediateVaulx@1.0:
448;intermediateVaulx@1.0:
1216;intermediateVaulx@1.0:
1474;intermediateVaulx@1.0:
710;intermediateVaulx@1.0:
968;intermediateVaulx@1.0:
202;intermediateVaulx@1.0:
1227;intermediateVaulx@1.0:
460;intermediateVaulx@1.0:
1485;intermediateVaulx@1.0:
722;intermediateVaulx@1.0:
979;intermediateVaulx@1.0:
213;intermediateVaulx@1.0:
1238;intermediateVaulx@1.0:
471;intermediateVaulx@1.0:
733;intermediateVaulx@1.0:
990;intermediateVaulx@1.0:
224;intermediateVaulx@1.0:
1249;intermediateVaulx@1.0:
482;intermediateVaulx@1.0:
744;intermediateVaulx@1.0:
1001;intermediateVaulx@1.0:
234;intermediateVaulx@1.0:
1259;intermediateVaulx@1.0:
493;intermediateVaulx@1.0:
756;intermediateVaulx@1.0:
1012;intermediateVaulx@1.0:
246;intermediateVaulx@1.0:
1270;intermediateVaulx@1.0:
505;intermediateVaulx@1.0:
1022;intermediateVaulx@1.0:
767;intermediateVaulx@1.0:
256;intermediateLyon@1.0:
1;intermediateLyon@1.0:
1281;intermediateLyon@1.0:
516;intermediateLyon@1.0:
1033;intermediateLyon@1.0:
778;intermediateLyon@1.0:
267;intermediateLyon@1.0:
1292;intermediateLyon@1.0:
13;intermediateLyon@1.0:
527;intermediateLyon@1.0:
1044;intermediateLyon@1.0:
278;intermediateLyon@1.0:
790;intermediateLyon@1.0:
1302;intermediateLyon@1.0:
24;intermediateLyon@1.0:
538;intermediateLyon@1.0:
1055;intermediateLyon@1.0:
289;intermediateLyon@1.0:
801;intermediateLyon@1.0:
1313;intermediateLyon@1.0:
36;intermediateLyon@1.0:
549;intermediateLyon@1.0:
1066;intermediateLyon@1.0:
300;intermediateLyon@1.0:
1324;intermediateLyon@1.0:
813;intermediateLyon@1.0:
47;intermediateLyon@1.0:
560;intermediateLyon@1.0:
1077;intermediateLyon@1.0:
1335;intermediateLyon@1.0:
312;intermediateLyon@1.0:
824;intermediateLyon@1.0:
58;intermediateLyon@1.0:
572;intermediateLyon@1.0:
1087;intermediateLyon@1.0:
1345;intermediateLyon@1.0:
323;intermediateLyon@1.0:
835;intermediateLyon@1.0:
70;intermediateLyon@1.0:
584;intermediateLyon@1.0:
1098;intermediateLyon@1.0:
1356;intermediateLyon@1.0:
334;intermediateLyon@1.0:
847;intermediateLyon@1.0:
81;intermediateLyon@1.0:
595;intermediateLyon@1.0:
1109;intermediateLyon@1.0:
1367;intermediateLyon@1.0:
345;intermediateLyon@1.0:
858;intermediateLyon@1.0:
93;intermediateLyon@1.0:
607;intermediateLyon@1.0:
1120;intermediateLyon@1.0:
1377;intermediateLyon@1.0:
357;intermediateLyon@1.0:
869;intermediateLyon@1.0:
104;intermediateLyon@1.0:
1130;intermediateLyon@1.0:
619;intermediateLyon@1.0:
1388;intermediateLyon@1.0:
368;intermediateLyon@1.0:
880;intermediateLyon@1.0:
115;intermediateLyon@1.0:
1141;intermediateLyon@1.0:
630;intermediateLyon@1.0:
1399;intermediateLyon@1.0:
379;intermediateLyon@1.0:
892;intermediateLyon@1.0:
126;intermediateLyon@1.0:
1152;intermediateLyon@1.0:
642;intermediateLyon@1.0:
1410;intermediateLyon@1.0:
902;intermediateLyon@1.0:
391;intermediateLyon@1.0:
137;intermediateLyon@1.0:
1163;intermediateLyon@1.0:
1421;intermediateLyon@1.0:
654;intermediateLyon@1.0:
913;intermediateLyon@1.0:
402;intermediateLyon@1.0:
147;intermediateLyon@1.0:
1173;intermediateLyon@1.0:
1431;intermediateLyon@1.0:
665;intermediateLyon@1.0:
925;intermediateLyon@1.0:
158;intermediateLyon@1.0:
414;intermediateLyon@1.0:
1184;intermediateLyon@1.0:
1442;intermediateLyon@1.0:
677;intermediateLyon@1.0:
935;intermediateLyon@1.0:
169;intermediateLyon@1.0:
425;intermediateLyon@1.0:
1195;intermediateLyon@1.0:
1453;intermediateLyon@1.0:
688;intermediateLyon@1.0:
946;intermediateLyon@1.0:
180;intermediateLyon@1.0:
437;intermediateLyon@1.0:
1206;intermediateLyon@1.0:
1464;intermediateLyon@1.0:
699;intermediateLyon@1.0:
957;intermediateLyon@1.0:
191;intermediateLyon@1.0:
448;intermediateLyon@1.0:
1216;intermediateLyon@1.0:
1474;intermediateLyon@1.0:
710;intermediateLyon@1.0:
968;intermediateLyon@1.0:
202;intermediateLyon@1.0:
1227;intermediateLyon@1.0:
460;intermediateLyon@1.0:
1485;intermediateLyon@1.0:
722;intermediateLyon@1.0:
979;intermediateLyon@1.0:
213;intermediateLyon@1.0:
1238;intermediateLyon@1.0:
471;intermediateLyon@1.0:
733;intermediateLyon@1.0:
990;intermediateLyon@1.0:
224;intermediateLyon@1.0:
1249;intermediateLyon@1.0:
482;intermediateLyon@1.0:
744;intermediateLyon@1.0:
1001;intermediateLyon@1.0:
234;intermediateLyon@1.0:
1259;intermediateLyon@1.0:
493;intermediateLyon@1.0:
756;intermediateLyon@1.0:
1012;intermediateLyon@1.0:
246;intermediateLyon@1.0:
1270;intermediateLyon@1.0:
505;intermediateLyon@1.0:
1022;intermediateLyon@1.0:
767;intermediateLyon@1.0:
