timestamp;actions
768;intermediateVilleurbanne@1.0:
1;intermediateVilleurbanne@1.0:
1282;intermediateVilleurbanne@1.0:
1027;intermediateVilleurbanne@1.0:
260;intermediateVilleurbanne@1.0:
521;intermediateVilleurbanne@1.0:
1546;intermediateVilleurbanne@1.0:
779;intermediateVilleurbanne@1.0:
12;intermediateVilleurbanne@1.0:
1292;intermediateVilleurbanne@1.0:
1037;intermediateVilleurbanne@1.0:
270;intermediateVilleurbanne@1.0:
532;intermediateVilleurbanne@1.0:
1557;intermediateVilleurbanne@1.0:
23;intermediateVilleurbanne@1.0:
1303;intermediateVilleurbanne@1.0:
1048;intermediateVilleurbanne@1.0:
281;intermediateVilleurbanne@1.0:
543;intermediateVilleurbanne@1.0:
1567;intermediateVilleurbanne@1.0:
1313;intermediateVilleurbanne@1.0:
34;intermediateVilleurbanne@1.0:
1059;intermediateVilleurbanne@1.0:
554;intermediateVilleurbanne@1.0:
1578;intermediateVilleurbanne@1.0:
811;intermediateVilleurbanne@1.0:
1324;intermediateVilleurbanne@1.0:
45;intermediateVilleurbanne@1.0:
1070;intermediateVilleurbanne@1.0:
821;intermediateVilleurbanne@1.0:
566;intermediateVilleurbanne@1.0:
1335;intermediateVilleurbanne@1.0:
56;intermediateVilleurbanne@1.0:
313;intermediateVilleurbanne@1.0:
832;intermediateVilleurbanne@1.0:
577;intermediateVilleurbanne@1.0:
1345;intermediateVilleurbanne@1.0:
67;intermediateVilleurbanne@1.0:
323;intermediateVilleurbanne@1.0:
588;intermediateVilleurbanne@1.0:
844;intermediateVilleurbanne@1.0:
1356;intermediateVilleurbanne@1.0:
1101;intermediateVilleurbanne@1.0:
78;intermediateVilleurbanne@1.0:
334;intermediateVilleurbanne@1.0:
599;intermediateVilleurbanne@1.0:
855;intermediateVilleurbanne@1.0:
1367;intermediateVilleurbanne@1.0:
1112;intermediateVilleurbanne@1.0:
345;intermediateVilleurbanne@1.0:
1377;intermediateVilleurbanne@1.0:
610;intermediateVilleurbanne@1.0:
866;intermediateVilleurbanne@1.0:
1122;intermediateVilleurbanne@1.0:
356;intermediateVilleurbanne@1.0:
1388;intermediateVilleurbanne@1.0:
621;intermediateVilleurbanne@1.0:
877;intermediateVilleurbanne@1.0:
1133;intermediateVilleurbanne@1.0:
110;intermediateVilleurbanne@1.0:
1398;intermediateVilleurbanne@1.0:
1143;intermediateVilleurbanne@1.0:
121;intermediateVilleurbanne@1.0:
377;intermediateVilleurbanne@1.0:
633;intermediateVilleurbanne@1.0:
1409;intermediateVilleurbanne@1.0:
898;intermediateVilleurbanne@1.0:
1154;intermediateVilleurbanne@1.0:
131;intermediateVilleurbanne@1.0:
388;intermediateVilleurbanne@1.0:
644;intermediateVilleurbanne@1.0:
1419;intermediateVilleurbanne@1.0:
909;intermediateVilleurbanne@1.0:
1165;intermediateVilleurbanne@1.0:
142;intermediateVilleurbanne@1.0:
399;intermediateVilleurbanne@1.0:
655;intermediateVilleurbanne@1.0:
1430;intermediateVilleurbanne@1.0:
152;intermediateVilleurbanne@1.0:
920;intermediateVilleurbanne@1.0:
410;intermediateVilleurbanne@1.0:
1441;intermediateVilleurbanne@1.0:
1186;intermediateVilleurbanne@1.0:
163;intermediateVilleurbanne@1.0:
931;intermediateVilleurbanne@1.0:
421;intermediateVilleurbanne@1.0:
677;intermediateVilleurbanne@1.0:
1451;intermediateVilleurbanne@1.0:
941;intermediateVilleurbanne@1.0:
1197;intermediateVilleurbanne@1.0:
174;intermediateVilleurbanne@1.0:
432;intermediateVilleurbanne@1.0:
688;intermediateVilleurbanne@1.0:
1462;intermediateVilleurbanne@1.0:
1207;intermediateVilleurbanne@1.0:
184;intermediateVilleurbanne@1.0:
700;intermediateVilleurbanne@1.0:
1472;intermediateVilleurbanne@1.0:
1218;intermediateVilleurbanne@1.0:
195;intermediateVilleurbanne@1.0:
711;intermediateVilleurbanne@1.0:
1483;intermediateVilleurbanne@1.0:
973;intermediateVilleurbanne@1.0:
1229;intermediateVilleurbanne@1.0:
206;intermediateVilleurbanne@1.0:
465;intermediateVilleurbanne@1.0:
722;intermediateVilleurbanne@1.0:
1494;intermediateVilleurbanne@1.0:
1239;intermediateVilleurbanne@1.0:
216;intermediateVilleurbanne@1.0:
984;intermediateVilleurbanne@1.0:
476;intermediateVilleurbanne@1.0:
734;intermediateVilleurbanne@1.0:
1505;intermediateVilleurbanne@1.0:
994;intermediateVilleurbanne@1.0:
1250;intermediateVilleurbanne@1.0:
227;intermediateVilleurbanne@1.0:
487;intermediateVilleurbanne@1.0:
745;intermediateVilleurbanne@1.0:
1515;intermediateVilleurbanne@1.0:
1005;intermediateVilleurbanne@1.0:
1261;intermediateVilleurbanne@1.0:
238;intermediateVilleurbanne@1.0:
498;intermediateVilleurbanne@1.0:
756;intermediateVilleurbanne@1.0:
1271;intermediateVilleurbanne@1.0:
1016;intermediateVilleurbanne@1.0:
249;intermediateVilleurbanne@1.0:
509;intermediateVilleurbanne@1.0:
768;sink@5.0:
1;sink@8.0:
1282;sink@2.0:
1027;sink@3.0:
260;sink@2.0:
-9;sink@1.0:
521;sink@3.0:
1546;sink@1.0:
779;sink@5.0:
12;sink@8.0:
1037;sink@3.0:
270;sink@2.0:
532;sink@1.0:
1557;sink@1.0:
23;sink@8.0:
1048;sink@3.0:
281;sink@2.0:
543;sink@4.0:
1567;sink@1.0:
1313;sink@1.0:
34;sink@8.0:
1059;sink@3.0:
554;sink@4.0:
1578;sink@1.0:
811;sink@1.0:
1324;sink@1.0:
45;sink@8.0:
1070;sink@3.0:
821;sink@1.0:
566;sink@4.0:
1335;sink@1.0:
56;sink@8.0:
313;sink@1.0:
832;sink@1.0:
577;sink@4.0:
1345;sink@1.0:
67;sink@8.0:
323;sink@1.0:
588;sink@4.0:
844;sink@1.0:
1356;sink@1.0:
1101;sink@1.0:
78;sink@8.0:
334;sink@1.0:
599;sink@4.0:
855;sink@1.0:
1367;sink@1.0:
1112;sink@1.0:
345;sink@1.0:
1377;sink@1.0:
610;sink@4.0:
866;sink@1.0:
1122;sink@1.0:
356;sink@1.0:
1388;sink@1.0:
621;sink@4.0:
877;sink@1.0:
1133;sink@1.0:
110;sink@1.0:
1398;sink@1.0:
1143;sink@1.0:
121;sink@1.0:
377;sink@2.0:
633;sink@4.0:
1409;sink@1.0:
898;sink@2.0:
1154;sink@1.0:
131;sink@1.0:
388;sink@2.0:
644;sink@4.0:
1419;sink@1.0:
909;sink@2.0:
1165;sink@1.0:
142;sink@1.0:
399;sink@2.0:
655;sink@4.0:
1430;sink@1.0:
152;sink@1.0:
920;sink@2.0:
410;sink@2.0:
666;sink@1.0:
1441;sink@1.0:
1186;sink@2.0:
163;sink@1.0:
931;sink@2.0:
421;sink@2.0:
677;sink@5.0:
1451;sink@1.0:
941;sink@2.0:
1197;sink@2.0:
174;sink@1.0:
432;sink@2.0:
688;sink@5.0:
1207;sink@2.0:
184;sink@1.0:
700;sink@5.0:
1472;sink@2.0:
1218;sink@2.0:
963;sink@2.0:
454;sink@2.0:
711;sink@5.0:
1483;sink@2.0:
973;sink@3.0:
1229;sink@2.0:
206;sink@2.0:
465;sink@3.0:
722;sink@5.0:
1494;sink@2.0:
1239;sink@2.0:
216;sink@2.0:
984;sink@3.0:
476;sink@3.0:
734;sink@5.0:
1505;sink@2.0:
994;sink@3.0:
1250;sink@2.0:
227;sink@2.0:
487;sink@3.0:
745;sink@5.0:
1515;sink@2.0:
1005;sink@3.0:
1261;sink@2.0:
238;sink@2.0:
498;sink@3.0:
756;sink@5.0:
1271;sink@2.0:
1016;sink@3.0:
249;sink@2.0:
509;sink@3.0:
768;intermediateVaulx@1.0:
1;intermediateVaulx@1.0:
1282;intermediateVaulx@1.0:
1027;intermediateVaulx@1.0:
260;intermediateVaulx@1.0:
521;intermediateVaulx@1.0:
1546;intermediateVaulx@1.0:
779;intermediateVaulx@1.0:
12;intermediateVaulx@1.0:
1292;intermediateVaulx@1.0:
1037;intermediateVaulx@1.0:
270;intermediateVaulx@1.0:
532;intermediateVaulx@1.0:
1557;intermediateVaulx@1.0:
23;intermediateVaulx@1.0:
1303;intermediateVaulx@1.0:
1048;intermediateVaulx@1.0:
281;intermediateVaulx@1.0:
543;intermediateVaulx@1.0:
1567;intermediateVaulx@1.0:
1313;intermediateVaulx@1.0:
34;intermediateVaulx@1.0:
1059;intermediateVaulx@1.0:
554;intermediateVaulx@1.0:
1578;intermediateVaulx@1.0:
811;intermediateVaulx@1.0:
1324;intermediateVaulx@1.0:
45;intermediateVaulx@1.0:
1070;intermediateVaulx@1.0:
821;intermediateVaulx@1.0:
566;intermediateVaulx@1.0:
1335;intermediateVaulx@1.0:
56;intermediateVaulx@1.0:
313;intermediateVaulx@1.0:
832;intermediateVaulx@1.0:
577;intermediateVaulx@1.0:
1345;intermediateVaulx@1.0:
67;intermediateVaulx@1.0:
323;intermediateVaulx@1.0:
588;intermediateVaulx@1.0:
844;intermediateVaulx@1.0:
1356;intermediateVaulx@1.0:
1101;intermediateVaulx@1.0:
78;intermediateVaulx@1.0:
334;intermediateVaulx@1.0:
599;intermediateVaulx@1.0:
855;intermediateVaulx@1.0:
1367;intermediateVaulx@1.0:
1112;intermediateVaulx@1.0:
345;intermediateVaulx@1.0:
1377;intermediateVaulx@1.0:
610;intermediateVaulx@1.0:
866;intermediateVaulx@1.0:
1122;intermediateVaulx@1.0:
356;intermediateVaulx@1.0:
1388;intermediateVaulx@1.0:
621;intermediateVaulx@1.0:
877;intermediateVaulx@1.0:
1133;intermediateVaulx@1.0:
110;intermediateVaulx@1.0:
1398;intermediateVaulx@1.0:
1143;intermediateVaulx@1.0:
121;intermediateVaulx@1.0:
377;intermediateVaulx@1.0:
633;intermediateVaulx@1.0:
1409;intermediateVaulx@1.0:
898;intermediateVaulx@1.0:
1154;intermediateVaulx@1.0:
131;intermediateVaulx@1.0:
388;intermediateVaulx@1.0:
644;intermediateVaulx@1.0:
1419;intermediateVaulx@1.0:
909;intermediateVaulx@1.0:
1165;intermediateVaulx@1.0:
142;intermediateVaulx@1.0:
399;intermediateVaulx@1.0:
655;intermediateVaulx@1.0:
1430;intermediateVaulx@1.0:
152;intermediateVaulx@1.0:
920;intermediateVaulx@1.0:
410;intermediateVaulx@1.0:
1441;intermediateVaulx@1.0:
1186;intermediateVaulx@1.0:
163;intermediateVaulx@1.0:
931;intermediateVaulx@1.0:
421;intermediateVaulx@1.0:
677;intermediateVaulx@1.0:
1451;intermediateVaulx@1.0:
941;intermediateVaulx@1.0:
1197;intermediateVaulx@1.0:
174;intermediateVaulx@1.0:
432;intermediateVaulx@1.0:
688;intermediateVaulx@1.0:
1462;intermediateVaulx@1.0:
1207;intermediateVaulx@1.0:
184;intermediateVaulx@1.0:
700;intermediateVaulx@1.0:
1472;intermediateVaulx@1.0:
1218;intermediateVaulx@1.0:
195;intermediateVaulx@1.0:
711;intermediateVaulx@1.0:
1483;intermediateVaulx@1.0:
973;intermediateVaulx@1.0:
1229;intermediateVaulx@1.0:
206;intermediateVaulx@1.0:
465;intermediateVaulx@1.0:
722;intermediateVaulx@1.0:
1494;intermediateVaulx@1.0:
1239;intermediateVaulx@1.0:
216;intermediateVaulx@1.0:
984;intermediateVaulx@1.0:
476;intermediateVaulx@1.0:
734;intermediateVaulx@1.0:
1505;intermediateVaulx@1.0:
994;intermediateVaulx@1.0:
1250;intermediateVaulx@1.0:
227;intermediateVaulx@1.0:
487;intermediateVaulx@1.0:
745;intermediateVaulx@1.0:
1515;intermediateVaulx@1.0:
1005;intermediateVaulx@1.0:
1261;intermediateVaulx@1.0:
238;intermediateVaulx@1.0:
498;intermediateVaulx@1.0:
756;intermediateVaulx@1.0:
1271;intermediateVaulx@1.0:
1016;intermediateVaulx@1.0:
249;intermediateVaulx@1.0:
509;intermediateVaulx@1.0:
768;intermediateLyon@1.0:
1;intermediateLyon@1.0:
1282;intermediateLyon@1.0:
1027;intermediateLyon@1.0:
260;intermediateLyon@1.0:
521;intermediateLyon@1.0:
1546;intermediateLyon@1.0:
779;intermediateLyon@1.0:
12;intermediateLyon@1.0:
1037;intermediateLyon@1.0:
270;intermediateLyon@1.0:
1557;intermediateLyon@1.0:
23;intermediateLyon@1.0:
1048;intermediateLyon@1.0:
281;intermediateLyon@1.0:
543;intermediateLyon@1.0:
1567;intermediateLyon@1.0:
1313;intermediateLyon@1.0:
34;intermediateLyon@1.0:
1059;intermediateLyon@1.0:
554;intermediateLyon@1.0:
1578;intermediateLyon@1.0:
811;intermediateLyon@1.0:
1324;intermediateLyon@1.0:
45;intermediateLyon@1.0:
1070;intermediateLyon@1.0:
821;intermediateLyon@1.0:
566;intermediateLyon@1.0:
1335;intermediateLyon@1.0:
56;intermediateLyon@1.0:
313;intermediateLyon@1.0:
832;intermediateLyon@1.0:
577;intermediateLyon@1.0:
1345;intermediateLyon@1.0:
67;intermediateLyon@1.0:
323;intermediateLyon@1.0:
588;intermediateLyon@1.0:
844;intermediateLyon@1.0:
1356;intermediateLyon@1.0:
1101;intermediateLyon@1.0:
78;intermediateLyon@1.0:
334;intermediateLyon@1.0:
599;intermediateLyon@1.0:
855;intermediateLyon@1.0:
1367;intermediateLyon@1.0:
1112;intermediateLyon@1.0:
345;intermediateLyon@1.0:
1377;intermediateLyon@1.0:
610;intermediateLyon@1.0:
866;intermediateLyon@1.0:
1122;intermediateLyon@1.0:
356;intermediateLyon@1.0:
1388;intermediateLyon@1.0:
621;intermediateLyon@1.0:
877;intermediateLyon@1.0:
1133;intermediateLyon@1.0:
110;intermediateLyon@1.0:
367;intermediateLyon@1.0:
1398;intermediateLyon@1.0:
887;intermediateLyon@1.0:
1143;intermediateLyon@1.0:
121;intermediateLyon@1.0:
377;intermediateLyon@1.0:
633;intermediateLyon@1.0:
1409;intermediateLyon@1.0:
898;intermediateLyon@1.0:
1154;intermediateLyon@1.0:
131;intermediateLyon@1.0:
388;intermediateLyon@1.0:
644;intermediateLyon@1.0:
1419;intermediateLyon@1.0:
909;intermediateLyon@1.0:
1165;intermediateLyon@1.0:
142;intermediateLyon@1.0:
399;intermediateLyon@1.0:
655;intermediateLyon@1.0:
1430;intermediateLyon@1.0:
152;intermediateLyon@1.0:
920;intermediateLyon@1.0:
410;intermediateLyon@1.0:
1441;intermediateLyon@1.0:
1186;intermediateLyon@1.0:
163;intermediateLyon@1.0:
931;intermediateLyon@1.0:
421;intermediateLyon@1.0:
677;intermediateLyon@1.0:
1451;intermediateLyon@1.0:
941;intermediateLyon@1.0:
1197;intermediateLyon@1.0:
174;intermediateLyon@1.0:
432;intermediateLyon@1.0:
688;intermediateLyon@1.0:
1207;intermediateLyon@1.0:
184;intermediateLyon@1.0:
700;intermediateLyon@1.0:
1472;intermediateLyon@1.0:
1218;intermediateLyon@1.0:
711;intermediateLyon@1.0:
1483;intermediateLyon@1.0:
973;intermediateLyon@1.0:
1229;intermediateLyon@1.0:
206;intermediateLyon@1.0:
465;intermediateLyon@1.0:
722;intermediateLyon@1.0:
1494;intermediateLyon@1.0:
1239;intermediateLyon@1.0:
216;intermediateLyon@1.0:
984;intermediateLyon@1.0:
476;intermediateLyon@1.0:
734;intermediateLyon@1.0:
1505;intermediateLyon@1.0:
994;intermediateLyon@1.0:
1250;intermediateLyon@1.0:
227;intermediateLyon@1.0:
487;intermediateLyon@1.0:
745;intermediateLyon@1.0:
1515;intermediateLyon@1.0:
1005;intermediateLyon@1.0:
1261;intermediateLyon@1.0:
238;intermediateLyon@1.0:
498;intermediateLyon@1.0:
756;intermediateLyon@1.0:
1271;intermediateLyon@1.0:
1016;intermediateLyon@1.0:
249;intermediateLyon@1.0:
509;intermediateLyon@1.0:
