timestamp;actions
1;sink@12.0:
1025;sink@4.0:
259;sink@4.0:
771;sink@12.0:
516;sink@12.0:
-10;sink@6.0:
1289;sink@3.0:
11;sink@12.0:
1036;sink@4.0:
269;sink@4.0:
783;sink@12.0:
528;sink@12.0:
1300;sink@3.0:
1046;sink@2.0:
23;sink@12.0:
280;sink@4.0:
539;sink@12.0:
795;sink@12.0:
1057;sink@2.0:
34;sink@12.0:
291;sink@4.0:
551;sink@12.0:
807;sink@12.0:
1321;sink@1.0:
1067;sink@2.0:
45;sink@12.0:
302;sink@4.0:
818;sink@12.0:
563;sink@12.0:
1331;sink@1.0:
1078;sink@2.0:
56;sink@12.0:
313;sink@4.0:
829;sink@12.0:
574;sink@12.0:
1342;sink@1.0:
1088;sink@2.0:
324;sink@4.0:
1352;sink@1.0:
841;sink@12.0:
586;sink@12.0:
1099;sink@2.0:
77;sink@1.0:
334;sink@7.0:
1363;sink@1.0:
852;sink@12.0:
597;sink@12.0:
1109;sink@2.0:
88;sink@1.0:
345;sink@7.0:
1373;sink@1.0:
864;sink@12.0:
1120;sink@2.0:
609;sink@12.0:
98;sink@1.0:
356;sink@7.0:
1384;sink@1.0:
1130;sink@3.0:
875;sink@12.0:
620;sink@12.0:
109;sink@1.0:
367;sink@7.0:
1394;sink@1.0:
1141;sink@3.0:
886;sink@12.0:
119;sink@1.0:
632;sink@12.0:
379;sink@7.0:
1404;sink@1.0:
1152;sink@3.0:
897;sink@12.0:
130;sink@1.0:
643;sink@12.0:
390;sink@7.0:
1415;sink@1.0:
1162;sink@3.0:
140;sink@3.0:
908;sink@12.0:
655;sink@12.0:
1425;sink@1.0:
1173;sink@3.0:
151;sink@3.0:
666;sink@12.0:
411;sink@10.0:
1436;sink@1.0:
1183;sink@3.0:
162;sink@3.0:
930;sink@4.0:
422;sink@12.0:
678;sink@12.0:
1194;sink@3.0:
172;sink@3.0:
940;sink@4.0:
689;sink@12.0:
434;sink@12.0:
1205;sink@3.0:
183;sink@3.0:
951;sink@4.0:
701;sink@12.0:
446;sink@12.0:
1215;sink@3.0:
194;sink@3.0:
962;sink@4.0:
457;sink@12.0:
713;sink@12.0:
1226;sink@3.0:
972;sink@4.0:
205;sink@3.0:
1236;sink@3.0:
469;sink@12.0:
725;sink@12.0:
983;sink@4.0:
216;sink@3.0:
1247;sink@3.0:
736;sink@12.0:
481;sink@12.0:
993;sink@4.0:
226;sink@3.0:
1258;sink@3.0:
492;sink@12.0:
748;sink@12.0:
1004;sink@4.0:
237;sink@4.0:
1268;sink@3.0:
759;sink@12.0:
1015;sink@4.0:
248;sink@4.0:
504;sink@12.0:
1279;sink@3.0:
1;intermediate@1.0:
1025;intermediate@1.0:
259;intermediate@1.0:
771;intermediate@1.0:
516;intermediate@1.0:
-10;intermediate@1.0:
1289;intermediate@1.0:
11;intermediate@1.0:
1036;intermediate@1.0:
269;intermediate@1.0:
783;intermediate@1.0:
528;intermediate@1.0:
1300;intermediate@1.0:
1046;intermediate@1.0:
23;intermediate@1.0:
280;intermediate@1.0:
539;intermediate@1.0:
795;intermediate@1.0:
1310;intermediate@1.0:
1057;intermediate@1.0:
34;intermediate@1.0:
291;intermediate@1.0:
551;intermediate@1.0:
807;intermediate@1.0:
1321;intermediate@1.0:
1067;intermediate@1.0:
45;intermediate@1.0:
302;intermediate@1.0:
818;intermediate@1.0:
563;intermediate@1.0:
1331;intermediate@1.0:
1078;intermediate@1.0:
56;intermediate@1.0:
313;intermediate@1.0:
829;intermediate@1.0:
574;intermediate@1.0:
1342;intermediate@1.0:
1088;intermediate@1.0:
67;intermediate@1.0:
324;intermediate@1.0:
1352;intermediate@1.0:
841;intermediate@1.0:
586;intermediate@1.0:
1099;intermediate@1.0:
77;intermediate@1.0:
334;intermediate@1.0:
1363;intermediate@1.0:
852;intermediate@1.0:
597;intermediate@1.0:
1109;intermediate@1.0:
88;intermediate@1.0:
345;intermediate@1.0:
1373;intermediate@1.0:
864;intermediate@1.0:
1120;intermediate@1.0:
609;intermediate@1.0:
98;intermediate@1.0:
356;intermediate@1.0:
1384;intermediate@1.0:
1130;intermediate@1.0:
875;intermediate@1.0:
620;intermediate@1.0:
109;intermediate@1.0:
367;intermediate@1.0:
1394;intermediate@1.0:
1141;intermediate@1.0:
886;intermediate@1.0:
119;intermediate@1.0:
632;intermediate@1.0:
379;intermediate@1.0:
1404;intermediate@1.0:
1152;intermediate@1.0:
897;intermediate@1.0:
130;intermediate@1.0:
643;intermediate@1.0:
390;intermediate@1.0:
1415;intermediate@1.0:
1162;intermediate@1.0:
140;intermediate@1.0:
908;intermediate@1.0:
655;intermediate@1.0:
401;intermediate@1.0:
1425;intermediate@1.0:
1173;intermediate@1.0:
151;intermediate@1.0:
919;intermediate@1.0:
666;intermediate@1.0:
411;intermediate@1.0:
1436;intermediate@1.0:
1183;intermediate@1.0:
162;intermediate@1.0:
930;intermediate@1.0:
422;intermediate@1.0:
678;intermediate@1.0:
1194;intermediate@1.0:
172;intermediate@1.0:
940;intermediate@1.0:
689;intermediate@1.0:
434;intermediate@1.0:
1205;intermediate@1.0:
183;intermediate@1.0:
951;intermediate@1.0:
701;intermediate@1.0:
446;intermediate@1.0:
1215;intermediate@1.0:
194;intermediate@1.0:
962;intermediate@1.0:
457;intermediate@1.0:
713;intermediate@1.0:
1226;intermediate@1.0:
972;intermediate@1.0:
205;intermediate@1.0:
1236;intermediate@1.0:
469;intermediate@1.0:
725;intermediate@1.0:
983;intermediate@1.0:
216;intermediate@1.0:
1247;intermediate@1.0:
736;intermediate@1.0:
481;intermediate@1.0:
993;intermediate@1.0:
226;intermediate@1.0:
1258;intermediate@1.0:
492;intermediate@1.0:
748;intermediate@1.0:
1004;intermediate@1.0:
237;intermediate@1.0:
1268;intermediate@1.0:
759;intermediate@1.0:
1015;intermediate@1.0:
248;intermediate@1.0:
504;intermediate@1.0:
1279;intermediate@1.0:
timestamp;actions
512;sink@12.0:
768;sink@12.0:
1;sink@12.0:
257;sink@12.0:
1287;sink@12.0:
-10;sink@4.0:
1034;sink@12.0:
779;sink@12.0:
12;sink@12.0:
524;sink@12.0:
269;sink@12.0:
1298;sink@12.0:
1045;sink@12.0:
23;sink@12.0:
535;sink@12.0:
791;sink@12.0:
280;sink@12.0:
1309;sink@12.0:
1056;sink@12.0:
34;sink@12.0:
802;sink@12.0:
291;sink@12.0:
547;sink@12.0:
1319;sink@12.0:
1067;sink@12.0:
45;sink@12.0:
813;sink@12.0:
303;sink@12.0:
559;sink@12.0:
1330;sink@12.0:
1078;sink@12.0:
56;sink@12.0:
825;sink@12.0:
314;sink@12.0:
570;sink@12.0:
1341;sink@12.0:
1089;sink@12.0:
67;sink@12.0:
836;sink@12.0:
326;sink@12.0:
582;sink@12.0:
1352;sink@12.0:
1100;sink@12.0:
79;sink@12.0:
847;sink@12.0:
337;sink@12.0:
594;sink@12.0:
1363;sink@12.0:
1111;sink@12.0:
90;sink@12.0:
858;sink@12.0:
349;sink@12.0:
606;sink@12.0:
1374;sink@12.0:
1122;sink@12.0:
101;sink@12.0:
869;sink@12.0:
360;sink@12.0:
617;sink@12.0:
1385;sink@12.0:
1133;sink@12.0:
112;sink@12.0:
880;sink@12.0:
372;sink@12.0:
628;sink@12.0:
1144;sink@12.0:
123;sink@12.0:
891;sink@12.0:
384;sink@12.0:
640;sink@12.0:
1155;sink@12.0:
134;sink@12.0:
902;sink@12.0:
651;sink@12.0:
396;sink@12.0:
1166;sink@12.0:
145;sink@12.0:
913;sink@12.0:
407;sink@12.0:
663;sink@12.0:
1177;sink@12.0:
156;sink@12.0:
924;sink@12.0:
419;sink@12.0:
675;sink@12.0:
1188;sink@12.0:
167;sink@12.0:
935;sink@12.0:
431;sink@12.0:
687;sink@12.0:
1199;sink@12.0:
946;sink@12.0:
179;sink@12.0:
1209;sink@12.0:
443;sink@12.0:
699;sink@12.0:
957;sink@12.0:
190;sink@12.0:
1221;sink@12.0:
454;sink@12.0:
710;sink@12.0:
968;sink@12.0:
201;sink@12.0:
1232;sink@12.0:
466;sink@12.0:
722;sink@12.0:
979;sink@12.0:
213;sink@12.0:
1243;sink@12.0:
477;sink@12.0:
734;sink@12.0:
990;sink@12.0:
224;sink@12.0:
1254;sink@12.0:
489;sink@12.0:
745;sink@12.0:
1001;sink@12.0:
235;sink@12.0:
1264;sink@12.0:
1012;sink@12.0:
501;sink@12.0:
757;sink@12.0:
246;sink@12.0:
1275;sink@12.0:
1023;sink@12.0:
512;intermediate@1.0:
768;intermediate@1.0:
1;intermediate@1.0:
257;intermediate@1.0:
1287;intermediate@1.0:
1034;intermediate@1.0:
779;intermediate@1.0:
12;intermediate@1.0:
524;intermediate@1.0:
269;intermediate@1.0:
1298;intermediate@1.0:
1045;intermediate@1.0:
23;intermediate@1.0:
535;intermediate@1.0:
791;intermediate@1.0:
280;intermediate@1.0:
1309;intermediate@1.0:
1056;intermediate@1.0:
34;intermediate@1.0:
802;intermediate@1.0:
291;intermediate@1.0:
547;intermediate@1.0:
1319;intermediate@1.0:
1067;intermediate@1.0:
45;intermediate@1.0:
813;intermediate@1.0:
303;intermediate@1.0:
559;intermediate@1.0:
1330;intermediate@1.0:
1078;intermediate@1.0:
56;intermediate@1.0:
825;intermediate@1.0:
314;intermediate@1.0:
570;intermediate@1.0:
1341;intermediate@1.0:
1089;intermediate@1.0:
67;intermediate@1.0:
836;intermediate@1.0:
326;intermediate@1.0:
582;intermediate@1.0:
1352;intermediate@1.0:
1100;intermediate@1.0:
79;intermediate@1.0:
847;intermediate@1.0:
337;intermediate@1.0:
594;intermediate@1.0:
1363;intermediate@1.0:
1111;intermediate@1.0:
90;intermediate@1.0:
858;intermediate@1.0:
349;intermediate@1.0:
606;intermediate@1.0:
1374;intermediate@1.0:
1122;intermediate@1.0:
101;intermediate@1.0:
869;intermediate@1.0:
360;intermediate@1.0:
617;intermediate@1.0:
1385;intermediate@1.0:
1133;intermediate@1.0:
112;intermediate@1.0:
880;intermediate@1.0:
372;intermediate@1.0:
628;intermediate@1.0:
1144;intermediate@1.0:
123;intermediate@1.0:
891;intermediate@1.0:
384;intermediate@1.0:
640;intermediate@1.0:
1155;intermediate@1.0:
134;intermediate@1.0:
902;intermediate@1.0:
651;intermediate@1.0:
396;intermediate@1.0:
1166;intermediate@1.0:
145;intermediate@1.0:
913;intermediate@1.0:
407;intermediate@1.0:
663;intermediate@1.0:
1177;intermediate@1.0:
156;intermediate@1.0:
924;intermediate@1.0:
419;intermediate@1.0:
675;intermediate@1.0:
1188;intermediate@1.0:
167;intermediate@1.0:
935;intermediate@1.0:
431;intermediate@1.0:
687;intermediate@1.0:
1199;intermediate@1.0:
946;intermediate@1.0:
179;intermediate@1.0:
1209;intermediate@1.0:
443;intermediate@1.0:
699;intermediate@1.0:
957;intermediate@1.0:
190;intermediate@1.0:
1221;intermediate@1.0:
454;intermediate@1.0:
710;intermediate@1.0:
968;intermediate@1.0:
201;intermediate@1.0:
1232;intermediate@1.0:
466;intermediate@1.0:
722;intermediate@1.0:
979;intermediate@1.0:
213;intermediate@1.0:
1243;intermediate@1.0:
477;intermediate@1.0:
734;intermediate@1.0:
990;intermediate@1.0:
224;intermediate@1.0:
1254;intermediate@1.0:
489;intermediate@1.0:
745;intermediate@1.0:
1001;intermediate@1.0:
235;intermediate@1.0:
1264;intermediate@1.0:
1012;intermediate@1.0:
501;intermediate@1.0:
757;intermediate@1.0:
246;intermediate@1.0:
1275;intermediate@1.0:
1023;intermediate@1.0:
