timestamp;actions
768;sink@12.0:
1;sink@12.0:
260;sink@4.0:
1031;sink@4.0:
1288;sink@3.0:
522;sink@12.0:
12;sink@12.0:
780;sink@12.0:
271;sink@4.0:
1042;sink@4.0:
1299;sink@3.0:
533;sink@12.0:
791;sink@12.0:
24;sink@12.0:
282;sink@4.0:
1052;sink@4.0:
1311;sink@3.0:
545;sink@12.0:
803;sink@12.0:
36;sink@12.0:
294;sink@4.0:
1064;sink@4.0:
1321;sink@3.0:
557;sink@12.0:
815;sink@12.0:
305;sink@4.0:
50;sink@12.0:
1076;sink@4.0:
1332;sink@3.0:
569;sink@12.0:
827;sink@12.0:
317;sink@2.0:
62;sink@12.0:
1086;sink@2.0:
1343;sink@3.0:
581;sink@12.0:
839;sink@12.0:
329;sink@5.0:
1097;sink@2.0:
593;sink@12.0:
851;sink@12.0:
1363;sink@1.0:
1108;sink@2.0:
341;sink@5.0:
604;sink@12.0:
1118;sink@2.0:
1374;sink@1.0:
863;sink@12.0:
352;sink@5.0:
98;sink@1.0:
616;sink@12.0:
1128;sink@2.0:
1385;sink@1.0:
363;sink@5.0:
875;sink@12.0:
109;sink@1.0:
627;sink@12.0:
1139;sink@2.0:
1395;sink@1.0:
886;sink@12.0:
375;sink@5.0:
120;sink@1.0:
1150;sink@2.0:
1406;sink@1.0:
639;sink@12.0:
898;sink@12.0:
131;sink@1.0:
1160;sink@2.0:
1416;sink@1.0:
650;sink@12.0:
396;sink@10.0:
909;sink@12.0:
142;sink@1.0:
1171;sink@2.0:
1427;sink@2.0:
662;sink@12.0:
407;sink@10.0:
153;sink@1.0:
921;sink@12.0:
1181;sink@2.0:
1437;sink@2.0:
674;sink@12.0:
419;sink@10.0:
164;sink@1.0:
932;sink@12.0:
1192;sink@2.0:
1448;sink@2.0:
174;sink@1.0:
430;sink@10.0:
686;sink@12.0:
944;sink@12.0:
1458;sink@2.0:
1203;sink@2.0:
185;sink@3.0:
442;sink@10.0:
698;sink@12.0:
955;sink@12.0:
1469;sink@2.0:
1214;sink@2.0:
196;sink@3.0:
453;sink@10.0:
709;sink@12.0:
966;sink@12.0:
1479;sink@2.0:
1224;sink@2.0:
206;sink@3.0:
465;sink@10.0:
721;sink@12.0:
977;sink@12.0:
1490;sink@1.0:
1235;sink@2.0:
217;sink@3.0:
1500;sink@3.0:
733;sink@12.0:
1246;sink@2.0:
228;sink@3.0:
487;sink@10.0:
999;sink@4.0:
1511;sink@3.0:
1256;sink@2.0:
745;sink@12.0:
239;sink@3.0:
1009;sink@4.0:
498;sink@12.0:
1522;sink@3.0:
1267;sink@1.0:
756;sink@12.0:
1020;sink@4.0:
1532;sink@3.0:
1277;sink@3.0:
510;sink@12.0:
768;intermediate@1.0:
1;intermediate@12.0:
260;intermediate@1.0:
1031;intermediate@1.0:
1288;intermediate@1.0:
522;intermediate@1.0:
12;intermediate@12.0:
780;intermediate@1.0:
271;intermediate@1.0:
1042;intermediate@1.0:
1299;intermediate@1.0:
533;intermediate@1.0:
791;intermediate@1.0:
24;intermediate@12.0:
282;intermediate@1.0:
1052;intermediate@1.0:
1311;intermediate@1.0:
545;intermediate@1.0:
803;intermediate@1.0:
36;intermediate@12.0:
294;intermediate@1.0:
1064;intermediate@1.0:
1321;intermediate@1.0:
557;intermediate@1.0:
815;intermediate@1.0:
305;intermediate@1.0:
50;intermediate@12.0:
1076;intermediate@1.0:
1332;intermediate@1.0:
569;intermediate@1.0:
827;intermediate@1.0:
317;intermediate@1.0:
62;intermediate@12.0:
1086;intermediate@1.0:
1343;intermediate@1.0:
581;intermediate@1.0:
839;intermediate@1.0:
329;intermediate@1.0:
1097;intermediate@1.0:
1353;intermediate@1.0:
75;intermediate@11.0:
593;intermediate@1.0:
851;intermediate@1.0:
1363;intermediate@1.0:
1108;intermediate@1.0:
341;intermediate@1.0:
604;intermediate@1.0:
1118;intermediate@1.0:
1374;intermediate@1.0:
863;intermediate@1.0:
352;intermediate@1.0:
98;intermediate@1.0:
616;intermediate@1.0:
1128;intermediate@1.0:
1385;intermediate@1.0:
363;intermediate@1.0:
875;intermediate@1.0:
109;intermediate@1.0:
627;intermediate@1.0:
1139;intermediate@1.0:
1395;intermediate@1.0:
886;intermediate@1.0:
375;intermediate@1.0:
120;intermediate@1.0:
1150;intermediate@1.0:
1406;intermediate@1.0:
639;intermediate@1.0:
385;intermediate@1.0:
898;intermediate@1.0:
131;intermediate@1.0:
1160;intermediate@1.0:
1416;intermediate@1.0:
650;intermediate@1.0:
396;intermediate@1.0:
909;intermediate@1.0:
142;intermediate@1.0:
1171;intermediate@1.0:
1427;intermediate@1.0:
662;intermediate@1.0:
407;intermediate@1.0:
153;intermediate@1.0:
921;intermediate@1.0:
1181;intermediate@1.0:
1437;intermediate@1.0:
674;intermediate@1.0:
419;intermediate@1.0:
164;intermediate@1.0:
932;intermediate@1.0:
1192;intermediate@1.0:
1448;intermediate@1.0:
174;intermediate@1.0:
430;intermediate@1.0:
686;intermediate@1.0:
944;intermediate@1.0:
1458;intermediate@1.0:
1203;intermediate@1.0:
185;intermediate@1.0:
442;intermediate@1.0:
698;intermediate@1.0:
955;intermediate@1.0:
1469;intermediate@1.0:
1214;intermediate@1.0:
196;intermediate@1.0:
453;intermediate@1.0:
709;intermediate@1.0:
966;intermediate@1.0:
1479;intermediate@1.0:
1224;intermediate@1.0:
206;intermediate@1.0:
465;intermediate@1.0:
721;intermediate@1.0:
977;intermediate@1.0:
1490;intermediate@1.0:
1235;intermediate@1.0:
217;intermediate@1.0:
988;intermediate@1.0:
1500;intermediate@1.0:
477;intermediate@1.0:
733;intermediate@1.0:
1246;intermediate@1.0:
228;intermediate@1.0:
487;intermediate@1.0:
999;intermediate@1.0:
1511;intermediate@1.0:
1256;intermediate@1.0:
745;intermediate@1.0:
239;intermediate@1.0:
1009;intermediate@1.0:
498;intermediate@1.0:
1522;intermediate@1.0:
1267;intermediate@1.0:
756;intermediate@1.0:
250;intermediate@1.0:
1020;intermediate@1.0:
1532;intermediate@1.0:
1277;intermediate@1.0:
510;intermediate@1.0:
