timestamp;actions
1;intermediateVilleurbanne@1.0:
257;intermediateVilleurbanne@1.0:
1284;intermediateVilleurbanne@1.0:
1033;intermediateVilleurbanne@1.0:
522;intermediateVilleurbanne@1.0:
779;intermediateVilleurbanne@1.0:
1547;intermediateVilleurbanne@1.0:
13;intermediateVilleurbanne@1.0:
270;intermediateVilleurbanne@1.0:
1297;intermediateVilleurbanne@1.0:
1044;intermediateVilleurbanne@1.0:
534;intermediateVilleurbanne@1.0:
792;intermediateVilleurbanne@1.0:
25;intermediateVilleurbanne@1.0:
282;intermediateVilleurbanne@1.0:
1309;intermediateVilleurbanne@1.0:
1056;intermediateVilleurbanne@1.0:
546;intermediateVilleurbanne@1.0:
36;intermediateVilleurbanne@1.0:
804;intermediateVilleurbanne@1.0:
295;intermediateVilleurbanne@1.0:
1320;intermediateVilleurbanne@1.0:
1067;intermediateVilleurbanne@1.0:
558;intermediateVilleurbanne@1.0:
48;intermediateVilleurbanne@1.0:
817;intermediateVilleurbanne@1.0:
307;intermediateVilleurbanne@1.0:
1331;intermediateVilleurbanne@1.0:
1078;intermediateVilleurbanne@1.0:
59;intermediateVilleurbanne@1.0:
572;intermediateVilleurbanne@1.0:
830;intermediateVilleurbanne@1.0:
319;intermediateVilleurbanne@1.0:
1343;intermediateVilleurbanne@1.0:
1090;intermediateVilleurbanne@1.0:
71;intermediateVilleurbanne@1.0:
585;intermediateVilleurbanne@1.0:
331;intermediateVilleurbanne@1.0:
843;intermediateVilleurbanne@1.0:
1355;intermediateVilleurbanne@1.0:
1101;intermediateVilleurbanne@1.0:
82;intermediateVilleurbanne@1.0:
598;intermediateVilleurbanne@1.0:
1366;intermediateVilleurbanne@1.0:
343;intermediateVilleurbanne@1.0:
857;intermediateVilleurbanne@1.0:
1113;intermediateVilleurbanne@1.0:
94;intermediateVilleurbanne@1.0:
1378;intermediateVilleurbanne@1.0:
355;intermediateVilleurbanne@1.0:
611;intermediateVilleurbanne@1.0:
1124;intermediateVilleurbanne@1.0:
870;intermediateVilleurbanne@1.0:
105;intermediateVilleurbanne@1.0:
1389;intermediateVilleurbanne@1.0:
367;intermediateVilleurbanne@1.0:
623;intermediateVilleurbanne@1.0:
1136;intermediateVilleurbanne@1.0:
117;intermediateVilleurbanne@1.0:
885;intermediateVilleurbanne@1.0:
1400;intermediateVilleurbanne@1.0:
379;intermediateVilleurbanne@1.0:
1147;intermediateVilleurbanne@1.0:
636;intermediateVilleurbanne@1.0:
128;intermediateVilleurbanne@1.0:
900;intermediateVilleurbanne@1.0:
1412;intermediateVilleurbanne@1.0:
1159;intermediateVilleurbanne@1.0:
392;intermediateVilleurbanne@1.0:
649;intermediateVilleurbanne@1.0:
140;intermediateVilleurbanne@1.0:
1423;intermediateVilleurbanne@1.0:
914;intermediateVilleurbanne@1.0:
1170;intermediateVilleurbanne@1.0:
404;intermediateVilleurbanne@1.0:
661;intermediateVilleurbanne@1.0:
151;intermediateVilleurbanne@1.0:
1434;intermediateVilleurbanne@1.0:
1182;intermediateVilleurbanne@1.0:
928;intermediateVilleurbanne@1.0:
417;intermediateVilleurbanne@1.0:
163;intermediateVilleurbanne@1.0:
675;intermediateVilleurbanne@1.0:
1446;intermediateVilleurbanne@1.0:
1193;intermediateVilleurbanne@1.0:
429;intermediateVilleurbanne@1.0:
942;intermediateVilleurbanne@1.0:
175;intermediateVilleurbanne@1.0:
687;intermediateVilleurbanne@1.0:
1457;intermediateVilleurbanne@1.0:
1204;intermediateVilleurbanne@1.0:
441;intermediateVilleurbanne@1.0:
186;intermediateVilleurbanne@1.0:
699;intermediateVilleurbanne@1.0:
956;intermediateVilleurbanne@1.0:
1468;intermediateVilleurbanne@1.0:
1216;intermediateVilleurbanne@1.0:
198;intermediateVilleurbanne@1.0:
455;intermediateVilleurbanne@1.0:
1479;intermediateVilleurbanne@1.0:
712;intermediateVilleurbanne@1.0:
969;intermediateVilleurbanne@1.0:
1227;intermediateVilleurbanne@1.0:
210;intermediateVilleurbanne@1.0:
1490;intermediateVilleurbanne@1.0:
469;intermediateVilleurbanne@1.0:
726;intermediateVilleurbanne@1.0:
1238;intermediateVilleurbanne@1.0:
983;intermediateVilleurbanne@1.0:
222;intermediateVilleurbanne@1.0:
1502;intermediateVilleurbanne@1.0:
481;intermediateVilleurbanne@1.0:
1250;intermediateVilleurbanne@1.0:
739;intermediateVilleurbanne@1.0:
995;intermediateVilleurbanne@1.0:
233;intermediateVilleurbanne@1.0:
1513;intermediateVilleurbanne@1.0:
1261;intermediateVilleurbanne@1.0:
751;intermediateVilleurbanne@1.0:
496;intermediateVilleurbanne@1.0:
1008;intermediateVilleurbanne@1.0:
1524;intermediateVilleurbanne@1.0:
246;intermediateVilleurbanne@1.0:
1273;intermediateVilleurbanne@1.0:
1020;intermediateVilleurbanne@1.0:
509;intermediateVilleurbanne@1.0:
766;intermediateVilleurbanne@1.0:
1535;intermediateVilleurbanne@1.0:
1;sink@12.0:
257;sink@12.0:
1284;sink@12.0:
1033;sink@12.0:
522;sink@12.0:
779;sink@12.0:
1547;sink@12.0:
13;sink@12.0:
270;sink@12.0:
1297;sink@12.0:
1044;sink@12.0:
534;sink@12.0:
792;sink@12.0:
25;sink@12.0:
282;sink@12.0:
1309;sink@12.0:
1056;sink@12.0:
546;sink@12.0:
36;sink@12.0:
804;sink@12.0:
295;sink@12.0:
1320;sink@12.0:
1067;sink@12.0:
558;sink@12.0:
48;sink@12.0:
817;sink@12.0:
307;sink@12.0:
1331;sink@12.0:
1078;sink@12.0:
59;sink@12.0:
572;sink@12.0:
830;sink@12.0:
319;sink@12.0:
1343;sink@12.0:
1090;sink@12.0:
71;sink@12.0:
585;sink@12.0:
331;sink@12.0:
843;sink@12.0:
1355;sink@12.0:
1101;sink@12.0:
82;sink@12.0:
598;sink@12.0:
1366;sink@12.0:
343;sink@12.0:
857;sink@12.0:
1113;sink@12.0:
94;sink@12.0:
1378;sink@12.0:
355;sink@12.0:
611;sink@12.0:
1124;sink@12.0:
870;sink@12.0:
105;sink@12.0:
1389;sink@12.0:
367;sink@12.0:
623;sink@12.0:
1136;sink@12.0:
117;sink@12.0:
885;sink@12.0:
1400;sink@12.0:
379;sink@12.0:
1147;sink@12.0:
636;sink@12.0:
128;sink@12.0:
900;sink@12.0:
1412;sink@12.0:
1159;sink@12.0:
392;sink@12.0:
649;sink@12.0:
140;sink@12.0:
1423;sink@12.0:
914;sink@12.0:
1170;sink@12.0:
404;sink@12.0:
661;sink@12.0:
151;sink@12.0:
1434;sink@12.0:
1182;sink@12.0:
928;sink@12.0:
417;sink@12.0:
163;sink@12.0:
675;sink@12.0:
1446;sink@12.0:
1193;sink@12.0:
429;sink@12.0:
942;sink@12.0:
175;sink@12.0:
687;sink@12.0:
1457;sink@12.0:
1204;sink@12.0:
441;sink@12.0:
186;sink@12.0:
699;sink@12.0:
956;sink@12.0:
1468;sink@12.0:
1216;sink@12.0:
198;sink@12.0:
455;sink@12.0:
1479;sink@12.0:
712;sink@12.0:
969;sink@12.0:
1227;sink@12.0:
210;sink@12.0:
1490;sink@12.0:
469;sink@12.0:
726;sink@12.0:
1238;sink@12.0:
983;sink@12.0:
222;sink@12.0:
1502;sink@12.0:
481;sink@12.0:
1250;sink@12.0:
739;sink@12.0:
995;sink@12.0:
233;sink@12.0:
1513;sink@12.0:
1261;sink@12.0:
751;sink@12.0:
496;sink@12.0:
1008;sink@12.0:
1524;sink@12.0:
246;sink@12.0:
1273;sink@12.0:
1020;sink@12.0:
509;sink@12.0:
766;sink@12.0:
1535;sink@12.0:
1;intermediateVaulx@1.0:
257;intermediateVaulx@1.0:
1284;intermediateVaulx@1.0:
1033;intermediateVaulx@1.0:
522;intermediateVaulx@1.0:
779;intermediateVaulx@1.0:
1547;intermediateVaulx@1.0:
13;intermediateVaulx@1.0:
270;intermediateVaulx@1.0:
1297;intermediateVaulx@1.0:
1044;intermediateVaulx@1.0:
534;intermediateVaulx@1.0:
792;intermediateVaulx@1.0:
25;intermediateVaulx@1.0:
282;intermediateVaulx@1.0:
1309;intermediateVaulx@1.0:
1056;intermediateVaulx@1.0:
546;intermediateVaulx@1.0:
36;intermediateVaulx@1.0:
804;intermediateVaulx@1.0:
295;intermediateVaulx@1.0:
1320;intermediateVaulx@1.0:
1067;intermediateVaulx@1.0:
558;intermediateVaulx@1.0:
48;intermediateVaulx@1.0:
817;intermediateVaulx@1.0:
307;intermediateVaulx@1.0:
1331;intermediateVaulx@1.0:
1078;intermediateVaulx@1.0:
59;intermediateVaulx@1.0:
572;intermediateVaulx@1.0:
830;intermediateVaulx@1.0:
319;intermediateVaulx@1.0:
1343;intermediateVaulx@1.0:
1090;intermediateVaulx@1.0:
71;intermediateVaulx@1.0:
585;intermediateVaulx@1.0:
331;intermediateVaulx@1.0:
843;intermediateVaulx@1.0:
1355;intermediateVaulx@1.0:
1101;intermediateVaulx@1.0:
82;intermediateVaulx@1.0:
598;intermediateVaulx@1.0:
1366;intermediateVaulx@1.0:
343;intermediateVaulx@1.0:
857;intermediateVaulx@1.0:
1113;intermediateVaulx@1.0:
94;intermediateVaulx@1.0:
1378;intermediateVaulx@1.0:
355;intermediateVaulx@1.0:
611;intermediateVaulx@1.0:
1124;intermediateVaulx@1.0:
870;intermediateVaulx@1.0:
105;intermediateVaulx@1.0:
1389;intermediateVaulx@1.0:
367;intermediateVaulx@1.0:
623;intermediateVaulx@1.0:
1136;intermediateVaulx@1.0:
117;intermediateVaulx@1.0:
885;intermediateVaulx@1.0:
1400;intermediateVaulx@1.0:
379;intermediateVaulx@1.0:
1147;intermediateVaulx@1.0:
636;intermediateVaulx@1.0:
128;intermediateVaulx@1.0:
900;intermediateVaulx@1.0:
1412;intermediateVaulx@1.0:
1159;intermediateVaulx@1.0:
392;intermediateVaulx@1.0:
649;intermediateVaulx@1.0:
140;intermediateVaulx@1.0:
1423;intermediateVaulx@1.0:
914;intermediateVaulx@1.0:
1170;intermediateVaulx@1.0:
404;intermediateVaulx@1.0:
661;intermediateVaulx@1.0:
151;intermediateVaulx@1.0:
1434;intermediateVaulx@1.0:
1182;intermediateVaulx@1.0:
928;intermediateVaulx@1.0:
417;intermediateVaulx@1.0:
163;intermediateVaulx@1.0:
675;intermediateVaulx@1.0:
1446;intermediateVaulx@1.0:
1193;intermediateVaulx@1.0:
429;intermediateVaulx@1.0:
942;intermediateVaulx@1.0:
175;intermediateVaulx@1.0:
687;intermediateVaulx@1.0:
1457;intermediateVaulx@1.0:
1204;intermediateVaulx@1.0:
441;intermediateVaulx@1.0:
186;intermediateVaulx@1.0:
699;intermediateVaulx@1.0:
956;intermediateVaulx@1.0:
1468;intermediateVaulx@1.0:
1216;intermediateVaulx@1.0:
198;intermediateVaulx@1.0:
455;intermediateVaulx@1.0:
1479;intermediateVaulx@1.0:
712;intermediateVaulx@1.0:
969;intermediateVaulx@1.0:
1227;intermediateVaulx@1.0:
210;intermediateVaulx@1.0:
1490;intermediateVaulx@1.0:
469;intermediateVaulx@1.0:
726;intermediateVaulx@1.0:
1238;intermediateVaulx@1.0:
983;intermediateVaulx@1.0:
222;intermediateVaulx@1.0:
1502;intermediateVaulx@1.0:
481;intermediateVaulx@1.0:
1250;intermediateVaulx@1.0:
739;intermediateVaulx@1.0:
995;intermediateVaulx@1.0:
233;intermediateVaulx@1.0:
1513;intermediateVaulx@1.0:
1261;intermediateVaulx@1.0:
751;intermediateVaulx@1.0:
496;intermediateVaulx@1.0:
1008;intermediateVaulx@1.0:
1524;intermediateVaulx@1.0:
246;intermediateVaulx@1.0:
1273;intermediateVaulx@1.0:
1020;intermediateVaulx@1.0:
509;intermediateVaulx@1.0:
766;intermediateVaulx@1.0:
1535;intermediateVaulx@1.0:
1;intermediateLyon@1.0:
257;intermediateLyon@1.0:
1284;intermediateLyon@1.0:
1033;intermediateLyon@1.0:
522;intermediateLyon@1.0:
779;intermediateLyon@1.0:
1547;intermediateLyon@1.0:
13;intermediateLyon@1.0:
270;intermediateLyon@1.0:
1297;intermediateLyon@1.0:
1044;intermediateLyon@1.0:
534;intermediateLyon@1.0:
792;intermediateLyon@1.0:
25;intermediateLyon@1.0:
282;intermediateLyon@1.0:
1309;intermediateLyon@1.0:
1056;intermediateLyon@1.0:
546;intermediateLyon@1.0:
36;intermediateLyon@1.0:
804;intermediateLyon@1.0:
295;intermediateLyon@1.0:
1320;intermediateLyon@1.0:
1067;intermediateLyon@1.0:
558;intermediateLyon@1.0:
48;intermediateLyon@1.0:
817;intermediateLyon@1.0:
307;intermediateLyon@1.0:
1331;intermediateLyon@1.0:
1078;intermediateLyon@1.0:
59;intermediateLyon@1.0:
572;intermediateLyon@1.0:
830;intermediateLyon@1.0:
319;intermediateLyon@1.0:
1343;intermediateLyon@1.0:
1090;intermediateLyon@1.0:
71;intermediateLyon@1.0:
585;intermediateLyon@1.0:
331;intermediateLyon@1.0:
843;intermediateLyon@1.0:
1355;intermediateLyon@1.0:
1101;intermediateLyon@1.0:
82;intermediateLyon@1.0:
598;intermediateLyon@1.0:
1366;intermediateLyon@1.0:
343;intermediateLyon@1.0:
857;intermediateLyon@1.0:
1113;intermediateLyon@1.0:
94;intermediateLyon@1.0:
1378;intermediateLyon@1.0:
355;intermediateLyon@1.0:
611;intermediateLyon@1.0:
1124;intermediateLyon@1.0:
870;intermediateLyon@1.0:
105;intermediateLyon@1.0:
1389;intermediateLyon@1.0:
367;intermediateLyon@1.0:
623;intermediateLyon@1.0:
1136;intermediateLyon@1.0:
117;intermediateLyon@1.0:
885;intermediateLyon@1.0:
1400;intermediateLyon@1.0:
379;intermediateLyon@1.0:
1147;intermediateLyon@1.0:
636;intermediateLyon@1.0:
128;intermediateLyon@1.0:
900;intermediateLyon@1.0:
1412;intermediateLyon@1.0:
1159;intermediateLyon@1.0:
392;intermediateLyon@1.0:
649;intermediateLyon@1.0:
140;intermediateLyon@1.0:
1423;intermediateLyon@1.0:
914;intermediateLyon@1.0:
1170;intermediateLyon@1.0:
404;intermediateLyon@1.0:
661;intermediateLyon@1.0:
151;intermediateLyon@1.0:
1434;intermediateLyon@1.0:
1182;intermediateLyon@1.0:
928;intermediateLyon@1.0:
417;intermediateLyon@1.0:
163;intermediateLyon@1.0:
675;intermediateLyon@1.0:
1446;intermediateLyon@1.0:
1193;intermediateLyon@1.0:
429;intermediateLyon@1.0:
942;intermediateLyon@1.0:
175;intermediateLyon@1.0:
687;intermediateLyon@1.0:
1457;intermediateLyon@1.0:
1204;intermediateLyon@1.0:
441;intermediateLyon@1.0:
186;intermediateLyon@1.0:
699;intermediateLyon@1.0:
956;intermediateLyon@1.0:
1468;intermediateLyon@1.0:
1216;intermediateLyon@1.0:
198;intermediateLyon@1.0:
455;intermediateLyon@1.0:
1479;intermediateLyon@1.0:
712;intermediateLyon@1.0:
969;intermediateLyon@1.0:
1227;intermediateLyon@1.0:
210;intermediateLyon@1.0:
1490;intermediateLyon@1.0:
469;intermediateLyon@1.0:
726;intermediateLyon@1.0:
1238;intermediateLyon@1.0:
983;intermediateLyon@1.0:
222;intermediateLyon@1.0:
1502;intermediateLyon@1.0:
481;intermediateLyon@1.0:
1250;intermediateLyon@1.0:
739;intermediateLyon@1.0:
995;intermediateLyon@1.0:
233;intermediateLyon@1.0:
1513;intermediateLyon@1.0:
1261;intermediateLyon@1.0:
751;intermediateLyon@1.0:
496;intermediateLyon@1.0:
1008;intermediateLyon@1.0:
1524;intermediateLyon@1.0:
246;intermediateLyon@1.0:
1273;intermediateLyon@1.0:
1020;intermediateLyon@1.0:
509;intermediateLyon@1.0:
766;intermediateLyon@1.0:
1535;intermediateLyon@1.0:
