timestamp;actions
1;intermediateVilleurbanne@1.0:
771;intermediateVilleurbanne@1.0:
518;intermediateVilleurbanne@1.0:
265;intermediateVilleurbanne@1.0:
1033;intermediateVilleurbanne@1.0:
12;intermediateVilleurbanne@1.0:
783;intermediateVilleurbanne@1.0:
530;intermediateVilleurbanne@1.0:
276;intermediateVilleurbanne@1.0:
1044;intermediateVilleurbanne@1.0:
23;intermediateVilleurbanne@1.0:
794;intermediateVilleurbanne@1.0:
542;intermediateVilleurbanne@1.0:
287;intermediateVilleurbanne@1.0:
1055;intermediateVilleurbanne@1.0:
34;intermediateVilleurbanne@1.0:
804;intermediateVilleurbanne@1.0:
298;intermediateVilleurbanne@1.0:
554;intermediateVilleurbanne@1.0:
1066;intermediateVilleurbanne@1.0:
45;intermediateVilleurbanne@1.0:
815;intermediateVilleurbanne@1.0:
309;intermediateVilleurbanne@1.0:
565;intermediateVilleurbanne@1.0:
1077;intermediateVilleurbanne@1.0:
56;intermediateVilleurbanne@1.0:
826;intermediateVilleurbanne@1.0:
320;intermediateVilleurbanne@1.0:
1088;intermediateVilleurbanne@1.0:
577;intermediateVilleurbanne@1.0:
67;intermediateVilleurbanne@1.0:
837;intermediateVilleurbanne@1.0:
1098;intermediateVilleurbanne@1.0:
332;intermediateVilleurbanne@1.0:
588;intermediateVilleurbanne@1.0:
78;intermediateVilleurbanne@1.0:
848;intermediateVilleurbanne@1.0:
1109;intermediateVilleurbanne@1.0:
344;intermediateVilleurbanne@1.0:
600;intermediateVilleurbanne@1.0:
89;intermediateVilleurbanne@1.0:
859;intermediateVilleurbanne@1.0:
1120;intermediateVilleurbanne@1.0:
355;intermediateVilleurbanne@1.0:
100;intermediateVilleurbanne@1.0:
612;intermediateVilleurbanne@1.0:
870;intermediateVilleurbanne@1.0:
1131;intermediateVilleurbanne@1.0:
111;intermediateVilleurbanne@1.0:
367;intermediateVilleurbanne@1.0:
623;intermediateVilleurbanne@1.0:
881;intermediateVilleurbanne@1.0:
1142;intermediateVilleurbanne@1.0:
122;intermediateVilleurbanne@1.0:
379;intermediateVilleurbanne@1.0:
635;intermediateVilleurbanne@1.0:
892;intermediateVilleurbanne@1.0:
1153;intermediateVilleurbanne@1.0:
133;intermediateVilleurbanne@1.0:
646;intermediateVilleurbanne@1.0:
391;intermediateVilleurbanne@1.0:
903;intermediateVilleurbanne@1.0:
1164;intermediateVilleurbanne@1.0:
144;intermediateVilleurbanne@1.0:
913;intermediateVilleurbanne@1.0:
402;intermediateVilleurbanne@1.0:
658;intermediateVilleurbanne@1.0:
1175;intermediateVilleurbanne@1.0:
155;intermediateVilleurbanne@1.0:
924;intermediateVilleurbanne@1.0:
414;intermediateVilleurbanne@1.0:
670;intermediateVilleurbanne@1.0:
1186;intermediateVilleurbanne@1.0:
165;intermediateVilleurbanne@1.0:
935;intermediateVilleurbanne@1.0:
425;intermediateVilleurbanne@1.0:
681;intermediateVilleurbanne@1.0:
1197;intermediateVilleurbanne@1.0:
176;intermediateVilleurbanne@1.0:
946;intermediateVilleurbanne@1.0:
437;intermediateVilleurbanne@1.0:
693;intermediateVilleurbanne@1.0:
1208;intermediateVilleurbanne@1.0:
187;intermediateVilleurbanne@1.0:
957;intermediateVilleurbanne@1.0:
704;intermediateVilleurbanne@1.0:
449;intermediateVilleurbanne@1.0:
1218;intermediateVilleurbanne@1.0:
198;intermediateVilleurbanne@1.0:
968;intermediateVilleurbanne@1.0:
460;intermediateVilleurbanne@1.0:
716;intermediateVilleurbanne@1.0:
1229;intermediateVilleurbanne@1.0:
210;intermediateVilleurbanne@1.0:
978;intermediateVilleurbanne@1.0:
727;intermediateVilleurbanne@1.0:
472;intermediateVilleurbanne@1.0:
1240;intermediateVilleurbanne@1.0:
221;intermediateVilleurbanne@1.0:
989;intermediateVilleurbanne@1.0:
738;intermediateVilleurbanne@1.0:
1251;intermediateVilleurbanne@1.0:
484;intermediateVilleurbanne@1.0:
232;intermediateVilleurbanne@1.0:
1000;intermediateVilleurbanne@1.0:
749;intermediateVilleurbanne@1.0:
1262;intermediateVilleurbanne@1.0:
495;intermediateVilleurbanne@1.0:
242;intermediateVilleurbanne@1.0:
1011;intermediateVilleurbanne@1.0:
760;intermediateVilleurbanne@1.0:
1272;intermediateVilleurbanne@1.0:
507;intermediateVilleurbanne@1.0:
254;intermediateVilleurbanne@1.0:
1022;intermediateVilleurbanne@1.0:
1;sink@8.0:
771;sink@8.0:
518;sink@8.0:
-9;sink@1.0:
265;sink@8.0:
1033;sink@8.0:
12;sink@8.0:
783;sink@8.0:
530;sink@8.0:
276;sink@8.0:
1044;sink@8.0:
23;sink@8.0:
794;sink@8.0:
542;sink@8.0:
287;sink@8.0:
1055;sink@8.0:
34;sink@8.0:
804;sink@8.0:
298;sink@8.0:
554;sink@8.0:
1066;sink@8.0:
45;sink@8.0:
815;sink@8.0:
309;sink@8.0:
565;sink@8.0:
1077;sink@8.0:
56;sink@8.0:
826;sink@8.0:
320;sink@8.0:
1088;sink@8.0:
577;sink@8.0:
67;sink@8.0:
837;sink@8.0:
1098;sink@8.0:
332;sink@8.0:
588;sink@8.0:
78;sink@8.0:
848;sink@8.0:
1109;sink@8.0:
344;sink@8.0:
600;sink@8.0:
89;sink@8.0:
859;sink@8.0:
1120;sink@8.0:
355;sink@8.0:
100;sink@8.0:
612;sink@8.0:
870;sink@8.0:
1131;sink@8.0:
111;sink@8.0:
367;sink@8.0:
623;sink@8.0:
881;sink@8.0:
1142;sink@8.0:
122;sink@8.0:
379;sink@8.0:
635;sink@8.0:
892;sink@8.0:
1153;sink@8.0:
133;sink@8.0:
646;sink@8.0:
391;sink@8.0:
903;sink@8.0:
1164;sink@8.0:
144;sink@8.0:
913;sink@8.0:
402;sink@8.0:
658;sink@8.0:
1175;sink@8.0:
155;sink@8.0:
924;sink@8.0:
414;sink@8.0:
670;sink@8.0:
1186;sink@8.0:
165;sink@8.0:
935;sink@8.0:
425;sink@8.0:
681;sink@8.0:
1197;sink@8.0:
176;sink@8.0:
946;sink@8.0:
437;sink@8.0:
693;sink@8.0:
1208;sink@8.0:
187;sink@8.0:
957;sink@8.0:
704;sink@8.0:
449;sink@8.0:
1218;sink@8.0:
198;sink@8.0:
968;sink@8.0:
460;sink@8.0:
716;sink@8.0:
1229;sink@8.0:
210;sink@8.0:
978;sink@8.0:
727;sink@8.0:
472;sink@8.0:
1240;sink@8.0:
221;sink@8.0:
989;sink@8.0:
738;sink@8.0:
1251;sink@8.0:
484;sink@8.0:
232;sink@8.0:
1000;sink@8.0:
749;sink@8.0:
1262;sink@8.0:
495;sink@8.0:
242;sink@8.0:
1011;sink@8.0:
760;sink@8.0:
1272;sink@8.0:
507;sink@8.0:
254;sink@8.0:
1022;sink@8.0:
1;intermediateVaulx@1.0:
771;intermediateVaulx@1.0:
518;intermediateVaulx@1.0:
265;intermediateVaulx@1.0:
1033;intermediateVaulx@1.0:
12;intermediateVaulx@1.0:
783;intermediateVaulx@1.0:
530;intermediateVaulx@1.0:
276;intermediateVaulx@1.0:
1044;intermediateVaulx@1.0:
23;intermediateVaulx@1.0:
794;intermediateVaulx@1.0:
542;intermediateVaulx@1.0:
287;intermediateVaulx@1.0:
1055;intermediateVaulx@1.0:
34;intermediateVaulx@1.0:
804;intermediateVaulx@1.0:
298;intermediateVaulx@1.0:
554;intermediateVaulx@1.0:
1066;intermediateVaulx@1.0:
45;intermediateVaulx@1.0:
815;intermediateVaulx@1.0:
309;intermediateVaulx@1.0:
565;intermediateVaulx@1.0:
1077;intermediateVaulx@1.0:
56;intermediateVaulx@1.0:
826;intermediateVaulx@1.0:
320;intermediateVaulx@1.0:
1088;intermediateVaulx@1.0:
577;intermediateVaulx@1.0:
67;intermediateVaulx@1.0:
837;intermediateVaulx@1.0:
1098;intermediateVaulx@1.0:
332;intermediateVaulx@1.0:
588;intermediateVaulx@1.0:
78;intermediateVaulx@1.0:
848;intermediateVaulx@1.0:
1109;intermediateVaulx@1.0:
344;intermediateVaulx@1.0:
600;intermediateVaulx@1.0:
89;intermediateVaulx@1.0:
859;intermediateVaulx@1.0:
1120;intermediateVaulx@1.0:
355;intermediateVaulx@1.0:
100;intermediateVaulx@1.0:
612;intermediateVaulx@1.0:
870;intermediateVaulx@1.0:
1131;intermediateVaulx@1.0:
111;intermediateVaulx@1.0:
367;intermediateVaulx@1.0:
623;intermediateVaulx@1.0:
881;intermediateVaulx@1.0:
1142;intermediateVaulx@1.0:
122;intermediateVaulx@1.0:
379;intermediateVaulx@1.0:
635;intermediateVaulx@1.0:
892;intermediateVaulx@1.0:
1153;intermediateVaulx@1.0:
133;intermediateVaulx@1.0:
646;intermediateVaulx@1.0:
391;intermediateVaulx@1.0:
903;intermediateVaulx@1.0:
1164;intermediateVaulx@1.0:
144;intermediateVaulx@1.0:
913;intermediateVaulx@1.0:
402;intermediateVaulx@1.0:
658;intermediateVaulx@1.0:
1175;intermediateVaulx@1.0:
155;intermediateVaulx@1.0:
924;intermediateVaulx@1.0:
414;intermediateVaulx@1.0:
670;intermediateVaulx@1.0:
1186;intermediateVaulx@1.0:
165;intermediateVaulx@1.0:
935;intermediateVaulx@1.0:
425;intermediateVaulx@1.0:
681;intermediateVaulx@1.0:
1197;intermediateVaulx@1.0:
176;intermediateVaulx@1.0:
946;intermediateVaulx@1.0:
437;intermediateVaulx@1.0:
693;intermediateVaulx@1.0:
1208;intermediateVaulx@1.0:
187;intermediateVaulx@1.0:
957;intermediateVaulx@1.0:
704;intermediateVaulx@1.0:
449;intermediateVaulx@1.0:
1218;intermediateVaulx@1.0:
198;intermediateVaulx@1.0:
968;intermediateVaulx@1.0:
460;intermediateVaulx@1.0:
716;intermediateVaulx@1.0:
1229;intermediateVaulx@1.0:
210;intermediateVaulx@1.0:
978;intermediateVaulx@1.0:
727;intermediateVaulx@1.0:
472;intermediateVaulx@1.0:
1240;intermediateVaulx@1.0:
221;intermediateVaulx@1.0:
989;intermediateVaulx@1.0:
738;intermediateVaulx@1.0:
1251;intermediateVaulx@1.0:
484;intermediateVaulx@1.0:
232;intermediateVaulx@1.0:
1000;intermediateVaulx@1.0:
749;intermediateVaulx@1.0:
1262;intermediateVaulx@1.0:
495;intermediateVaulx@1.0:
242;intermediateVaulx@1.0:
1011;intermediateVaulx@1.0:
760;intermediateVaulx@1.0:
1272;intermediateVaulx@1.0:
507;intermediateVaulx@1.0:
254;intermediateVaulx@1.0:
1022;intermediateVaulx@1.0:
1;intermediateLyon@1.0:
771;intermediateLyon@1.0:
518;intermediateLyon@1.0:
265;intermediateLyon@1.0:
1033;intermediateLyon@1.0:
12;intermediateLyon@1.0:
783;intermediateLyon@1.0:
530;intermediateLyon@1.0:
276;intermediateLyon@1.0:
1044;intermediateLyon@1.0:
23;intermediateLyon@1.0:
794;intermediateLyon@1.0:
542;intermediateLyon@1.0:
287;intermediateLyon@1.0:
1055;intermediateLyon@1.0:
34;intermediateLyon@1.0:
804;intermediateLyon@1.0:
298;intermediateLyon@1.0:
554;intermediateLyon@1.0:
1066;intermediateLyon@1.0:
45;intermediateLyon@1.0:
815;intermediateLyon@1.0:
309;intermediateLyon@1.0:
565;intermediateLyon@1.0:
1077;intermediateLyon@1.0:
56;intermediateLyon@1.0:
826;intermediateLyon@1.0:
320;intermediateLyon@1.0:
1088;intermediateLyon@1.0:
577;intermediateLyon@1.0:
67;intermediateLyon@1.0:
837;intermediateLyon@1.0:
1098;intermediateLyon@1.0:
332;intermediateLyon@1.0:
588;intermediateLyon@1.0:
78;intermediateLyon@1.0:
848;intermediateLyon@1.0:
1109;intermediateLyon@1.0:
344;intermediateLyon@1.0:
600;intermediateLyon@1.0:
89;intermediateLyon@1.0:
859;intermediateLyon@1.0:
1120;intermediateLyon@1.0:
355;intermediateLyon@1.0:
100;intermediateLyon@1.0:
612;intermediateLyon@1.0:
870;intermediateLyon@1.0:
1131;intermediateLyon@1.0:
111;intermediateLyon@1.0:
367;intermediateLyon@1.0:
623;intermediateLyon@1.0:
881;intermediateLyon@1.0:
1142;intermediateLyon@1.0:
122;intermediateLyon@1.0:
379;intermediateLyon@1.0:
635;intermediateLyon@1.0:
892;intermediateLyon@1.0:
1153;intermediateLyon@1.0:
133;intermediateLyon@1.0:
646;intermediateLyon@1.0:
391;intermediateLyon@1.0:
903;intermediateLyon@1.0:
1164;intermediateLyon@1.0:
144;intermediateLyon@1.0:
913;intermediateLyon@1.0:
402;intermediateLyon@1.0:
658;intermediateLyon@1.0:
1175;intermediateLyon@1.0:
155;intermediateLyon@1.0:
924;intermediateLyon@1.0:
414;intermediateLyon@1.0:
670;intermediateLyon@1.0:
1186;intermediateLyon@1.0:
165;intermediateLyon@1.0:
935;intermediateLyon@1.0:
425;intermediateLyon@1.0:
681;intermediateLyon@1.0:
1197;intermediateLyon@1.0:
176;intermediateLyon@1.0:
946;intermediateLyon@1.0:
437;intermediateLyon@1.0:
693;intermediateLyon@1.0:
1208;intermediateLyon@1.0:
187;intermediateLyon@1.0:
957;intermediateLyon@1.0:
704;intermediateLyon@1.0:
449;intermediateLyon@1.0:
1218;intermediateLyon@1.0:
198;intermediateLyon@1.0:
968;intermediateLyon@1.0:
460;intermediateLyon@1.0:
716;intermediateLyon@1.0:
1229;intermediateLyon@1.0:
210;intermediateLyon@1.0:
978;intermediateLyon@1.0:
727;intermediateLyon@1.0:
472;intermediateLyon@1.0:
1240;intermediateLyon@1.0:
221;intermediateLyon@1.0:
989;intermediateLyon@1.0:
738;intermediateLyon@1.0:
1251;intermediateLyon@1.0:
484;intermediateLyon@1.0:
232;intermediateLyon@1.0:
1000;intermediateLyon@1.0:
749;intermediateLyon@1.0:
1262;intermediateLyon@1.0:
495;intermediateLyon@1.0:
242;intermediateLyon@1.0:
1011;intermediateLyon@1.0:
760;intermediateLyon@1.0:
1272;intermediateLyon@1.0:
507;intermediateLyon@1.0:
254;intermediateLyon@1.0:
1022;intermediateLyon@1.0:
