timestamp;actions
1;primeFactorizer@4.0:
257;primeFactorizer@4.0:
66;primeFactorizer@4.0:
130;primeFactorizer@4.0:
194;primeFactorizer@4.0:
12;primeFactorizer@4.0:
76;primeFactorizer@4.0:
140;primeFactorizer@4.0:
204;primeFactorizer@4.0:
268;primeFactorizer@4.0:
23;primeFactorizer@4.0:
87;primeFactorizer@4.0:
151;primeFactorizer@4.0:
215;primeFactorizer@4.0:
279;primeFactorizer@4.0:
34;primeFactorizer@4.0:
98;primeFactorizer@4.0:
162;primeFactorizer@4.0:
226;primeFactorizer@4.0:
44;primeFactorizer@4.0:
108;primeFactorizer@4.0:
172;primeFactorizer@4.0:
236;primeFactorizer@4.0:
55;primeFactorizer@4.0:
119;primeFactorizer@4.0:
183;primeFactorizer@4.0:
247;primeFactorizer@4.0:
