timestamp;actions
512;sink@12.0:
1024;sink@1.0:
1280;sink@1.0:
1;sink@1.0:
771;sink@12.0:
260;sink@4.0:
1290;sink@4.0:
1035;sink@1.0:
12;sink@1.0:
524;sink@12.0:
271;sink@4.0:
783;sink@12.0:
1045;sink@1.0:
1301;sink@4.0:
23;sink@1.0:
536;sink@12.0:
282;sink@2.0:
795;sink@12.0:
1056;sink@3.0:
1312;sink@4.0:
33;sink@1.0:
292;sink@5.0:
548;sink@12.0:
807;sink@12.0:
1066;sink@3.0:
1322;sink@4.0:
44;sink@1.0:
303;sink@5.0:
559;sink@12.0:
819;sink@12.0:
1077;sink@3.0:
1333;sink@4.0:
55;sink@1.0:
314;sink@5.0:
571;sink@12.0:
830;sink@12.0:
1087;sink@3.0:
1343;sink@4.0:
66;sink@1.0:
326;sink@5.0:
583;sink@12.0:
842;sink@12.0:
1098;sink@3.0:
1354;sink@4.0:
77;sink@1.0:
337;sink@5.0:
595;sink@12.0:
853;sink@12.0:
1109;sink@3.0:
88;sink@2.0:
606;sink@12.0:
1375;sink@1.0:
864;sink@12.0:
98;sink@2.0:
358;sink@11.0:
618;sink@12.0:
1130;sink@1.0:
1386;sink@1.0:
109;sink@2.0:
370;sink@12.0:
1140;sink@1.0:
1396;sink@1.0:
630;sink@12.0:
886;sink@4.0:
120;sink@2.0:
381;sink@12.0:
1151;sink@1.0:
1407;sink@1.0:
641;sink@12.0:
897;sink@4.0:
130;sink@2.0:
393;sink@12.0:
1417;sink@1.0:
1162;sink@1.0:
908;sink@4.0:
141;sink@2.0:
653;sink@12.0:
1427;sink@1.0:
405;sink@12.0:
1173;sink@1.0:
918;sink@4.0:
152;sink@2.0:
665;sink@12.0:
1438;sink@1.0:
1184;sink@1.0:
929;sink@4.0:
162;sink@2.0:
418;sink@12.0:
677;sink@12.0:
1194;sink@2.0:
940;sink@4.0:
173;sink@2.0:
430;sink@12.0:
688;sink@12.0:
1205;sink@2.0:
950;sink@4.0:
184;sink@2.0:
442;sink@12.0:
700;sink@12.0:
1216;sink@2.0:
961;sink@1.0:
195;sink@4.0:
454;sink@12.0:
712;sink@12.0:
1227;sink@2.0:
972;sink@1.0:
206;sink@4.0:
465;sink@12.0:
724;sink@12.0:
1237;sink@2.0:
982;sink@1.0:
217;sink@4.0:
477;sink@12.0:
736;sink@12.0:
992;sink@1.0:
1248;sink@2.0:
227;sink@4.0:
489;sink@12.0:
1258;sink@2.0:
747;sink@12.0:
1003;sink@1.0:
238;sink@4.0:
501;sink@12.0:
1269;sink@2.0:
1014;sink@1.0:
759;sink@12.0:
249;sink@4.0:
512;intermediate@1.0:
1024;intermediate@1.0:
1280;intermediate@1.0:
1;intermediate@1.0:
771;intermediate@1.0:
260;intermediate@1.0:
1290;intermediate@1.0:
1035;intermediate@1.0:
12;intermediate@1.0:
524;intermediate@1.0:
271;intermediate@1.0:
783;intermediate@1.0:
1045;intermediate@1.0:
1301;intermediate@1.0:
23;intermediate@1.0:
536;intermediate@1.0:
282;intermediate@1.0:
795;intermediate@1.0:
1056;intermediate@1.0:
1312;intermediate@1.0:
33;intermediate@1.0:
292;intermediate@1.0:
548;intermediate@1.0:
807;intermediate@1.0:
1066;intermediate@1.0:
1322;intermediate@1.0:
44;intermediate@1.0:
303;intermediate@1.0:
559;intermediate@1.0:
819;intermediate@1.0:
1077;intermediate@1.0:
1333;intermediate@1.0:
55;intermediate@1.0:
314;intermediate@1.0:
571;intermediate@1.0:
830;intermediate@1.0:
1087;intermediate@1.0:
1343;intermediate@1.0:
66;intermediate@1.0:
326;intermediate@1.0:
583;intermediate@1.0:
842;intermediate@1.0:
1098;intermediate@1.0:
1354;intermediate@1.0:
77;intermediate@1.0:
337;intermediate@1.0:
595;intermediate@1.0:
853;intermediate@1.0:
1109;intermediate@1.0:
1365;intermediate@1.0:
88;intermediate@1.0:
348;intermediate@1.0:
606;intermediate@1.0:
1119;intermediate@1.0:
1375;intermediate@1.0:
864;intermediate@1.0:
98;intermediate@1.0:
358;intermediate@1.0:
618;intermediate@1.0:
1130;intermediate@1.0:
1386;intermediate@1.0:
876;intermediate@1.0:
109;intermediate@1.0:
370;intermediate@1.0:
1140;intermediate@1.0:
1396;intermediate@1.0:
630;intermediate@1.0:
886;intermediate@1.0:
120;intermediate@1.0:
381;intermediate@1.0:
1151;intermediate@1.0:
1407;intermediate@1.0:
641;intermediate@1.0:
897;intermediate@1.0:
130;intermediate@1.0:
393;intermediate@1.0:
1417;intermediate@1.0:
1162;intermediate@1.0:
908;intermediate@1.0:
141;intermediate@1.0:
653;intermediate@1.0:
1427;intermediate@1.0:
405;intermediate@1.0:
1173;intermediate@1.0:
918;intermediate@1.0:
152;intermediate@1.0:
665;intermediate@1.0:
1438;intermediate@1.0:
1184;intermediate@1.0:
929;intermediate@1.0:
162;intermediate@1.0:
418;intermediate@1.0:
677;intermediate@1.0:
1194;intermediate@1.0:
940;intermediate@1.0:
173;intermediate@1.0:
430;intermediate@1.0:
688;intermediate@1.0:
1205;intermediate@1.0:
950;intermediate@1.0:
184;intermediate@1.0:
442;intermediate@1.0:
700;intermediate@1.0:
1216;intermediate@1.0:
961;intermediate@1.0:
195;intermediate@1.0:
454;intermediate@1.0:
712;intermediate@1.0:
1227;intermediate@1.0:
972;intermediate@1.0:
206;intermediate@1.0:
465;intermediate@1.0:
724;intermediate@1.0:
1237;intermediate@1.0:
982;intermediate@1.0:
217;intermediate@1.0:
477;intermediate@1.0:
736;intermediate@1.0:
992;intermediate@1.0:
1248;intermediate@1.0:
227;intermediate@1.0:
489;intermediate@1.0:
1258;intermediate@1.0:
747;intermediate@1.0:
1003;intermediate@1.0:
238;intermediate@1.0:
501;intermediate@1.0:
1269;intermediate@1.0:
1014;intermediate@1.0:
759;intermediate@1.0:
249;intermediate@1.0:
