timestamp;actions
1;intermediateVilleurbanne@1.0:
771;intermediateVilleurbanne@1.0:
1027;intermediateVilleurbanne@1.0:
1286;intermediateVilleurbanne@1.0:
519;intermediateVilleurbanne@1.0:
266;intermediateVilleurbanne@1.0:
12;intermediateVilleurbanne@1.0:
1038;intermediateVilleurbanne@1.0:
783;intermediateVilleurbanne@1.0:
1298;intermediateVilleurbanne@1.0:
531;intermediateVilleurbanne@1.0:
277;intermediateVilleurbanne@1.0:
23;intermediateVilleurbanne@1.0:
1048;intermediateVilleurbanne@1.0:
795;intermediateVilleurbanne@1.0:
1308;intermediateVilleurbanne@1.0:
542;intermediateVilleurbanne@1.0:
288;intermediateVilleurbanne@1.0:
35;intermediateVilleurbanne@1.0:
1059;intermediateVilleurbanne@1.0:
806;intermediateVilleurbanne@1.0:
1319;intermediateVilleurbanne@1.0:
554;intermediateVilleurbanne@1.0:
300;intermediateVilleurbanne@1.0:
46;intermediateVilleurbanne@1.0:
1070;intermediateVilleurbanne@1.0:
817;intermediateVilleurbanne@1.0:
1330;intermediateVilleurbanne@1.0:
566;intermediateVilleurbanne@1.0:
311;intermediateVilleurbanne@1.0:
57;intermediateVilleurbanne@1.0:
1081;intermediateVilleurbanne@1.0:
829;intermediateVilleurbanne@1.0:
1341;intermediateVilleurbanne@1.0:
577;intermediateVilleurbanne@1.0:
322;intermediateVilleurbanne@1.0:
68;intermediateVilleurbanne@1.0:
1092;intermediateVilleurbanne@1.0:
840;intermediateVilleurbanne@1.0:
1352;intermediateVilleurbanne@1.0:
588;intermediateVilleurbanne@1.0:
333;intermediateVilleurbanne@1.0:
78;intermediateVilleurbanne@1.0:
1103;intermediateVilleurbanne@1.0:
1362;intermediateVilleurbanne@1.0:
852;intermediateVilleurbanne@1.0:
599;intermediateVilleurbanne@1.0:
89;intermediateVilleurbanne@1.0:
345;intermediateVilleurbanne@1.0:
1113;intermediateVilleurbanne@1.0:
1373;intermediateVilleurbanne@1.0:
863;intermediateVilleurbanne@1.0:
610;intermediateVilleurbanne@1.0:
100;intermediateVilleurbanne@1.0:
356;intermediateVilleurbanne@1.0:
1124;intermediateVilleurbanne@1.0:
1384;intermediateVilleurbanne@1.0:
875;intermediateVilleurbanne@1.0:
622;intermediateVilleurbanne@1.0:
111;intermediateVilleurbanne@1.0:
1135;intermediateVilleurbanne@1.0:
368;intermediateVilleurbanne@1.0:
1395;intermediateVilleurbanne@1.0:
886;intermediateVilleurbanne@1.0:
633;intermediateVilleurbanne@1.0:
122;intermediateVilleurbanne@1.0:
1146;intermediateVilleurbanne@1.0:
380;intermediateVilleurbanne@1.0:
1405;intermediateVilleurbanne@1.0:
897;intermediateVilleurbanne@1.0:
133;intermediateVilleurbanne@1.0:
645;intermediateVilleurbanne@1.0:
1157;intermediateVilleurbanne@1.0:
391;intermediateVilleurbanne@1.0:
1416;intermediateVilleurbanne@1.0:
908;intermediateVilleurbanne@1.0:
144;intermediateVilleurbanne@1.0:
656;intermediateVilleurbanne@1.0:
1168;intermediateVilleurbanne@1.0:
403;intermediateVilleurbanne@1.0:
1427;intermediateVilleurbanne@1.0:
919;intermediateVilleurbanne@1.0:
1178;intermediateVilleurbanne@1.0:
155;intermediateVilleurbanne@1.0:
668;intermediateVilleurbanne@1.0:
1437;intermediateVilleurbanne@1.0:
414;intermediateVilleurbanne@1.0:
930;intermediateVilleurbanne@1.0:
1189;intermediateVilleurbanne@1.0:
166;intermediateVilleurbanne@1.0:
679;intermediateVilleurbanne@1.0:
1448;intermediateVilleurbanne@1.0:
426;intermediateVilleurbanne@1.0:
940;intermediateVilleurbanne@1.0:
1200;intermediateVilleurbanne@1.0:
177;intermediateVilleurbanne@1.0:
691;intermediateVilleurbanne@1.0:
1459;intermediateVilleurbanne@1.0:
437;intermediateVilleurbanne@1.0:
951;intermediateVilleurbanne@1.0:
1211;intermediateVilleurbanne@1.0:
189;intermediateVilleurbanne@1.0:
702;intermediateVilleurbanne@1.0:
1470;intermediateVilleurbanne@1.0:
449;intermediateVilleurbanne@1.0:
962;intermediateVilleurbanne@1.0:
1222;intermediateVilleurbanne@1.0:
199;intermediateVilleurbanne@1.0:
714;intermediateVilleurbanne@1.0:
460;intermediateVilleurbanne@1.0:
973;intermediateVilleurbanne@1.0:
1232;intermediateVilleurbanne@1.0:
211;intermediateVilleurbanne@1.0:
725;intermediateVilleurbanne@1.0:
472;intermediateVilleurbanne@1.0:
984;intermediateVilleurbanne@1.0:
1243;intermediateVilleurbanne@1.0:
222;intermediateVilleurbanne@1.0:
736;intermediateVilleurbanne@1.0:
995;intermediateVilleurbanne@1.0:
484;intermediateVilleurbanne@1.0:
1254;intermediateVilleurbanne@1.0:
233;intermediateVilleurbanne@1.0:
748;intermediateVilleurbanne@1.0:
1005;intermediateVilleurbanne@1.0:
496;intermediateVilleurbanne@1.0:
1265;intermediateVilleurbanne@1.0:
244;intermediateVilleurbanne@1.0:
760;intermediateVilleurbanne@1.0:
1016;intermediateVilleurbanne@1.0:
1275;intermediateVilleurbanne@1.0:
508;intermediateVilleurbanne@1.0:
255;intermediateVilleurbanne@1.0:
1;sink@1.0:
771;sink@4.0:
1027;sink@1.0:
1286;sink@1.0:
519;sink@4.0:
-9;sink@1.0:
266;sink@2.0:
12;sink@1.0:
1038;sink@1.0:
783;sink@4.0:
1298;sink@1.0:
531;sink@4.0:
277;sink@2.0:
23;sink@1.0:
1048;sink@1.0:
795;sink@4.0:
1308;sink@1.0:
542;sink@4.0:
288;sink@2.0:
35;sink@1.0:
1059;sink@1.0:
806;sink@4.0:
1319;sink@1.0:
554;sink@4.0:
300;sink@2.0:
46;sink@1.0:
1070;sink@1.0:
817;sink@4.0:
1330;sink@1.0:
566;sink@4.0:
311;sink@2.0:
57;sink@1.0:
1081;sink@1.0:
829;sink@4.0:
1341;sink@1.0:
322;sink@2.0:
68;sink@1.0:
1092;sink@1.0:
840;sink@4.0:
1352;sink@1.0:
588;sink@1.0:
333;sink@2.0:
78;sink@1.0:
1103;sink@1.0:
1362;sink@1.0:
852;sink@4.0:
599;sink@1.0:
89;sink@1.0:
345;sink@1.0:
1113;sink@1.0:
1373;sink@1.0:
863;sink@4.0:
610;sink@1.0:
100;sink@1.0:
356;sink@3.0:
1124;sink@1.0:
1384;sink@1.0:
875;sink@4.0:
622;sink@1.0:
111;sink@1.0:
1135;sink@1.0:
368;sink@3.0:
1395;sink@1.0:
633;sink@1.0:
122;sink@1.0:
1146;sink@1.0:
380;sink@3.0:
1405;sink@1.0:
897;sink@1.0:
133;sink@1.0:
645;sink@2.0:
1157;sink@1.0:
391;sink@3.0:
1416;sink@1.0:
908;sink@1.0:
144;sink@1.0:
656;sink@4.0:
1168;sink@1.0:
403;sink@3.0:
1427;sink@1.0:
919;sink@1.0:
1178;sink@1.0:
155;sink@1.0:
668;sink@4.0:
1437;sink@1.0:
414;sink@3.0:
930;sink@1.0:
1189;sink@1.0:
166;sink@1.0:
679;sink@4.0:
1448;sink@1.0:
426;sink@3.0:
940;sink@1.0:
1200;sink@1.0:
177;sink@2.0:
691;sink@4.0:
1459;sink@1.0:
437;sink@4.0:
951;sink@1.0:
1211;sink@1.0:
189;sink@2.0:
702;sink@4.0:
1470;sink@1.0:
449;sink@4.0:
962;sink@1.0:
1222;sink@1.0:
199;sink@2.0:
714;sink@4.0:
460;sink@4.0:
973;sink@1.0:
1232;sink@1.0:
211;sink@2.0:
725;sink@4.0:
472;sink@4.0:
984;sink@1.0:
1243;sink@1.0:
222;sink@2.0:
736;sink@4.0:
995;sink@1.0:
484;sink@4.0:
1254;sink@1.0:
233;sink@2.0:
748;sink@4.0:
1005;sink@1.0:
496;sink@4.0:
1265;sink@1.0:
244;sink@2.0:
760;sink@4.0:
1016;sink@1.0:
1275;sink@1.0:
508;sink@4.0:
255;sink@2.0:
1;intermediateVaulx@1.0:
771;intermediateVaulx@1.0:
1027;intermediateVaulx@1.0:
1286;intermediateVaulx@1.0:
519;intermediateVaulx@1.0:
266;intermediateVaulx@1.0:
12;intermediateVaulx@1.0:
1038;intermediateVaulx@1.0:
783;intermediateVaulx@1.0:
1298;intermediateVaulx@1.0:
531;intermediateVaulx@1.0:
277;intermediateVaulx@1.0:
23;intermediateVaulx@1.0:
1048;intermediateVaulx@1.0:
795;intermediateVaulx@1.0:
1308;intermediateVaulx@1.0:
542;intermediateVaulx@1.0:
288;intermediateVaulx@1.0:
35;intermediateVaulx@1.0:
1059;intermediateVaulx@1.0:
806;intermediateVaulx@1.0:
1319;intermediateVaulx@1.0:
554;intermediateVaulx@1.0:
300;intermediateVaulx@1.0:
46;intermediateVaulx@1.0:
1070;intermediateVaulx@1.0:
817;intermediateVaulx@1.0:
1330;intermediateVaulx@1.0:
566;intermediateVaulx@1.0:
311;intermediateVaulx@1.0:
57;intermediateVaulx@1.0:
1081;intermediateVaulx@1.0:
829;intermediateVaulx@1.0:
1341;intermediateVaulx@1.0:
577;intermediateVaulx@1.0:
322;intermediateVaulx@1.0:
68;intermediateVaulx@1.0:
1092;intermediateVaulx@1.0:
840;intermediateVaulx@1.0:
1352;intermediateVaulx@1.0:
588;intermediateVaulx@1.0:
333;intermediateVaulx@1.0:
78;intermediateVaulx@1.0:
1103;intermediateVaulx@1.0:
1362;intermediateVaulx@1.0:
852;intermediateVaulx@1.0:
599;intermediateVaulx@1.0:
89;intermediateVaulx@1.0:
345;intermediateVaulx@1.0:
1113;intermediateVaulx@1.0:
1373;intermediateVaulx@1.0:
863;intermediateVaulx@1.0:
610;intermediateVaulx@1.0:
100;intermediateVaulx@1.0:
356;intermediateVaulx@1.0:
1124;intermediateVaulx@1.0:
1384;intermediateVaulx@1.0:
875;intermediateVaulx@1.0:
622;intermediateVaulx@1.0:
111;intermediateVaulx@1.0:
1135;intermediateVaulx@1.0:
368;intermediateVaulx@1.0:
1395;intermediateVaulx@1.0:
886;intermediateVaulx@1.0:
633;intermediateVaulx@1.0:
122;intermediateVaulx@1.0:
1146;intermediateVaulx@1.0:
380;intermediateVaulx@1.0:
1405;intermediateVaulx@1.0:
897;intermediateVaulx@1.0:
133;intermediateVaulx@1.0:
645;intermediateVaulx@1.0:
1157;intermediateVaulx@1.0:
391;intermediateVaulx@1.0:
1416;intermediateVaulx@1.0:
908;intermediateVaulx@1.0:
144;intermediateVaulx@1.0:
656;intermediateVaulx@1.0:
1168;intermediateVaulx@1.0:
403;intermediateVaulx@1.0:
1427;intermediateVaulx@1.0:
919;intermediateVaulx@1.0:
1178;intermediateVaulx@1.0:
155;intermediateVaulx@1.0:
668;intermediateVaulx@1.0:
1437;intermediateVaulx@1.0:
414;intermediateVaulx@1.0:
930;intermediateVaulx@1.0:
1189;intermediateVaulx@1.0:
166;intermediateVaulx@1.0:
679;intermediateVaulx@1.0:
1448;intermediateVaulx@1.0:
426;intermediateVaulx@1.0:
940;intermediateVaulx@1.0:
1200;intermediateVaulx@1.0:
177;intermediateVaulx@1.0:
691;intermediateVaulx@1.0:
1459;intermediateVaulx@1.0:
437;intermediateVaulx@1.0:
951;intermediateVaulx@1.0:
1211;intermediateVaulx@1.0:
189;intermediateVaulx@1.0:
702;intermediateVaulx@1.0:
1470;intermediateVaulx@1.0:
449;intermediateVaulx@1.0:
962;intermediateVaulx@1.0:
1222;intermediateVaulx@1.0:
199;intermediateVaulx@1.0:
714;intermediateVaulx@1.0:
460;intermediateVaulx@1.0:
973;intermediateVaulx@1.0:
1232;intermediateVaulx@1.0:
211;intermediateVaulx@1.0:
725;intermediateVaulx@1.0:
472;intermediateVaulx@1.0:
984;intermediateVaulx@1.0:
1243;intermediateVaulx@1.0:
222;intermediateVaulx@1.0:
736;intermediateVaulx@1.0:
995;intermediateVaulx@1.0:
484;intermediateVaulx@1.0:
1254;intermediateVaulx@1.0:
233;intermediateVaulx@1.0:
748;intermediateVaulx@1.0:
1005;intermediateVaulx@1.0:
496;intermediateVaulx@1.0:
1265;intermediateVaulx@1.0:
244;intermediateVaulx@1.0:
760;intermediateVaulx@1.0:
1016;intermediateVaulx@1.0:
1275;intermediateVaulx@1.0:
508;intermediateVaulx@1.0:
255;intermediateVaulx@1.0:
1;intermediateLyon@1.0:
771;intermediateLyon@1.0:
1027;intermediateLyon@1.0:
1286;intermediateLyon@1.0:
519;intermediateLyon@1.0:
266;intermediateLyon@1.0:
12;intermediateLyon@1.0:
1038;intermediateLyon@1.0:
783;intermediateLyon@1.0:
1298;intermediateLyon@1.0:
531;intermediateLyon@1.0:
277;intermediateLyon@1.0:
23;intermediateLyon@1.0:
1048;intermediateLyon@1.0:
795;intermediateLyon@1.0:
1308;intermediateLyon@1.0:
542;intermediateLyon@1.0:
288;intermediateLyon@1.0:
35;intermediateLyon@1.0:
1059;intermediateLyon@1.0:
806;intermediateLyon@1.0:
1319;intermediateLyon@1.0:
554;intermediateLyon@1.0:
300;intermediateLyon@1.0:
46;intermediateLyon@1.0:
1070;intermediateLyon@1.0:
817;intermediateLyon@1.0:
1330;intermediateLyon@1.0:
566;intermediateLyon@1.0:
311;intermediateLyon@1.0:
57;intermediateLyon@1.0:
1081;intermediateLyon@1.0:
829;intermediateLyon@1.0:
1341;intermediateLyon@1.0:
577;intermediateLyon@1.0:
322;intermediateLyon@1.0:
68;intermediateLyon@1.0:
1092;intermediateLyon@1.0:
840;intermediateLyon@1.0:
1352;intermediateLyon@1.0:
588;intermediateLyon@1.0:
333;intermediateLyon@1.0:
78;intermediateLyon@1.0:
1103;intermediateLyon@1.0:
1362;intermediateLyon@1.0:
852;intermediateLyon@1.0:
599;intermediateLyon@1.0:
89;intermediateLyon@1.0:
345;intermediateLyon@1.0:
1113;intermediateLyon@1.0:
1373;intermediateLyon@1.0:
863;intermediateLyon@1.0:
610;intermediateLyon@1.0:
100;intermediateLyon@1.0:
356;intermediateLyon@1.0:
1124;intermediateLyon@1.0:
1384;intermediateLyon@1.0:
875;intermediateLyon@1.0:
622;intermediateLyon@1.0:
111;intermediateLyon@1.0:
1135;intermediateLyon@1.0:
368;intermediateLyon@1.0:
1395;intermediateLyon@1.0:
886;intermediateLyon@1.0:
633;intermediateLyon@1.0:
122;intermediateLyon@1.0:
1146;intermediateLyon@1.0:
380;intermediateLyon@1.0:
1405;intermediateLyon@1.0:
897;intermediateLyon@1.0:
133;intermediateLyon@1.0:
645;intermediateLyon@1.0:
1157;intermediateLyon@1.0:
391;intermediateLyon@1.0:
1416;intermediateLyon@1.0:
908;intermediateLyon@1.0:
144;intermediateLyon@1.0:
656;intermediateLyon@1.0:
1168;intermediateLyon@1.0:
403;intermediateLyon@1.0:
1427;intermediateLyon@1.0:
919;intermediateLyon@1.0:
1178;intermediateLyon@1.0:
155;intermediateLyon@1.0:
668;intermediateLyon@1.0:
1437;intermediateLyon@1.0:
414;intermediateLyon@1.0:
930;intermediateLyon@1.0:
1189;intermediateLyon@1.0:
166;intermediateLyon@1.0:
679;intermediateLyon@1.0:
1448;intermediateLyon@1.0:
426;intermediateLyon@1.0:
940;intermediateLyon@1.0:
1200;intermediateLyon@1.0:
177;intermediateLyon@1.0:
691;intermediateLyon@1.0:
1459;intermediateLyon@1.0:
437;intermediateLyon@1.0:
951;intermediateLyon@1.0:
1211;intermediateLyon@1.0:
189;intermediateLyon@1.0:
702;intermediateLyon@1.0:
1470;intermediateLyon@1.0:
449;intermediateLyon@1.0:
962;intermediateLyon@1.0:
1222;intermediateLyon@1.0:
199;intermediateLyon@1.0:
714;intermediateLyon@1.0:
460;intermediateLyon@1.0:
973;intermediateLyon@1.0:
1232;intermediateLyon@1.0:
211;intermediateLyon@1.0:
725;intermediateLyon@1.0:
472;intermediateLyon@1.0:
984;intermediateLyon@1.0:
1243;intermediateLyon@1.0:
222;intermediateLyon@1.0:
736;intermediateLyon@1.0:
995;intermediateLyon@1.0:
484;intermediateLyon@1.0:
1254;intermediateLyon@1.0:
233;intermediateLyon@1.0:
748;intermediateLyon@1.0:
1005;intermediateLyon@1.0:
496;intermediateLyon@1.0:
1265;intermediateLyon@1.0:
244;intermediateLyon@1.0:
760;intermediateLyon@1.0:
1016;intermediateLyon@1.0:
1275;intermediateLyon@1.0:
508;intermediateLyon@1.0:
255;intermediateLyon@1.0:
