timestamp;actions
768;intermediateVilleurbanne@1.0:
1280;intermediateVilleurbanne@1.0:
1;intermediateVilleurbanne@8.0:
514;intermediateVilleurbanne@1.0:
1538;intermediateVilleurbanne@1.0:
1030;intermediateVilleurbanne@1.0:
264;intermediateVilleurbanne@12.0:
1290;intermediateVilleurbanne@1.0:
779;intermediateVilleurbanne@1.0:
13;intermediateVilleurbanne@12.0:
525;intermediateVilleurbanne@1.0:
1549;intermediateVilleurbanne@1.0:
1041;intermediateVilleurbanne@1.0:
276;intermediateVilleurbanne@12.0:
1301;intermediateVilleurbanne@1.0:
791;intermediateVilleurbanne@1.0:
1559;intermediateVilleurbanne@1.0:
537;intermediateVilleurbanne@1.0:
26;intermediateVilleurbanne@12.0:
1052;intermediateVilleurbanne@1.0:
288;intermediateVilleurbanne@12.0:
1312;intermediateVilleurbanne@1.0:
1570;intermediateVilleurbanne@1.0:
803;intermediateVilleurbanne@1.0:
548;intermediateVilleurbanne@1.0:
39;intermediateVilleurbanne@12.0:
1063;intermediateVilleurbanne@1.0:
1323;intermediateVilleurbanne@1.0:
300;intermediateVilleurbanne@12.0:
814;intermediateVilleurbanne@1.0:
560;intermediateVilleurbanne@1.0:
1074;intermediateVilleurbanne@1.0:
53;intermediateVilleurbanne@12.0:
1333;intermediateVilleurbanne@1.0:
312;intermediateVilleurbanne@12.0:
826;intermediateVilleurbanne@1.0:
571;intermediateVilleurbanne@1.0:
1085;intermediateVilleurbanne@1.0:
1344;intermediateVilleurbanne@1.0:
66;intermediateVilleurbanne@12.0:
837;intermediateVilleurbanne@1.0:
583;intermediateVilleurbanne@1.0:
1096;intermediateVilleurbanne@1.0:
1355;intermediateVilleurbanne@1.0:
334;intermediateVilleurbanne@1.0:
79;intermediateVilleurbanne@11.0:
593;intermediateVilleurbanne@1.0:
849;intermediateVilleurbanne@1.0:
1106;intermediateVilleurbanne@1.0:
1366;intermediateVilleurbanne@1.0:
345;intermediateVilleurbanne@1.0:
91;intermediateVilleurbanne@10.0:
860;intermediateVilleurbanne@1.0:
605;intermediateVilleurbanne@1.0:
1117;intermediateVilleurbanne@1.0:
1377;intermediateVilleurbanne@1.0:
356;intermediateVilleurbanne@1.0:
102;intermediateVilleurbanne@12.0:
871;intermediateVilleurbanne@1.0:
616;intermediateVilleurbanne@1.0:
1128;intermediateVilleurbanne@1.0:
1388;intermediateVilleurbanne@1.0:
367;intermediateVilleurbanne@1.0:
113;intermediateVilleurbanne@12.0:
627;intermediateVilleurbanne@1.0:
883;intermediateVilleurbanne@1.0:
1139;intermediateVilleurbanne@1.0:
1398;intermediateVilleurbanne@1.0:
378;intermediateVilleurbanne@1.0:
126;intermediateVilleurbanne@12.0:
638;intermediateVilleurbanne@1.0:
894;intermediateVilleurbanne@1.0:
1150;intermediateVilleurbanne@1.0:
1409;intermediateVilleurbanne@1.0:
389;intermediateVilleurbanne@1.0:
137;intermediateVilleurbanne@12.0:
1161;intermediateVilleurbanne@1.0:
650;intermediateVilleurbanne@1.0:
906;intermediateVilleurbanne@1.0:
1420;intermediateVilleurbanne@1.0:
400;intermediateVilleurbanne@1.0:
1172;intermediateVilleurbanne@1.0:
661;intermediateVilleurbanne@1.0:
917;intermediateVilleurbanne@1.0:
150;intermediateVilleurbanne@12.0:
1431;intermediateVilleurbanne@1.0:
412;intermediateVilleurbanne@1.0:
1182;intermediateVilleurbanne@1.0:
928;intermediateVilleurbanne@1.0:
161;intermediateVilleurbanne@12.0:
673;intermediateVilleurbanne@1.0:
1441;intermediateVilleurbanne@1.0:
423;intermediateVilleurbanne@1.0:
1193;intermediateVilleurbanne@1.0:
940;intermediateVilleurbanne@1.0:
1452;intermediateVilleurbanne@1.0:
173;intermediateVilleurbanne@12.0:
685;intermediateVilleurbanne@1.0:
434;intermediateVilleurbanne@1.0:
1204;intermediateVilleurbanne@1.0:
951;intermediateVilleurbanne@1.0:
1463;intermediateVilleurbanne@1.0:
185;intermediateVilleurbanne@12.0:
697;intermediateVilleurbanne@1.0:
445;intermediateVilleurbanne@1.0:
1215;intermediateVilleurbanne@1.0:
1473;intermediateVilleurbanne@1.0:
963;intermediateVilleurbanne@1.0:
709;intermediateVilleurbanne@1.0:
456;intermediateVilleurbanne@1.0:
1225;intermediateVilleurbanne@1.0:
1484;intermediateVilleurbanne@1.0:
975;intermediateVilleurbanne@1.0:
720;intermediateVilleurbanne@1.0:
468;intermediateVilleurbanne@1.0:
1236;intermediateVilleurbanne@1.0:
1495;intermediateVilleurbanne@1.0:
218;intermediateVilleurbanne@10.0:
986;intermediateVilleurbanne@1.0:
733;intermediateVilleurbanne@1.0:
479;intermediateVilleurbanne@1.0:
1247;intermediateVilleurbanne@1.0:
1506;intermediateVilleurbanne@1.0:
229;intermediateVilleurbanne@12.0:
998;intermediateVilleurbanne@1.0:
744;intermediateVilleurbanne@1.0:
1258;intermediateVilleurbanne@1.0:
491;intermediateVilleurbanne@1.0:
1516;intermediateVilleurbanne@1.0:
241;intermediateVilleurbanne@12.0:
1009;intermediateVilleurbanne@1.0:
756;intermediateVilleurbanne@1.0:
1269;intermediateVilleurbanne@1.0:
502;intermediateVilleurbanne@1.0:
1527;intermediateVilleurbanne@1.0:
1019;intermediateVilleurbanne@1.0:
252;intermediateVilleurbanne@12.0:
768;sink@5.0:
1280;sink@1.0:
1;sink@9.0:
514;sink@3.0:
1538;sink@1.0:
1030;sink@1.0:
264;sink@1.0:
1290;sink@1.0:
779;sink@5.0:
13;sink@12.0:
525;sink@3.0:
1549;sink@1.0:
1041;sink@1.0:
276;sink@1.0:
1301;sink@1.0:
791;sink@5.0:
1559;sink@1.0:
537;sink@3.0:
26;sink@12.0:
1052;sink@1.0:
288;sink@1.0:
1570;sink@1.0:
803;sink@5.0:
548;sink@3.0:
39;sink@12.0:
1063;sink@1.0:
1323;sink@2.0:
300;sink@1.0:
814;sink@5.0:
560;sink@3.0:
1074;sink@1.0:
53;sink@12.0:
1333;sink@2.0:
312;sink@1.0:
826;sink@5.0:
571;sink@3.0:
1085;sink@1.0:
1344;sink@2.0:
66;sink@12.0:
837;sink@5.0:
1096;sink@1.0:
1355;sink@2.0:
334;sink@1.0:
593;sink@1.0:
1106;sink@1.0:
1366;sink@2.0:
345;sink@1.0:
860;sink@2.0:
605;sink@1.0:
1117;sink@1.0:
356;sink@1.0:
102;sink@1.0:
871;sink@2.0:
616;sink@1.0:
1128;sink@1.0:
1388;sink@1.0:
367;sink@1.0:
113;sink@1.0:
627;sink@1.0:
883;sink@2.0:
1139;sink@1.0:
1398;sink@1.0:
378;sink@2.0:
126;sink@1.0:
638;sink@1.0:
894;sink@2.0:
1150;sink@1.0:
1409;sink@1.0:
389;sink@2.0:
137;sink@1.0:
1161;sink@1.0:
650;sink@4.0:
906;sink@2.0:
1420;sink@1.0:
400;sink@2.0:
1172;sink@1.0:
661;sink@5.0:
150;sink@1.0:
1431;sink@1.0:
412;sink@2.0:
1182;sink@1.0:
928;sink@3.0:
161;sink@1.0:
673;sink@5.0:
1441;sink@1.0:
423;sink@2.0:
1193;sink@1.0:
940;sink@3.0:
1452;sink@1.0:
173;sink@1.0:
685;sink@5.0:
434;sink@2.0:
1204;sink@1.0:
951;sink@3.0:
1463;sink@1.0:
185;sink@1.0:
697;sink@5.0:
445;sink@2.0:
1215;sink@1.0:
1473;sink@1.0:
963;sink@3.0:
709;sink@5.0:
456;sink@2.0:
1225;sink@1.0:
1484;sink@1.0:
975;sink@3.0:
720;sink@5.0:
468;sink@1.0:
1236;sink@1.0:
1495;sink@1.0:
218;sink@1.0:
986;sink@3.0:
733;sink@5.0:
479;sink@3.0:
1247;sink@1.0:
1506;sink@1.0:
229;sink@1.0:
998;sink@3.0:
744;sink@5.0:
1258;sink@1.0:
491;sink@3.0:
1516;sink@1.0:
241;sink@1.0:
756;sink@5.0:
1269;sink@1.0:
502;sink@3.0:
1527;sink@1.0:
1019;sink@1.0:
252;sink@1.0:
768;intermediateVaulx@1.0:
1280;intermediateVaulx@1.0:
1;intermediateVaulx@9.0:
514;intermediateVaulx@1.0:
1538;intermediateVaulx@1.0:
1030;intermediateVaulx@1.0:
264;intermediateVaulx@1.0:
1290;intermediateVaulx@1.0:
779;intermediateVaulx@1.0:
13;intermediateVaulx@12.0:
525;intermediateVaulx@1.0:
1549;intermediateVaulx@1.0:
1041;intermediateVaulx@1.0:
276;intermediateVaulx@1.0:
1301;intermediateVaulx@1.0:
791;intermediateVaulx@1.0:
1559;intermediateVaulx@1.0:
537;intermediateVaulx@1.0:
26;intermediateVaulx@12.0:
1052;intermediateVaulx@1.0:
288;intermediateVaulx@1.0:
1312;intermediateVaulx@1.0:
1570;intermediateVaulx@1.0:
803;intermediateVaulx@1.0:
548;intermediateVaulx@1.0:
39;intermediateVaulx@12.0:
1063;intermediateVaulx@1.0:
1323;intermediateVaulx@1.0:
300;intermediateVaulx@1.0:
814;intermediateVaulx@1.0:
560;intermediateVaulx@1.0:
1074;intermediateVaulx@1.0:
53;intermediateVaulx@12.0:
1333;intermediateVaulx@1.0:
312;intermediateVaulx@1.0:
826;intermediateVaulx@1.0:
571;intermediateVaulx@1.0:
1085;intermediateVaulx@1.0:
1344;intermediateVaulx@1.0:
66;intermediateVaulx@12.0:
323;intermediateVaulx@1.0:
837;intermediateVaulx@1.0:
583;intermediateVaulx@1.0:
1096;intermediateVaulx@1.0:
1355;intermediateVaulx@1.0:
334;intermediateVaulx@1.0:
79;intermediateVaulx@1.0:
593;intermediateVaulx@1.0:
849;intermediateVaulx@1.0:
1106;intermediateVaulx@1.0:
1366;intermediateVaulx@1.0:
345;intermediateVaulx@1.0:
860;intermediateVaulx@1.0:
605;intermediateVaulx@1.0:
1117;intermediateVaulx@1.0:
1377;intermediateVaulx@1.0:
356;intermediateVaulx@1.0:
102;intermediateVaulx@9.0:
871;intermediateVaulx@1.0:
616;intermediateVaulx@1.0:
1128;intermediateVaulx@1.0:
1388;intermediateVaulx@1.0:
367;intermediateVaulx@1.0:
113;intermediateVaulx@12.0:
627;intermediateVaulx@1.0:
883;intermediateVaulx@1.0:
1139;intermediateVaulx@1.0:
1398;intermediateVaulx@1.0:
378;intermediateVaulx@1.0:
126;intermediateVaulx@12.0:
638;intermediateVaulx@1.0:
894;intermediateVaulx@1.0:
1150;intermediateVaulx@1.0:
1409;intermediateVaulx@1.0:
389;intermediateVaulx@1.0:
137;intermediateVaulx@12.0:
1161;intermediateVaulx@1.0:
650;intermediateVaulx@1.0:
906;intermediateVaulx@1.0:
1420;intermediateVaulx@1.0:
400;intermediateVaulx@1.0:
1172;intermediateVaulx@1.0:
661;intermediateVaulx@1.0:
917;intermediateVaulx@1.0:
150;intermediateVaulx@12.0:
1431;intermediateVaulx@1.0:
412;intermediateVaulx@1.0:
1182;intermediateVaulx@1.0:
928;intermediateVaulx@1.0:
161;intermediateVaulx@12.0:
673;intermediateVaulx@1.0:
1441;intermediateVaulx@1.0:
423;intermediateVaulx@1.0:
1193;intermediateVaulx@1.0:
940;intermediateVaulx@1.0:
1452;intermediateVaulx@1.0:
173;intermediateVaulx@12.0:
685;intermediateVaulx@1.0:
434;intermediateVaulx@1.0:
1204;intermediateVaulx@1.0:
951;intermediateVaulx@1.0:
1463;intermediateVaulx@1.0:
185;intermediateVaulx@12.0:
697;intermediateVaulx@1.0:
445;intermediateVaulx@1.0:
1215;intermediateVaulx@1.0:
1473;intermediateVaulx@1.0:
963;intermediateVaulx@1.0:
709;intermediateVaulx@1.0:
456;intermediateVaulx@1.0:
1225;intermediateVaulx@1.0:
1484;intermediateVaulx@1.0:
975;intermediateVaulx@1.0:
720;intermediateVaulx@1.0:
468;intermediateVaulx@1.0:
1236;intermediateVaulx@1.0:
1495;intermediateVaulx@1.0:
986;intermediateVaulx@1.0:
733;intermediateVaulx@1.0:
479;intermediateVaulx@1.0:
1247;intermediateVaulx@1.0:
1506;intermediateVaulx@1.0:
229;intermediateVaulx@1.0:
998;intermediateVaulx@1.0:
744;intermediateVaulx@1.0:
1258;intermediateVaulx@1.0:
491;intermediateVaulx@1.0:
1516;intermediateVaulx@1.0:
241;intermediateVaulx@1.0:
1009;intermediateVaulx@1.0:
756;intermediateVaulx@1.0:
1269;intermediateVaulx@1.0:
502;intermediateVaulx@1.0:
1527;intermediateVaulx@1.0:
1019;intermediateVaulx@1.0:
252;intermediateVaulx@1.0:
768;intermediateLyon@1.0:
1280;intermediateLyon@1.0:
1;intermediateLyon@8.0:
514;intermediateLyon@1.0:
1538;intermediateLyon@1.0:
1030;intermediateLyon@1.0:
264;intermediateLyon@1.0:
1290;intermediateLyon@1.0:
779;intermediateLyon@1.0:
13;intermediateLyon@12.0:
525;intermediateLyon@1.0:
1549;intermediateLyon@1.0:
1041;intermediateLyon@1.0:
276;intermediateLyon@1.0:
1301;intermediateLyon@1.0:
791;intermediateLyon@1.0:
1559;intermediateLyon@1.0:
537;intermediateLyon@1.0:
26;intermediateLyon@12.0:
1052;intermediateLyon@1.0:
288;intermediateLyon@1.0:
1312;intermediateLyon@1.0:
1570;intermediateLyon@1.0:
803;intermediateLyon@1.0:
548;intermediateLyon@1.0:
39;intermediateLyon@12.0:
1063;intermediateLyon@1.0:
1323;intermediateLyon@1.0:
300;intermediateLyon@1.0:
814;intermediateLyon@1.0:
560;intermediateLyon@1.0:
1074;intermediateLyon@1.0:
53;intermediateLyon@12.0:
1333;intermediateLyon@1.0:
312;intermediateLyon@1.0:
826;intermediateLyon@1.0:
571;intermediateLyon@1.0:
1085;intermediateLyon@1.0:
1344;intermediateLyon@1.0:
66;intermediateLyon@12.0:
323;intermediateLyon@1.0:
837;intermediateLyon@1.0:
583;intermediateLyon@1.0:
1096;intermediateLyon@1.0:
1355;intermediateLyon@1.0:
334;intermediateLyon@1.0:
79;intermediateLyon@11.0:
593;intermediateLyon@1.0:
849;intermediateLyon@1.0:
1106;intermediateLyon@1.0:
1366;intermediateLyon@1.0:
345;intermediateLyon@1.0:
860;intermediateLyon@1.0:
605;intermediateLyon@1.0:
1117;intermediateLyon@1.0:
1377;intermediateLyon@1.0:
356;intermediateLyon@1.0:
102;intermediateLyon@1.0:
871;intermediateLyon@1.0:
616;intermediateLyon@1.0:
1128;intermediateLyon@1.0:
1388;intermediateLyon@1.0:
367;intermediateLyon@1.0:
113;intermediateLyon@1.0:
627;intermediateLyon@1.0:
883;intermediateLyon@1.0:
1139;intermediateLyon@1.0:
1398;intermediateLyon@1.0:
378;intermediateLyon@1.0:
126;intermediateLyon@1.0:
638;intermediateLyon@1.0:
894;intermediateLyon@1.0:
1150;intermediateLyon@1.0:
1409;intermediateLyon@1.0:
389;intermediateLyon@1.0:
137;intermediateLyon@1.0:
1161;intermediateLyon@1.0:
650;intermediateLyon@1.0:
906;intermediateLyon@1.0:
1420;intermediateLyon@1.0:
400;intermediateLyon@1.0:
1172;intermediateLyon@1.0:
661;intermediateLyon@1.0:
917;intermediateLyon@1.0:
150;intermediateLyon@1.0:
1431;intermediateLyon@1.0:
412;intermediateLyon@1.0:
1182;intermediateLyon@1.0:
928;intermediateLyon@1.0:
161;intermediateLyon@1.0:
673;intermediateLyon@1.0:
1441;intermediateLyon@1.0:
423;intermediateLyon@1.0:
1193;intermediateLyon@1.0:
940;intermediateLyon@1.0:
1452;intermediateLyon@1.0:
173;intermediateLyon@1.0:
685;intermediateLyon@1.0:
434;intermediateLyon@1.0:
1204;intermediateLyon@1.0:
951;intermediateLyon@1.0:
1463;intermediateLyon@1.0:
185;intermediateLyon@1.0:
697;intermediateLyon@1.0:
445;intermediateLyon@1.0:
1215;intermediateLyon@1.0:
1473;intermediateLyon@1.0:
963;intermediateLyon@1.0:
709;intermediateLyon@1.0:
456;intermediateLyon@1.0:
1225;intermediateLyon@1.0:
1484;intermediateLyon@1.0:
975;intermediateLyon@1.0:
720;intermediateLyon@1.0:
468;intermediateLyon@1.0:
1236;intermediateLyon@1.0:
1495;intermediateLyon@1.0:
218;intermediateLyon@1.0:
986;intermediateLyon@1.0:
733;intermediateLyon@1.0:
479;intermediateLyon@1.0:
1247;intermediateLyon@1.0:
1506;intermediateLyon@1.0:
229;intermediateLyon@1.0:
998;intermediateLyon@1.0:
744;intermediateLyon@1.0:
1258;intermediateLyon@1.0:
491;intermediateLyon@1.0:
1516;intermediateLyon@1.0:
241;intermediateLyon@1.0:
1009;intermediateLyon@1.0:
756;intermediateLyon@1.0:
1269;intermediateLyon@1.0:
502;intermediateLyon@1.0:
1527;intermediateLyon@1.0:
1019;intermediateLyon@1.0:
252;intermediateLyon@1.0:
timestamp;actions
1024;intermediateVilleurbanne@12.0:
1;intermediateVilleurbanne@10.0:
772;intermediateVilleurbanne@12.0:
1284;intermediateVilleurbanne@12.0:
517;intermediateVilleurbanne@12.0:
1544;intermediateVilleurbanne@12.0:
266;intermediateVilleurbanne@12.0:
1038;intermediateVilleurbanne@12.0:
15;intermediateVilleurbanne@12.0:
785;intermediateVilleurbanne@12.0:
1297;intermediateVilleurbanne@12.0:
1556;intermediateVilleurbanne@12.0:
533;intermediateVilleurbanne@12.0:
280;intermediateVilleurbanne@12.0:
28;intermediateVilleurbanne@12.0:
1053;intermediateVilleurbanne@12.0:
1311;intermediateVilleurbanne@12.0:
800;intermediateVilleurbanne@12.0:
1569;intermediateVilleurbanne@12.0:
549;intermediateVilleurbanne@12.0:
41;intermediateVilleurbanne@12.0:
297;intermediateVilleurbanne@12.0:
1068;intermediateVilleurbanne@12.0:
1324;intermediateVilleurbanne@12.0:
814;intermediateVilleurbanne@12.0:
1582;intermediateVilleurbanne@12.0:
54;intermediateVilleurbanne@12.0:
566;intermediateVilleurbanne@12.0:
1337;intermediateVilleurbanne@12.0:
1082;intermediateVilleurbanne@12.0:
315;intermediateVilleurbanne@12.0:
1595;intermediateVilleurbanne@12.0:
828;intermediateVilleurbanne@12.0:
67;intermediateVilleurbanne@12.0:
582;intermediateVilleurbanne@12.0:
1350;intermediateVilleurbanne@12.0:
1096;intermediateVilleurbanne@12.0:
1608;intermediateVilleurbanne@12.0:
842;intermediateVilleurbanne@12.0:
332;intermediateVilleurbanne@12.0:
80;intermediateVilleurbanne@12.0:
1363;intermediateVilleurbanne@12.0:
1621;intermediateVilleurbanne@12.0:
1110;intermediateVilleurbanne@12.0:
600;intermediateVilleurbanne@12.0:
856;intermediateVilleurbanne@12.0:
93;intermediateVilleurbanne@12.0:
350;intermediateVilleurbanne@12.0:
1376;intermediateVilleurbanne@12.0:
1634;intermediateVilleurbanne@12.0:
1124;intermediateVilleurbanne@12.0:
870;intermediateVilleurbanne@12.0:
106;intermediateVilleurbanne@12.0:
621;intermediateVilleurbanne@12.0:
1389;intermediateVilleurbanne@12.0:
1646;intermediateVilleurbanne@12.0:
367;intermediateVilleurbanne@12.0:
1138;intermediateVilleurbanne@12.0:
884;intermediateVilleurbanne@12.0:
119;intermediateVilleurbanne@12.0:
1402;intermediateVilleurbanne@12.0:
1659;intermediateVilleurbanne@12.0:
383;intermediateVilleurbanne@12.0:
639;intermediateVilleurbanne@12.0:
1151;intermediateVilleurbanne@12.0:
897;intermediateVilleurbanne@12.0:
133;intermediateVilleurbanne@12.0:
1415;intermediateVilleurbanne@12.0:
1671;intermediateVilleurbanne@12.0:
1165;intermediateVilleurbanne@12.0:
911;intermediateVilleurbanne@12.0:
401;intermediateVilleurbanne@12.0:
657;intermediateVilleurbanne@12.0:
147;intermediateVilleurbanne@12.0:
1428;intermediateVilleurbanne@12.0:
1684;intermediateVilleurbanne@12.0:
1179;intermediateVilleurbanne@12.0:
925;intermediateVilleurbanne@12.0:
160;intermediateVilleurbanne@12.0:
1696;intermediateVilleurbanne@12.0:
1441;intermediateVilleurbanne@12.0:
418;intermediateVilleurbanne@12.0:
674;intermediateVilleurbanne@12.0:
1192;intermediateVilleurbanne@12.0:
939;intermediateVilleurbanne@12.0:
1709;intermediateVilleurbanne@12.0:
174;intermediateVilleurbanne@12.0:
1454;intermediateVilleurbanne@12.0:
433;intermediateVilleurbanne@12.0:
690;intermediateVilleurbanne@12.0:
1205;intermediateVilleurbanne@12.0:
954;intermediateVilleurbanne@12.0:
1466;intermediateVilleurbanne@12.0:
187;intermediateVilleurbanne@12.0:
450;intermediateVilleurbanne@12.0:
706;intermediateVilleurbanne@12.0:
1218;intermediateVilleurbanne@12.0:
967;intermediateVilleurbanne@12.0:
1479;intermediateVilleurbanne@12.0:
201;intermediateVilleurbanne@12.0:
1230;intermediateVilleurbanne@12.0:
722;intermediateVilleurbanne@12.0:
467;intermediateVilleurbanne@12.0:
1492;intermediateVilleurbanne@12.0:
981;intermediateVilleurbanne@12.0:
215;intermediateVilleurbanne@12.0:
1243;intermediateVilleurbanne@12.0:
1505;intermediateVilleurbanne@12.0:
738;intermediateVilleurbanne@12.0:
995;intermediateVilleurbanne@12.0:
484;intermediateVilleurbanne@12.0:
1256;intermediateVilleurbanne@12.0:
233;intermediateVilleurbanne@12.0:
1518;intermediateVilleurbanne@12.0:
1010;intermediateVilleurbanne@12.0:
755;intermediateVilleurbanne@12.0:
501;intermediateVilleurbanne@12.0:
1270;intermediateVilleurbanne@12.0:
249;intermediateVilleurbanne@12.0:
1531;intermediateVilleurbanne@12.0:
1024;sink@12.0:
1;sink@12.0:
772;sink@12.0:
1284;sink@12.0:
517;sink@12.0:
1544;sink@12.0:
266;sink@12.0:
1038;sink@12.0:
15;sink@12.0:
785;sink@12.0:
1297;sink@12.0:
1556;sink@12.0:
533;sink@12.0:
280;sink@12.0:
28;sink@12.0:
1053;sink@12.0:
1311;sink@12.0:
800;sink@12.0:
1569;sink@12.0:
549;sink@12.0:
41;sink@12.0:
297;sink@12.0:
1068;sink@12.0:
1324;sink@12.0:
814;sink@12.0:
1582;sink@12.0:
54;sink@12.0:
566;sink@12.0:
1337;sink@12.0:
1082;sink@12.0:
315;sink@12.0:
1595;sink@12.0:
828;sink@12.0:
67;sink@12.0:
582;sink@12.0:
1350;sink@12.0:
1096;sink@12.0:
1608;sink@12.0:
842;sink@12.0:
332;sink@12.0:
80;sink@12.0:
1363;sink@12.0:
1621;sink@12.0:
1110;sink@12.0:
600;sink@12.0:
856;sink@12.0:
93;sink@12.0:
350;sink@12.0:
1376;sink@12.0:
1634;sink@12.0:
1124;sink@12.0:
870;sink@12.0:
106;sink@12.0:
621;sink@12.0:
1389;sink@12.0:
1646;sink@12.0:
367;sink@12.0:
1138;sink@12.0:
884;sink@12.0:
119;sink@12.0:
1402;sink@12.0:
1659;sink@12.0:
383;sink@12.0:
639;sink@12.0:
1151;sink@12.0:
897;sink@12.0:
133;sink@12.0:
1415;sink@12.0:
1671;sink@12.0:
1165;sink@12.0:
911;sink@12.0:
401;sink@12.0:
657;sink@12.0:
147;sink@12.0:
1428;sink@12.0:
1684;sink@12.0:
1179;sink@12.0:
925;sink@12.0:
160;sink@12.0:
1696;sink@12.0:
1441;sink@12.0:
418;sink@12.0:
674;sink@12.0:
1192;sink@12.0:
939;sink@12.0:
1709;sink@12.0:
174;sink@12.0:
1454;sink@12.0:
433;sink@12.0:
690;sink@12.0:
1205;sink@12.0:
954;sink@12.0:
1466;sink@12.0:
187;sink@12.0:
450;sink@12.0:
706;sink@12.0:
1218;sink@12.0:
967;sink@12.0:
1479;sink@12.0:
201;sink@12.0:
1230;sink@12.0:
722;sink@12.0:
467;sink@12.0:
1492;sink@12.0:
981;sink@12.0:
215;sink@12.0:
1243;sink@12.0:
1505;sink@12.0:
738;sink@12.0:
995;sink@12.0:
484;sink@12.0:
1256;sink@12.0:
233;sink@12.0:
1518;sink@12.0:
1010;sink@12.0:
755;sink@12.0:
501;sink@12.0:
1270;sink@12.0:
249;sink@12.0:
1531;sink@12.0:
1024;intermediateVaulx@12.0:
1;intermediateVaulx@12.0:
772;intermediateVaulx@12.0:
1284;intermediateVaulx@12.0:
517;intermediateVaulx@12.0:
1544;intermediateVaulx@12.0:
266;intermediateVaulx@12.0:
1038;intermediateVaulx@12.0:
15;intermediateVaulx@12.0:
785;intermediateVaulx@12.0:
1297;intermediateVaulx@12.0:
1556;intermediateVaulx@12.0:
533;intermediateVaulx@12.0:
280;intermediateVaulx@12.0:
28;intermediateVaulx@12.0:
1053;intermediateVaulx@12.0:
1311;intermediateVaulx@12.0:
800;intermediateVaulx@12.0:
1569;intermediateVaulx@12.0:
549;intermediateVaulx@12.0:
41;intermediateVaulx@12.0:
297;intermediateVaulx@12.0:
1068;intermediateVaulx@12.0:
1324;intermediateVaulx@12.0:
814;intermediateVaulx@12.0:
1582;intermediateVaulx@12.0:
54;intermediateVaulx@12.0:
566;intermediateVaulx@12.0:
1337;intermediateVaulx@12.0:
1082;intermediateVaulx@12.0:
315;intermediateVaulx@12.0:
1595;intermediateVaulx@12.0:
828;intermediateVaulx@12.0:
67;intermediateVaulx@12.0:
582;intermediateVaulx@12.0:
1350;intermediateVaulx@12.0:
1096;intermediateVaulx@12.0:
1608;intermediateVaulx@12.0:
842;intermediateVaulx@12.0:
332;intermediateVaulx@12.0:
80;intermediateVaulx@12.0:
1363;intermediateVaulx@12.0:
1621;intermediateVaulx@12.0:
1110;intermediateVaulx@12.0:
600;intermediateVaulx@12.0:
856;intermediateVaulx@12.0:
93;intermediateVaulx@12.0:
350;intermediateVaulx@12.0:
1376;intermediateVaulx@12.0:
1634;intermediateVaulx@12.0:
1124;intermediateVaulx@12.0:
870;intermediateVaulx@12.0:
106;intermediateVaulx@12.0:
621;intermediateVaulx@12.0:
1389;intermediateVaulx@12.0:
1646;intermediateVaulx@12.0:
367;intermediateVaulx@12.0:
1138;intermediateVaulx@12.0:
884;intermediateVaulx@12.0:
119;intermediateVaulx@12.0:
1402;intermediateVaulx@12.0:
1659;intermediateVaulx@12.0:
383;intermediateVaulx@12.0:
639;intermediateVaulx@12.0:
1151;intermediateVaulx@12.0:
897;intermediateVaulx@12.0:
133;intermediateVaulx@12.0:
1415;intermediateVaulx@12.0:
1671;intermediateVaulx@12.0:
1165;intermediateVaulx@12.0:
911;intermediateVaulx@12.0:
401;intermediateVaulx@12.0:
657;intermediateVaulx@12.0:
147;intermediateVaulx@12.0:
1428;intermediateVaulx@12.0:
1684;intermediateVaulx@12.0:
1179;intermediateVaulx@12.0:
925;intermediateVaulx@12.0:
160;intermediateVaulx@12.0:
1696;intermediateVaulx@12.0:
1441;intermediateVaulx@12.0:
418;intermediateVaulx@12.0:
674;intermediateVaulx@12.0:
1192;intermediateVaulx@12.0:
939;intermediateVaulx@12.0:
1709;intermediateVaulx@12.0:
174;intermediateVaulx@12.0:
1454;intermediateVaulx@12.0:
433;intermediateVaulx@12.0:
690;intermediateVaulx@12.0:
1205;intermediateVaulx@12.0:
954;intermediateVaulx@12.0:
1466;intermediateVaulx@12.0:
187;intermediateVaulx@12.0:
450;intermediateVaulx@12.0:
706;intermediateVaulx@12.0:
1218;intermediateVaulx@12.0:
967;intermediateVaulx@12.0:
1479;intermediateVaulx@12.0:
201;intermediateVaulx@12.0:
1230;intermediateVaulx@12.0:
722;intermediateVaulx@12.0:
467;intermediateVaulx@12.0:
1492;intermediateVaulx@12.0:
981;intermediateVaulx@12.0:
215;intermediateVaulx@12.0:
1243;intermediateVaulx@12.0:
1505;intermediateVaulx@12.0:
738;intermediateVaulx@12.0:
995;intermediateVaulx@12.0:
484;intermediateVaulx@12.0:
1256;intermediateVaulx@12.0:
233;intermediateVaulx@12.0:
1518;intermediateVaulx@12.0:
1010;intermediateVaulx@12.0:
755;intermediateVaulx@12.0:
501;intermediateVaulx@12.0:
1270;intermediateVaulx@12.0:
249;intermediateVaulx@12.0:
1531;intermediateVaulx@12.0:
1024;intermediateLyon@12.0:
1;intermediateLyon@10.0:
772;intermediateLyon@12.0:
1284;intermediateLyon@12.0:
517;intermediateLyon@12.0:
1544;intermediateLyon@12.0:
266;intermediateLyon@12.0:
1038;intermediateLyon@12.0:
15;intermediateLyon@12.0:
785;intermediateLyon@12.0:
1297;intermediateLyon@12.0:
1556;intermediateLyon@12.0:
533;intermediateLyon@12.0:
280;intermediateLyon@12.0:
28;intermediateLyon@12.0:
1053;intermediateLyon@12.0:
1311;intermediateLyon@12.0:
800;intermediateLyon@12.0:
1569;intermediateLyon@12.0:
549;intermediateLyon@12.0:
41;intermediateLyon@12.0:
297;intermediateLyon@12.0:
1068;intermediateLyon@12.0:
1324;intermediateLyon@12.0:
814;intermediateLyon@12.0:
1582;intermediateLyon@12.0:
54;intermediateLyon@12.0:
566;intermediateLyon@12.0:
1337;intermediateLyon@12.0:
1082;intermediateLyon@12.0:
315;intermediateLyon@12.0:
1595;intermediateLyon@12.0:
828;intermediateLyon@12.0:
67;intermediateLyon@12.0:
582;intermediateLyon@12.0:
1350;intermediateLyon@12.0:
1096;intermediateLyon@12.0:
1608;intermediateLyon@12.0:
842;intermediateLyon@12.0:
332;intermediateLyon@12.0:
80;intermediateLyon@12.0:
1363;intermediateLyon@12.0:
1621;intermediateLyon@12.0:
1110;intermediateLyon@12.0:
600;intermediateLyon@12.0:
856;intermediateLyon@12.0:
93;intermediateLyon@12.0:
350;intermediateLyon@12.0:
1376;intermediateLyon@12.0:
1634;intermediateLyon@12.0:
1124;intermediateLyon@12.0:
870;intermediateLyon@12.0:
106;intermediateLyon@12.0:
621;intermediateLyon@12.0:
1389;intermediateLyon@12.0:
1646;intermediateLyon@12.0:
367;intermediateLyon@12.0:
1138;intermediateLyon@12.0:
884;intermediateLyon@12.0:
119;intermediateLyon@12.0:
1402;intermediateLyon@12.0:
1659;intermediateLyon@12.0:
383;intermediateLyon@12.0:
639;intermediateLyon@12.0:
1151;intermediateLyon@12.0:
897;intermediateLyon@12.0:
133;intermediateLyon@12.0:
1415;intermediateLyon@12.0:
1671;intermediateLyon@12.0:
1165;intermediateLyon@12.0:
911;intermediateLyon@12.0:
401;intermediateLyon@12.0:
657;intermediateLyon@12.0:
147;intermediateLyon@12.0:
1428;intermediateLyon@12.0:
1684;intermediateLyon@12.0:
1179;intermediateLyon@12.0:
925;intermediateLyon@12.0:
160;intermediateLyon@12.0:
1696;intermediateLyon@12.0:
1441;intermediateLyon@12.0:
418;intermediateLyon@12.0:
674;intermediateLyon@12.0:
1192;intermediateLyon@12.0:
939;intermediateLyon@12.0:
1709;intermediateLyon@12.0:
174;intermediateLyon@12.0:
1454;intermediateLyon@12.0:
433;intermediateLyon@12.0:
690;intermediateLyon@12.0:
1205;intermediateLyon@12.0:
954;intermediateLyon@12.0:
1466;intermediateLyon@12.0:
187;intermediateLyon@12.0:
450;intermediateLyon@12.0:
706;intermediateLyon@12.0:
1218;intermediateLyon@12.0:
967;intermediateLyon@12.0:
1479;intermediateLyon@12.0:
201;intermediateLyon@12.0:
1230;intermediateLyon@12.0:
722;intermediateLyon@12.0:
467;intermediateLyon@12.0:
1492;intermediateLyon@12.0:
981;intermediateLyon@12.0:
215;intermediateLyon@12.0:
1243;intermediateLyon@12.0:
1505;intermediateLyon@12.0:
738;intermediateLyon@12.0:
995;intermediateLyon@12.0:
484;intermediateLyon@12.0:
1256;intermediateLyon@12.0:
233;intermediateLyon@12.0:
1518;intermediateLyon@12.0:
1010;intermediateLyon@12.0:
755;intermediateLyon@12.0:
501;intermediateLyon@12.0:
1270;intermediateLyon@12.0:
249;intermediateLyon@12.0:
1531;intermediateLyon@12.0:
