timestamp;actions
1;addressProjection@1.0:
258;addressProjection@1.0:
1026;addressProjection@1.0:
1540;addressProjection@1.0:
776;addressProjection@1.0:
521;addressProjection@1.0:
1289;addressProjection@1.0:
13;addressProjection@1.0:
269;addressProjection@1.0:
1037;addressProjection@1.0:
1551;addressProjection@1.0:
532;addressProjection@1.0:
788;addressProjection@1.0:
1300;addressProjection@1.0:
24;addressProjection@1.0:
1048;addressProjection@1.0:
1561;addressProjection@1.0:
1311;addressProjection@1.0:
544;addressProjection@1.0:
800;addressProjection@1.0:
35;addressProjection@1.0:
291;addressProjection@1.0:
1059;addressProjection@1.0:
1322;addressProjection@1.0:
556;addressProjection@1.0:
302;addressProjection@1.0:
1070;addressProjection@1.0:
47;addressProjection@1.0:
1333;addressProjection@1.0:
822;addressProjection@1.0:
568;addressProjection@1.0:
1081;addressProjection@1.0:
58;addressProjection@1.0:
314;addressProjection@1.0:
1344;addressProjection@1.0:
833;addressProjection@1.0:
1092;addressProjection@1.0:
69;addressProjection@1.0:
325;addressProjection@1.0:
1354;addressProjection@1.0:
845;addressProjection@1.0:
590;addressProjection@1.0:
1103;addressProjection@1.0:
80;addressProjection@1.0:
336;addressProjection@1.0:
1365;addressProjection@1.0:
601;addressProjection@1.0:
857;addressProjection@1.0:
1114;addressProjection@1.0:
91;addressProjection@1.0:
348;addressProjection@1.0:
1376;addressProjection@1.0:
1124;addressProjection@1.0:
613;addressProjection@1.0:
869;addressProjection@1.0:
102;addressProjection@1.0:
359;addressProjection@1.0:
1387;addressProjection@1.0:
1135;addressProjection@1.0:
624;addressProjection@1.0:
113;addressProjection@1.0:
881;addressProjection@1.0:
1398;addressProjection@1.0:
1146;addressProjection@1.0:
636;addressProjection@1.0:
892;addressProjection@1.0:
125;addressProjection@1.0:
381;addressProjection@1.0:
1409;addressProjection@1.0:
1157;addressProjection@1.0:
136;addressProjection@1.0:
392;addressProjection@1.0:
648;addressProjection@1.0:
1420;addressProjection@1.0:
1169;addressProjection@1.0:
914;addressProjection@1.0:
147;addressProjection@1.0:
404;addressProjection@1.0:
660;addressProjection@1.0:
1431;addressProjection@1.0:
1180;addressProjection@1.0:
158;addressProjection@1.0:
926;addressProjection@1.0:
416;addressProjection@1.0:
672;addressProjection@1.0:
1442;addressProjection@1.0:
1190;addressProjection@1.0:
169;addressProjection@1.0:
937;addressProjection@1.0:
428;addressProjection@1.0:
684;addressProjection@1.0:
1453;addressProjection@1.0:
1202;addressProjection@1.0:
180;addressProjection@1.0:
948;addressProjection@1.0:
440;addressProjection@1.0:
1464;addressProjection@1.0:
1213;addressProjection@1.0:
960;addressProjection@1.0:
706;addressProjection@1.0:
1475;addressProjection@1.0:
452;addressProjection@1.0:
1223;addressProjection@1.0:
202;addressProjection@1.0:
971;addressProjection@1.0:
717;addressProjection@1.0:
1485;addressProjection@1.0:
1234;addressProjection@1.0:
213;addressProjection@1.0:
982;addressProjection@1.0:
1496;addressProjection@1.0:
729;addressProjection@1.0:
1245;addressProjection@1.0:
224;addressProjection@1.0:
993;addressProjection@1.0:
1507;addressProjection@1.0:
740;addressProjection@1.0:
485;addressProjection@1.0:
1256;addressProjection@1.0:
236;addressProjection@1.0:
1004;addressProjection@1.0:
1518;addressProjection@1.0:
752;addressProjection@1.0:
497;addressProjection@1.0:
1267;addressProjection@1.0:
247;addressProjection@1.0:
1015;addressProjection@1.0:
1529;addressProjection@1.0:
764;addressProjection@1.0:
509;addressProjection@1.0:
1278;addressProjection@1.0:
1;campaignProcessor@1.0:
258;campaignProcessor@1.0:
1026;campaignProcessor@1.0:
1540;campaignProcessor@1.0:
776;campaignProcessor@2.0:
521;campaignProcessor@1.0:
1289;campaignProcessor@1.0:
13;campaignProcessor@1.0:
269;campaignProcessor@1.0:
1037;campaignProcessor@1.0:
1551;campaignProcessor@1.0:
532;campaignProcessor@1.0:
788;campaignProcessor@2.0:
1300;campaignProcessor@1.0:
24;campaignProcessor@1.0:
1048;campaignProcessor@1.0:
1561;campaignProcessor@1.0:
1311;campaignProcessor@1.0:
544;campaignProcessor@1.0:
800;campaignProcessor@2.0:
35;campaignProcessor@1.0:
291;campaignProcessor@1.0:
1059;campaignProcessor@1.0:
1322;campaignProcessor@1.0:
556;campaignProcessor@1.0:
302;campaignProcessor@1.0:
1070;campaignProcessor@1.0:
47;campaignProcessor@1.0:
1333;campaignProcessor@1.0:
822;campaignProcessor@2.0:
568;campaignProcessor@1.0:
1081;campaignProcessor@1.0:
58;campaignProcessor@1.0:
314;campaignProcessor@1.0:
1344;campaignProcessor@1.0:
833;campaignProcessor@2.0:
1092;campaignProcessor@1.0:
69;campaignProcessor@1.0:
325;campaignProcessor@1.0:
1354;campaignProcessor@1.0:
845;campaignProcessor@2.0:
590;campaignProcessor@2.0:
1103;campaignProcessor@1.0:
80;campaignProcessor@1.0:
336;campaignProcessor@1.0:
1365;campaignProcessor@1.0:
601;campaignProcessor@2.0:
857;campaignProcessor@2.0:
1114;campaignProcessor@1.0:
91;campaignProcessor@1.0:
348;campaignProcessor@1.0:
1376;campaignProcessor@1.0:
1124;campaignProcessor@1.0:
613;campaignProcessor@2.0:
869;campaignProcessor@2.0:
102;campaignProcessor@1.0:
359;campaignProcessor@1.0:
1387;campaignProcessor@1.0:
1135;campaignProcessor@1.0:
624;campaignProcessor@2.0:
113;campaignProcessor@1.0:
881;campaignProcessor@2.0:
1398;campaignProcessor@1.0:
1146;campaignProcessor@1.0:
636;campaignProcessor@2.0:
892;campaignProcessor@2.0:
125;campaignProcessor@1.0:
381;campaignProcessor@2.0:
1409;campaignProcessor@1.0:
1157;campaignProcessor@1.0:
136;campaignProcessor@1.0:
392;campaignProcessor@2.0:
648;campaignProcessor@2.0:
1420;campaignProcessor@1.0:
1169;campaignProcessor@1.0:
914;campaignProcessor@1.0:
147;campaignProcessor@1.0:
404;campaignProcessor@2.0:
660;campaignProcessor@2.0:
1431;campaignProcessor@1.0:
1180;campaignProcessor@1.0:
158;campaignProcessor@1.0:
926;campaignProcessor@1.0:
416;campaignProcessor@2.0:
672;campaignProcessor@2.0:
1442;campaignProcessor@1.0:
1190;campaignProcessor@1.0:
169;campaignProcessor@1.0:
937;campaignProcessor@1.0:
428;campaignProcessor@2.0:
684;campaignProcessor@2.0:
1453;campaignProcessor@1.0:
1202;campaignProcessor@1.0:
180;campaignProcessor@1.0:
948;campaignProcessor@1.0:
440;campaignProcessor@2.0:
1464;campaignProcessor@1.0:
1213;campaignProcessor@1.0:
960;campaignProcessor@1.0:
706;campaignProcessor@2.0:
1475;campaignProcessor@1.0:
452;campaignProcessor@2.0:
1223;campaignProcessor@1.0:
202;campaignProcessor@1.0:
971;campaignProcessor@1.0:
717;campaignProcessor@2.0:
1485;campaignProcessor@1.0:
1234;campaignProcessor@1.0:
213;campaignProcessor@1.0:
982;campaignProcessor@1.0:
1496;campaignProcessor@1.0:
729;campaignProcessor@2.0:
1245;campaignProcessor@1.0:
224;campaignProcessor@1.0:
993;campaignProcessor@1.0:
1507;campaignProcessor@1.0:
740;campaignProcessor@2.0:
485;campaignProcessor@1.0:
1256;campaignProcessor@1.0:
236;campaignProcessor@1.0:
1004;campaignProcessor@1.0:
1518;campaignProcessor@1.0:
752;campaignProcessor@2.0:
497;campaignProcessor@1.0:
1267;campaignProcessor@1.0:
247;campaignProcessor@1.0:
1015;campaignProcessor@1.0:
1529;campaignProcessor@1.0:
764;campaignProcessor@2.0:
509;campaignProcessor@1.0:
1278;campaignProcessor@1.0:
1;eventProjection@1.0:
258;eventProjection@1.0:
1026;eventProjection@1.0:
1540;eventProjection@1.0:
776;eventProjection@1.0:
521;eventProjection@1.0:
1289;eventProjection@1.0:
13;eventProjection@1.0:
269;eventProjection@1.0:
1037;eventProjection@1.0:
1551;eventProjection@1.0:
532;eventProjection@1.0:
788;eventProjection@1.0:
1300;eventProjection@1.0:
24;eventProjection@1.0:
1048;eventProjection@1.0:
1561;eventProjection@1.0:
1311;eventProjection@1.0:
544;eventProjection@1.0:
800;eventProjection@1.0:
35;eventProjection@1.0:
291;eventProjection@1.0:
1059;eventProjection@1.0:
1322;eventProjection@1.0:
556;eventProjection@1.0:
302;eventProjection@1.0:
1070;eventProjection@1.0:
47;eventProjection@1.0:
1333;eventProjection@1.0:
822;eventProjection@1.0:
568;eventProjection@1.0:
1081;eventProjection@1.0:
58;eventProjection@1.0:
314;eventProjection@1.0:
1344;eventProjection@1.0:
833;eventProjection@1.0:
1092;eventProjection@1.0:
69;eventProjection@1.0:
325;eventProjection@1.0:
1354;eventProjection@1.0:
845;eventProjection@1.0:
590;eventProjection@1.0:
1103;eventProjection@1.0:
80;eventProjection@1.0:
336;eventProjection@1.0:
1365;eventProjection@1.0:
601;eventProjection@1.0:
857;eventProjection@1.0:
1114;eventProjection@1.0:
91;eventProjection@1.0:
348;eventProjection@1.0:
1376;eventProjection@1.0:
1124;eventProjection@1.0:
613;eventProjection@1.0:
869;eventProjection@1.0:
102;eventProjection@1.0:
359;eventProjection@1.0:
1387;eventProjection@1.0:
1135;eventProjection@1.0:
624;eventProjection@1.0:
113;eventProjection@1.0:
881;eventProjection@1.0:
1398;eventProjection@1.0:
1146;eventProjection@1.0:
636;eventProjection@1.0:
892;eventProjection@1.0:
125;eventProjection@1.0:
381;eventProjection@1.0:
1409;eventProjection@1.0:
1157;eventProjection@1.0:
136;eventProjection@1.0:
392;eventProjection@1.0:
648;eventProjection@1.0:
1420;eventProjection@1.0:
1169;eventProjection@1.0:
914;eventProjection@1.0:
147;eventProjection@1.0:
404;eventProjection@1.0:
660;eventProjection@1.0:
1431;eventProjection@1.0:
1180;eventProjection@1.0:
158;eventProjection@1.0:
926;eventProjection@1.0:
416;eventProjection@1.0:
672;eventProjection@1.0:
1442;eventProjection@1.0:
1190;eventProjection@1.0:
169;eventProjection@1.0:
937;eventProjection@1.0:
428;eventProjection@1.0:
684;eventProjection@1.0:
1453;eventProjection@1.0:
1202;eventProjection@1.0:
180;eventProjection@1.0:
948;eventProjection@1.0:
440;eventProjection@1.0:
1464;eventProjection@1.0:
1213;eventProjection@1.0:
960;eventProjection@1.0:
706;eventProjection@1.0:
1475;eventProjection@1.0:
452;eventProjection@1.0:
1223;eventProjection@1.0:
202;eventProjection@1.0:
971;eventProjection@1.0:
717;eventProjection@1.0:
1485;eventProjection@1.0:
1234;eventProjection@1.0:
213;eventProjection@1.0:
982;eventProjection@1.0:
1496;eventProjection@1.0:
729;eventProjection@1.0:
1245;eventProjection@1.0:
224;eventProjection@1.0:
993;eventProjection@1.0:
1507;eventProjection@1.0:
740;eventProjection@1.0:
485;eventProjection@1.0:
1256;eventProjection@1.0:
236;eventProjection@1.0:
1004;eventProjection@1.0:
1518;eventProjection@1.0:
752;eventProjection@1.0:
497;eventProjection@1.0:
1267;eventProjection@1.0:
247;eventProjection@1.0:
1015;eventProjection@1.0:
1529;eventProjection@1.0:
764;eventProjection@1.0:
509;eventProjection@1.0:
1278;eventProjection@1.0:
1;eventFilter@1.0:
258;eventFilter@1.0:
1026;eventFilter@1.0:
1540;eventFilter@1.0:
776;eventFilter@1.0:
521;eventFilter@1.0:
1289;eventFilter@1.0:
13;eventFilter@1.0:
269;eventFilter@1.0:
1037;eventFilter@1.0:
1551;eventFilter@1.0:
532;eventFilter@1.0:
788;eventFilter@1.0:
1300;eventFilter@1.0:
24;eventFilter@1.0:
1048;eventFilter@1.0:
1561;eventFilter@1.0:
1311;eventFilter@1.0:
544;eventFilter@1.0:
800;eventFilter@1.0:
35;eventFilter@1.0:
291;eventFilter@1.0:
1059;eventFilter@1.0:
1322;eventFilter@1.0:
556;eventFilter@1.0:
302;eventFilter@1.0:
1070;eventFilter@1.0:
47;eventFilter@1.0:
1333;eventFilter@1.0:
822;eventFilter@1.0:
568;eventFilter@1.0:
1081;eventFilter@1.0:
58;eventFilter@1.0:
314;eventFilter@1.0:
1344;eventFilter@1.0:
833;eventFilter@1.0:
1092;eventFilter@1.0:
69;eventFilter@1.0:
325;eventFilter@1.0:
1354;eventFilter@1.0:
845;eventFilter@1.0:
590;eventFilter@1.0:
1103;eventFilter@1.0:
80;eventFilter@1.0:
336;eventFilter@1.0:
1365;eventFilter@1.0:
601;eventFilter@1.0:
857;eventFilter@1.0:
1114;eventFilter@1.0:
91;eventFilter@1.0:
348;eventFilter@1.0:
1376;eventFilter@1.0:
1124;eventFilter@1.0:
613;eventFilter@1.0:
869;eventFilter@1.0:
102;eventFilter@1.0:
359;eventFilter@1.0:
1387;eventFilter@1.0:
1135;eventFilter@1.0:
624;eventFilter@1.0:
113;eventFilter@1.0:
881;eventFilter@1.0:
1398;eventFilter@1.0:
1146;eventFilter@1.0:
636;eventFilter@1.0:
892;eventFilter@1.0:
125;eventFilter@1.0:
381;eventFilter@1.0:
1409;eventFilter@1.0:
1157;eventFilter@1.0:
136;eventFilter@1.0:
392;eventFilter@1.0:
648;eventFilter@1.0:
1420;eventFilter@1.0:
1169;eventFilter@1.0:
914;eventFilter@1.0:
147;eventFilter@1.0:
404;eventFilter@1.0:
660;eventFilter@1.0:
1431;eventFilter@1.0:
1180;eventFilter@1.0:
158;eventFilter@1.0:
926;eventFilter@1.0:
416;eventFilter@1.0:
672;eventFilter@1.0:
1442;eventFilter@1.0:
1190;eventFilter@1.0:
169;eventFilter@1.0:
937;eventFilter@1.0:
428;eventFilter@1.0:
684;eventFilter@1.0:
1453;eventFilter@1.0:
1202;eventFilter@1.0:
180;eventFilter@1.0:
948;eventFilter@1.0:
440;eventFilter@1.0:
1464;eventFilter@1.0:
1213;eventFilter@1.0:
960;eventFilter@1.0:
706;eventFilter@1.0:
1475;eventFilter@1.0:
452;eventFilter@1.0:
1223;eventFilter@1.0:
202;eventFilter@1.0:
971;eventFilter@1.0:
717;eventFilter@1.0:
1485;eventFilter@1.0:
1234;eventFilter@1.0:
213;eventFilter@1.0:
982;eventFilter@1.0:
1496;eventFilter@1.0:
729;eventFilter@1.0:
1245;eventFilter@1.0:
224;eventFilter@1.0:
993;eventFilter@1.0:
1507;eventFilter@1.0:
740;eventFilter@1.0:
485;eventFilter@1.0:
1256;eventFilter@1.0:
236;eventFilter@1.0:
1004;eventFilter@1.0:
1518;eventFilter@1.0:
752;eventFilter@1.0:
497;eventFilter@1.0:
1267;eventFilter@1.0:
247;eventFilter@1.0:
1015;eventFilter@1.0:
1529;eventFilter@1.0:
764;eventFilter@1.0:
509;eventFilter@1.0:
1278;eventFilter@1.0:
1;ipProcessor@1.0:
258;ipProcessor@2.0:
1026;ipProcessor@1.0:
1540;ipProcessor@1.0:
776;ipProcessor@2.0:
521;ipProcessor@2.0:
1289;ipProcessor@1.0:
13;ipProcessor@1.0:
269;ipProcessor@2.0:
1037;ipProcessor@1.0:
1551;ipProcessor@1.0:
532;ipProcessor@2.0:
788;ipProcessor@2.0:
1300;ipProcessor@1.0:
24;ipProcessor@1.0:
1048;ipProcessor@1.0:
1561;ipProcessor@1.0:
1311;ipProcessor@1.0:
544;ipProcessor@2.0:
800;ipProcessor@2.0:
35;ipProcessor@1.0:
291;ipProcessor@1.0:
1059;ipProcessor@1.0:
1322;ipProcessor@1.0:
556;ipProcessor@2.0:
302;ipProcessor@1.0:
1070;ipProcessor@1.0:
47;ipProcessor@1.0:
1333;ipProcessor@1.0:
822;ipProcessor@1.0:
568;ipProcessor@2.0:
1081;ipProcessor@1.0:
58;ipProcessor@1.0:
314;ipProcessor@1.0:
1344;ipProcessor@1.0:
833;ipProcessor@1.0:
1092;ipProcessor@1.0:
69;ipProcessor@1.0:
325;ipProcessor@1.0:
1354;ipProcessor@1.0:
845;ipProcessor@1.0:
590;ipProcessor@1.0:
1103;ipProcessor@1.0:
80;ipProcessor@1.0:
336;ipProcessor@1.0:
1365;ipProcessor@1.0:
601;ipProcessor@1.0:
857;ipProcessor@1.0:
1114;ipProcessor@1.0:
91;ipProcessor@1.0:
348;ipProcessor@1.0:
1376;ipProcessor@1.0:
1124;ipProcessor@1.0:
613;ipProcessor@1.0:
869;ipProcessor@1.0:
102;ipProcessor@1.0:
359;ipProcessor@1.0:
1387;ipProcessor@1.0:
1135;ipProcessor@1.0:
624;ipProcessor@1.0:
113;ipProcessor@1.0:
881;ipProcessor@1.0:
1398;ipProcessor@1.0:
1146;ipProcessor@1.0:
636;ipProcessor@1.0:
892;ipProcessor@1.0:
125;ipProcessor@1.0:
381;ipProcessor@1.0:
1409;ipProcessor@1.0:
1157;ipProcessor@1.0:
136;ipProcessor@1.0:
392;ipProcessor@1.0:
648;ipProcessor@1.0:
1420;ipProcessor@1.0:
1169;ipProcessor@1.0:
914;ipProcessor@1.0:
147;ipProcessor@1.0:
404;ipProcessor@1.0:
660;ipProcessor@1.0:
1431;ipProcessor@1.0:
1180;ipProcessor@1.0:
158;ipProcessor@1.0:
926;ipProcessor@1.0:
416;ipProcessor@1.0:
672;ipProcessor@1.0:
1442;ipProcessor@1.0:
1190;ipProcessor@1.0:
169;ipProcessor@1.0:
937;ipProcessor@1.0:
428;ipProcessor@1.0:
684;ipProcessor@1.0:
1453;ipProcessor@1.0:
1202;ipProcessor@1.0:
180;ipProcessor@1.0:
948;ipProcessor@1.0:
440;ipProcessor@1.0:
1464;ipProcessor@1.0:
1213;ipProcessor@1.0:
960;ipProcessor@1.0:
706;ipProcessor@2.0:
1475;ipProcessor@1.0:
452;ipProcessor@1.0:
1223;ipProcessor@1.0:
202;ipProcessor@2.0:
971;ipProcessor@1.0:
717;ipProcessor@2.0:
1485;ipProcessor@1.0:
1234;ipProcessor@1.0:
213;ipProcessor@2.0:
982;ipProcessor@1.0:
1496;ipProcessor@1.0:
729;ipProcessor@2.0:
1245;ipProcessor@1.0:
224;ipProcessor@2.0:
993;ipProcessor@1.0:
1507;ipProcessor@1.0:
740;ipProcessor@2.0:
485;ipProcessor@2.0:
1256;ipProcessor@1.0:
236;ipProcessor@2.0:
1004;ipProcessor@1.0:
1518;ipProcessor@1.0:
752;ipProcessor@2.0:
497;ipProcessor@2.0:
1267;ipProcessor@1.0:
247;ipProcessor@2.0:
1015;ipProcessor@1.0:
1529;ipProcessor@1.0:
764;ipProcessor@2.0:
509;ipProcessor@2.0:
1278;ipProcessor@1.0:
1;deserialize@1.0:
258;deserialize@1.0:
1026;deserialize@1.0:
1540;deserialize@1.0:
776;deserialize@1.0:
521;deserialize@1.0:
1289;deserialize@1.0:
13;deserialize@1.0:
269;deserialize@1.0:
1037;deserialize@1.0:
1551;deserialize@1.0:
532;deserialize@1.0:
788;deserialize@1.0:
1300;deserialize@1.0:
24;deserialize@1.0:
1048;deserialize@1.0:
1561;deserialize@1.0:
1311;deserialize@1.0:
544;deserialize@1.0:
800;deserialize@1.0:
35;deserialize@1.0:
291;deserialize@1.0:
1059;deserialize@1.0:
1322;deserialize@1.0:
556;deserialize@1.0:
302;deserialize@1.0:
1070;deserialize@1.0:
47;deserialize@1.0:
1333;deserialize@1.0:
822;deserialize@1.0:
568;deserialize@1.0:
1081;deserialize@1.0:
58;deserialize@1.0:
314;deserialize@1.0:
1344;deserialize@1.0:
833;deserialize@1.0:
1092;deserialize@1.0:
69;deserialize@1.0:
325;deserialize@1.0:
1354;deserialize@1.0:
845;deserialize@1.0:
590;deserialize@1.0:
1103;deserialize@1.0:
80;deserialize@1.0:
336;deserialize@1.0:
1365;deserialize@1.0:
601;deserialize@1.0:
857;deserialize@1.0:
1114;deserialize@1.0:
91;deserialize@1.0:
348;deserialize@1.0:
1376;deserialize@1.0:
1124;deserialize@1.0:
613;deserialize@1.0:
869;deserialize@1.0:
102;deserialize@1.0:
359;deserialize@1.0:
1387;deserialize@1.0:
1135;deserialize@1.0:
624;deserialize@1.0:
113;deserialize@1.0:
881;deserialize@1.0:
1398;deserialize@1.0:
1146;deserialize@1.0:
636;deserialize@1.0:
892;deserialize@1.0:
125;deserialize@1.0:
381;deserialize@1.0:
1409;deserialize@1.0:
1157;deserialize@1.0:
136;deserialize@1.0:
392;deserialize@1.0:
648;deserialize@1.0:
1420;deserialize@1.0:
1169;deserialize@1.0:
914;deserialize@1.0:
147;deserialize@1.0:
404;deserialize@1.0:
660;deserialize@1.0:
1431;deserialize@1.0:
1180;deserialize@1.0:
158;deserialize@1.0:
926;deserialize@1.0:
416;deserialize@1.0:
672;deserialize@1.0:
1442;deserialize@1.0:
1190;deserialize@1.0:
169;deserialize@1.0:
937;deserialize@1.0:
428;deserialize@1.0:
684;deserialize@1.0:
1453;deserialize@1.0:
1202;deserialize@1.0:
180;deserialize@1.0:
948;deserialize@1.0:
440;deserialize@1.0:
1464;deserialize@1.0:
1213;deserialize@1.0:
960;deserialize@1.0:
706;deserialize@1.0:
1475;deserialize@1.0:
452;deserialize@1.0:
1223;deserialize@1.0:
202;deserialize@1.0:
971;deserialize@1.0:
717;deserialize@1.0:
1485;deserialize@1.0:
1234;deserialize@1.0:
213;deserialize@1.0:
982;deserialize@1.0:
1496;deserialize@1.0:
729;deserialize@1.0:
1245;deserialize@1.0:
224;deserialize@1.0:
993;deserialize@1.0:
1507;deserialize@1.0:
740;deserialize@1.0:
485;deserialize@1.0:
1256;deserialize@1.0:
236;deserialize@1.0:
1004;deserialize@1.0:
1518;deserialize@1.0:
752;deserialize@1.0:
497;deserialize@1.0:
1267;deserialize@1.0:
247;deserialize@1.0:
1015;deserialize@1.0:
1529;deserialize@1.0:
764;deserialize@1.0:
509;deserialize@1.0:
1278;deserialize@1.0:
1;campaignJoin@1.0:
258;campaignJoin@1.0:
1026;campaignJoin@1.0:
1540;campaignJoin@1.0:
776;campaignJoin@1.0:
521;campaignJoin@1.0:
1289;campaignJoin@1.0:
13;campaignJoin@1.0:
269;campaignJoin@1.0:
1037;campaignJoin@1.0:
1551;campaignJoin@1.0:
532;campaignJoin@1.0:
788;campaignJoin@1.0:
1300;campaignJoin@1.0:
24;campaignJoin@1.0:
1048;campaignJoin@1.0:
1561;campaignJoin@1.0:
1311;campaignJoin@1.0:
544;campaignJoin@1.0:
800;campaignJoin@1.0:
35;campaignJoin@1.0:
291;campaignJoin@1.0:
1059;campaignJoin@1.0:
1322;campaignJoin@1.0:
556;campaignJoin@1.0:
302;campaignJoin@1.0:
1070;campaignJoin@1.0:
47;campaignJoin@1.0:
1333;campaignJoin@1.0:
822;campaignJoin@1.0:
568;campaignJoin@1.0:
1081;campaignJoin@1.0:
58;campaignJoin@1.0:
314;campaignJoin@1.0:
1344;campaignJoin@1.0:
833;campaignJoin@1.0:
1092;campaignJoin@1.0:
69;campaignJoin@1.0:
325;campaignJoin@1.0:
1354;campaignJoin@1.0:
845;campaignJoin@1.0:
590;campaignJoin@1.0:
1103;campaignJoin@1.0:
80;campaignJoin@1.0:
336;campaignJoin@1.0:
1365;campaignJoin@1.0:
601;campaignJoin@1.0:
857;campaignJoin@1.0:
1114;campaignJoin@1.0:
91;campaignJoin@1.0:
348;campaignJoin@1.0:
1376;campaignJoin@1.0:
1124;campaignJoin@1.0:
613;campaignJoin@1.0:
869;campaignJoin@1.0:
102;campaignJoin@1.0:
359;campaignJoin@1.0:
1387;campaignJoin@1.0:
1135;campaignJoin@1.0:
624;campaignJoin@1.0:
113;campaignJoin@1.0:
881;campaignJoin@1.0:
1398;campaignJoin@1.0:
1146;campaignJoin@1.0:
636;campaignJoin@1.0:
892;campaignJoin@1.0:
125;campaignJoin@1.0:
381;campaignJoin@1.0:
1409;campaignJoin@1.0:
1157;campaignJoin@1.0:
136;campaignJoin@1.0:
392;campaignJoin@1.0:
648;campaignJoin@1.0:
1420;campaignJoin@1.0:
1169;campaignJoin@1.0:
914;campaignJoin@1.0:
147;campaignJoin@1.0:
404;campaignJoin@1.0:
660;campaignJoin@1.0:
1431;campaignJoin@1.0:
1180;campaignJoin@1.0:
158;campaignJoin@1.0:
926;campaignJoin@1.0:
416;campaignJoin@1.0:
672;campaignJoin@1.0:
1442;campaignJoin@1.0:
1190;campaignJoin@1.0:
169;campaignJoin@1.0:
937;campaignJoin@1.0:
428;campaignJoin@1.0:
684;campaignJoin@1.0:
1453;campaignJoin@1.0:
1202;campaignJoin@1.0:
180;campaignJoin@1.0:
948;campaignJoin@1.0:
440;campaignJoin@1.0:
1464;campaignJoin@1.0:
1213;campaignJoin@1.0:
960;campaignJoin@1.0:
706;campaignJoin@1.0:
1475;campaignJoin@1.0:
452;campaignJoin@1.0:
1223;campaignJoin@1.0:
202;campaignJoin@1.0:
971;campaignJoin@1.0:
717;campaignJoin@1.0:
1485;campaignJoin@1.0:
1234;campaignJoin@1.0:
213;campaignJoin@1.0:
982;campaignJoin@1.0:
1496;campaignJoin@1.0:
729;campaignJoin@1.0:
1245;campaignJoin@1.0:
224;campaignJoin@1.0:
993;campaignJoin@1.0:
1507;campaignJoin@1.0:
740;campaignJoin@1.0:
485;campaignJoin@1.0:
1256;campaignJoin@1.0:
236;campaignJoin@1.0:
1004;campaignJoin@1.0:
1518;campaignJoin@1.0:
752;campaignJoin@1.0:
497;campaignJoin@1.0:
1267;campaignJoin@1.0:
247;campaignJoin@1.0:
1015;campaignJoin@1.0:
1529;campaignJoin@1.0:
764;campaignJoin@1.0:
509;campaignJoin@1.0:
1278;campaignJoin@1.0:
