timestamp;actions
1;addressProjection@1.0:
258;addressProjection@1.0:
1026;addressProjection@1.0:
1540;addressProjection@1.0:
776;addressProjection@1.0:
521;addressProjection@1.0:
1289;addressProjection@1.0:
13;addressProjection@1.0:
269;addressProjection@1.0:
1037;addressProjection@1.0:
1551;addressProjection@1.0:
532;addressProjection@1.0:
788;addressProjection@1.0:
1300;addressProjection@1.0:
24;addressProjection@1.0:
1048;addressProjection@1.0:
1561;addressProjection@1.0:
1311;addressProjection@1.0:
544;addressProjection@1.0:
800;addressProjection@1.0:
35;addressProjection@1.0:
291;addressProjection@1.0:
1059;addressProjection@1.0:
1322;addressProjection@1.0:
556;addressProjection@1.0:
302;addressProjection@1.0:
1070;addressProjection@1.0:
47;addressProjection@1.0:
1333;addressProjection@1.0:
822;addressProjection@1.0:
568;addressProjection@1.0:
1081;addressProjection@1.0:
58;addressProjection@1.0:
314;addressProjection@1.0:
1344;addressProjection@1.0:
833;addressProjection@1.0:
1092;addressProjection@1.0:
69;addressProjection@1.0:
325;addressProjection@1.0:
1354;addressProjection@1.0:
845;addressProjection@1.0:
590;addressProjection@1.0:
1103;addressProjection@1.0:
80;addressProjection@1.0:
336;addressProjection@1.0:
1365;addressProjection@1.0:
601;addressProjection@1.0:
857;addressProjection@1.0:
1114;addressProjection@1.0:
91;addressProjection@1.0:
348;addressProjection@1.0:
1376;addressProjection@1.0:
1124;addressProjection@1.0:
613;addressProjection@1.0:
869;addressProjection@1.0:
102;addressProjection@1.0:
359;addressProjection@1.0:
1387;addressProjection@1.0:
1135;addressProjection@1.0:
624;addressProjection@1.0:
113;addressProjection@1.0:
881;addressProjection@1.0:
1398;addressProjection@1.0:
1146;addressProjection@1.0:
636;addressProjection@1.0:
892;addressProjection@1.0:
125;addressProjection@1.0:
381;addressProjection@1.0:
1409;addressProjection@1.0:
1157;addressProjection@1.0:
136;addressProjection@1.0:
392;addressProjection@1.0:
648;addressProjection@1.0:
1420;addressProjection@1.0:
1169;addressProjection@1.0:
914;addressProjection@1.0:
147;addressProjection@1.0:
404;addressProjection@1.0:
660;addressProjection@1.0:
1431;addressProjection@1.0:
1180;addressProjection@1.0:
158;addressProjection@1.0:
926;addressProjection@1.0:
416;addressProjection@1.0:
672;addressProjection@1.0:
1442;addressProjection@1.0:
1190;addressProjection@1.0:
169;addressProjection@1.0:
937;addressProjection@1.0:
428;addressProjection@1.0:
684;addressProjection@1.0:
1453;addressProjection@1.0:
1202;addressProjection@1.0:
180;addressProjection@1.0:
948;addressProjection@1.0:
440;addressProjection@1.0:
1464;addressProjection@1.0:
1213;addressProjection@1.0:
960;addressProjection@1.0:
706;addressProjection@1.0:
1475;addressProjection@1.0:
452;addressProjection@1.0:
1223;addressProjection@1.0:
202;addressProjection@1.0:
971;addressProjection@1.0:
717;addressProjection@1.0:
1485;addressProjection@1.0:
1234;addressProjection@1.0:
213;addressProjection@1.0:
982;addressProjection@1.0:
1496;addressProjection@1.0:
729;addressProjection@1.0:
1245;addressProjection@1.0:
224;addressProjection@1.0:
993;addressProjection@1.0:
1507;addressProjection@1.0:
740;addressProjection@1.0:
485;addressProjection@1.0:
1256;addressProjection@1.0:
236;addressProjection@1.0:
1004;addressProjection@1.0:
1518;addressProjection@1.0:
752;addressProjection@1.0:
497;addressProjection@1.0:
1267;addressProjection@1.0:
247;addressProjection@1.0:
1015;addressProjection@1.0:
1529;addressProjection@1.0:
764;addressProjection@1.0:
509;addressProjection@1.0:
1278;addressProjection@1.0:
1;campaignProcessor@1.0:
258;campaignProcessor@1.0:
1026;campaignProcessor@1.0:
1540;campaignProcessor@1.0:
776;campaignProcessor@2.0:
521;campaignProcessor@1.0:
1289;campaignProcessor@1.0:
13;campaignProcessor@1.0:
269;campaignProcessor@1.0:
1037;campaignProcessor@1.0:
1551;campaignProcessor@1.0:
532;campaignProcessor@1.0:
788;campaignProcessor@2.0:
1300;campaignProcessor@1.0:
24;campaignProcessor@1.0:
1048;campaignProcessor@1.0:
1561;campaignProcessor@1.0:
1311;campaignProcessor@1.0:
544;campaignProcessor@1.0:
800;campaignProcessor@2.0:
35;campaignProcessor@1.0:
291;campaignProcessor@1.0:
1059;campaignProcessor@1.0:
1322;campaignProcessor@1.0:
556;campaignProcessor@1.0:
302;campaignProcessor@1.0:
1070;campaignProcessor@1.0:
47;campaignProcessor@1.0:
1333;campaignProcessor@1.0:
822;campaignProcessor@2.0:
568;campaignProcessor@1.0:
1081;campaignProcessor@1.0:
58;campaignProcessor@1.0:
314;campaignProcessor@1.0:
1344;campaignProcessor@1.0:
833;campaignProcessor@2.0:
1092;campaignProcessor@1.0:
69;campaignProcessor@1.0:
325;campaignProcessor@1.0:
1354;campaignProcessor@1.0:
845;campaignProcessor@2.0:
590;campaignProcessor@2.0:
1103;campaignProcessor@1.0:
80;campaignProcessor@1.0:
336;campaignProcessor@1.0:
1365;campaignProcessor@1.0:
601;campaignProcessor@2.0:
857;campaignProcessor@2.0:
1114;campaignProcessor@1.0:
91;campaignProcessor@1.0:
348;campaignProcessor@1.0:
1376;campaignProcessor@1.0:
1124;campaignProcessor@1.0:
613;campaignProcessor@2.0:
869;campaignProcessor@2.0:
102;campaignProcessor@1.0:
359;campaignProcessor@1.0:
1387;campaignProcessor@1.0:
1135;campaignProcessor@1.0:
624;campaignProcessor@2.0:
113;campaignProcessor@1.0:
881;campaignProcessor@2.0:
1398;campaignProcessor@1.0:
1146;campaignProcessor@1.0:
636;campaignProcessor@2.0:
892;campaignProcessor@2.0:
125;campaignProcessor@1.0:
381;campaignProcessor@2.0:
1409;campaignProcessor@1.0:
1157;campaignProcessor@1.0:
136;campaignProcessor@1.0:
392;campaignProcessor@2.0:
648;campaignProcessor@2.0:
1420;campaignProcessor@1.0:
1169;campaignProcessor@1.0:
914;campaignProcessor@1.0:
147;campaignProcessor@1.0:
404;campaignProcessor@2.0:
660;campaignProcessor@2.0:
1431;campaignProcessor@1.0:
1180;campaignProcessor@1.0:
158;campaignProcessor@1.0:
926;campaignProcessor@1.0:
416;campaignProcessor@2.0:
672;campaignProcessor@2.0:
1442;campaignProcessor@1.0:
1190;campaignProcessor@1.0:
169;campaignProcessor@1.0:
937;campaignProcessor@1.0:
428;campaignProcessor@2.0:
684;campaignProcessor@2.0:
1453;campaignProcessor@1.0:
1202;campaignProcessor@1.0:
180;campaignProcessor@1.0:
948;campaignProcessor@1.0:
440;campaignProcessor@2.0:
1464;campaignProcessor@1.0:
1213;campaignProcessor@1.0:
960;campaignProcessor@1.0:
706;campaignProcessor@2.0:
1475;campaignProcessor@1.0:
452;campaignProcessor@2.0:
1223;campaignProcessor@1.0:
202;campaignProcessor@1.0:
971;campaignProcessor@1.0:
717;campaignProcessor@2.0:
1485;campaignProcessor@1.0:
1234;campaignProcessor@1.0:
213;campaignProcessor@1.0:
982;campaignProcessor@1.0:
1496;campaignProcessor@1.0:
729;campaignProcessor@2.0:
1245;campaignProcessor@1.0:
224;campaignProcessor@1.0:
993;campaignProcessor@1.0:
1507;campaignProcessor@1.0:
740;campaignProcessor@2.0:
485;campaignProcessor@1.0:
1256;campaignProcessor@1.0:
236;campaignProcessor@1.0:
1004;campaignProcessor@1.0:
1518;campaignProcessor@1.0:
752;campaignProcessor@2.0:
497;campaignProcessor@1.0:
1267;campaignProcessor@1.0:
247;campaignProcessor@1.0:
1015;campaignProcessor@1.0:
1529;campaignProcessor@1.0:
764;campaignProcessor@2.0:
509;campaignProcessor@1.0:
1278;campaignProcessor@1.0:
1;eventProjection@1.0:
258;eventProjection@1.0:
1026;eventProjection@1.0:
1540;eventProjection@1.0:
776;eventProjection@1.0:
521;eventProjection@1.0:
1289;eventProjection@1.0:
13;eventProjection@1.0:
269;eventProjection@1.0:
1037;eventProjection@1.0:
1551;eventProjection@1.0:
532;eventProjection@1.0:
788;eventProjection@1.0:
1300;eventProjection@1.0:
24;eventProjection@1.0:
1048;eventProjection@1.0:
1561;eventProjection@1.0:
1311;eventProjection@1.0:
544;eventProjection@1.0:
800;eventProjection@1.0:
35;eventProjection@1.0:
291;eventProjection@1.0:
1059;eventProjection@1.0:
1322;eventProjection@1.0:
556;eventProjection@1.0:
302;eventProjection@1.0:
1070;eventProjection@1.0:
47;eventProjection@1.0:
1333;eventProjection@1.0:
822;eventProjection@1.0:
568;eventProjection@1.0:
1081;eventProjection@1.0:
58;eventProjection@1.0:
314;eventProjection@1.0:
1344;eventProjection@1.0:
833;eventProjection@1.0:
1092;eventProjection@1.0:
69;eventProjection@1.0:
325;eventProjection@1.0:
1354;eventProjection@1.0:
845;eventProjection@1.0:
590;eventProjection@1.0:
1103;eventProjection@1.0:
80;eventProjection@1.0:
336;eventProjection@1.0:
1365;eventProjection@1.0:
601;eventProjection@1.0:
857;eventProjection@1.0:
1114;eventProjection@1.0:
91;eventProjection@1.0:
348;eventProjection@1.0:
1376;eventProjection@1.0:
1124;eventProjection@1.0:
613;eventProjection@1.0:
869;eventProjection@1.0:
102;eventProjection@1.0:
359;eventProjection@1.0:
1387;eventProjection@1.0:
1135;eventProjection@1.0:
624;eventProjection@1.0:
113;eventProjection@1.0:
881;eventProjection@1.0:
1398;eventProjection@1.0:
1146;eventProjection@1.0:
636;eventProjection@1.0:
892;eventProjection@1.0:
125;eventProjection@1.0:
381;eventProjection@1.0:
1409;eventProjection@1.0:
1157;eventProjection@1.0:
136;eventProjection@1.0:
392;eventProjection@1.0:
648;eventProjection@1.0:
1420;eventProjection@1.0:
1169;eventProjection@1.0:
914;eventProjection@1.0:
147;eventProjection@1.0:
404;eventProjection@1.0:
660;eventProjection@1.0:
1431;eventProjection@1.0:
1180;eventProjection@1.0:
158;eventProjection@1.0:
926;eventProjection@1.0:
416;eventProjection@1.0:
672;eventProjection@1.0:
1442;eventProjection@1.0:
1190;eventProjection@1.0:
169;eventProjection@1.0:
937;eventProjection@1.0:
428;eventProjection@1.0:
684;eventProjection@1.0:
1453;eventProjection@1.0:
1202;eventProjection@1.0:
180;eventProjection@1.0:
948;eventProjection@1.0:
440;eventProjection@1.0:
1464;eventProjection@1.0:
1213;eventProjection@1.0:
960;eventProjection@1.0:
706;eventProjection@1.0:
1475;eventProjection@1.0:
452;eventProjection@1.0:
1223;eventProjection@1.0:
202;eventProjection@1.0:
971;eventProjection@1.0:
717;eventProjection@1.0:
1485;eventProjection@1.0:
1234;eventProjection@1.0:
213;eventProjection@1.0:
982;eventProjection@1.0:
1496;eventProjection@1.0:
729;eventProjection@1.0:
1245;eventProjection@1.0:
224;eventProjection@1.0:
993;eventProjection@1.0:
1507;eventProjection@1.0:
740;eventProjection@1.0:
485;eventProjection@1.0:
1256;eventProjection@1.0:
236;eventProjection@1.0:
1004;eventProjection@1.0:
1518;eventProjection@1.0:
752;eventProjection@1.0:
497;eventProjection@1.0:
1267;eventProjection@1.0:
247;eventProjection@1.0:
1015;eventProjection@1.0:
1529;eventProjection@1.0:
764;eventProjection@1.0:
509;eventProjection@1.0:
1278;eventProjection@1.0:
1;eventFilter@1.0:
258;eventFilter@1.0:
1026;eventFilter@1.0:
1540;eventFilter@1.0:
776;eventFilter@1.0:
521;eventFilter@1.0:
1289;eventFilter@1.0:
13;eventFilter@1.0:
269;eventFilter@1.0:
1037;eventFilter@1.0:
1551;eventFilter@1.0:
532;eventFilter@1.0:
788;eventFilter@1.0:
1300;eventFilter@1.0:
24;eventFilter@1.0:
1048;eventFilter@1.0:
1561;eventFilter@1.0:
1311;eventFilter@1.0:
544;eventFilter@1.0:
800;eventFilter@1.0:
35;eventFilter@1.0:
291;eventFilter@1.0:
1059;eventFilter@1.0:
1322;eventFilter@1.0:
556;eventFilter@1.0:
302;eventFilter@1.0:
1070;eventFilter@1.0:
47;eventFilter@1.0:
1333;eventFilter@1.0:
822;eventFilter@1.0:
568;eventFilter@1.0:
1081;eventFilter@1.0:
58;eventFilter@1.0:
314;eventFilter@1.0:
1344;eventFilter@1.0:
833;eventFilter@1.0:
1092;eventFilter@1.0:
69;eventFilter@1.0:
325;eventFilter@1.0:
1354;eventFilter@1.0:
845;eventFilter@1.0:
590;eventFilter@1.0:
1103;eventFilter@1.0:
80;eventFilter@1.0:
336;eventFilter@1.0:
1365;eventFilter@1.0:
601;eventFilter@1.0:
857;eventFilter@1.0:
1114;eventFilter@1.0:
91;eventFilter@1.0:
348;eventFilter@1.0:
1376;eventFilter@1.0:
1124;eventFilter@1.0:
613;eventFilter@1.0:
869;eventFilter@1.0:
102;eventFilter@1.0:
359;eventFilter@1.0:
1387;eventFilter@1.0:
1135;eventFilter@1.0:
624;eventFilter@1.0:
113;eventFilter@1.0:
881;eventFilter@1.0:
1398;eventFilter@1.0:
1146;eventFilter@1.0:
636;eventFilter@1.0:
892;eventFilter@1.0:
125;eventFilter@1.0:
381;eventFilter@1.0:
1409;eventFilter@1.0:
1157;eventFilter@1.0:
136;eventFilter@1.0:
392;eventFilter@1.0:
648;eventFilter@1.0:
1420;eventFilter@1.0:
1169;eventFilter@1.0:
914;eventFilter@1.0:
147;eventFilter@1.0:
404;eventFilter@1.0:
660;eventFilter@1.0:
1431;eventFilter@1.0:
1180;eventFilter@1.0:
158;eventFilter@1.0:
926;eventFilter@1.0:
416;eventFilter@1.0:
672;eventFilter@1.0:
1442;eventFilter@1.0:
1190;eventFilter@1.0:
169;eventFilter@1.0:
937;eventFilter@1.0:
428;eventFilter@1.0:
684;eventFilter@1.0:
1453;eventFilter@1.0:
1202;eventFilter@1.0:
180;eventFilter@1.0:
948;eventFilter@1.0:
440;eventFilter@1.0:
1464;eventFilter@1.0:
1213;eventFilter@1.0:
960;eventFilter@1.0:
706;eventFilter@1.0:
1475;eventFilter@1.0:
452;eventFilter@1.0:
1223;eventFilter@1.0:
202;eventFilter@1.0:
971;eventFilter@1.0:
717;eventFilter@1.0:
1485;eventFilter@1.0:
1234;eventFilter@1.0:
213;eventFilter@1.0:
982;eventFilter@1.0:
1496;eventFilter@1.0:
729;eventFilter@1.0:
1245;eventFilter@1.0:
224;eventFilter@1.0:
993;eventFilter@1.0:
1507;eventFilter@1.0:
740;eventFilter@1.0:
485;eventFilter@1.0:
1256;eventFilter@1.0:
236;eventFilter@1.0:
1004;eventFilter@1.0:
1518;eventFilter@1.0:
752;eventFilter@1.0:
497;eventFilter@1.0:
1267;eventFilter@1.0:
247;eventFilter@1.0:
1015;eventFilter@1.0:
1529;eventFilter@1.0:
764;eventFilter@1.0:
509;eventFilter@1.0:
1278;eventFilter@1.0:
1;ipProcessor@1.0:
258;ipProcessor@2.0:
1026;ipProcessor@1.0:
1540;ipProcessor@1.0:
776;ipProcessor@2.0:
521;ipProcessor@2.0:
1289;ipProcessor@1.0:
13;ipProcessor@1.0:
269;ipProcessor@2.0:
1037;ipProcessor@1.0:
1551;ipProcessor@1.0:
532;ipProcessor@2.0:
788;ipProcessor@2.0:
1300;ipProcessor@1.0:
24;ipProcessor@1.0:
1048;ipProcessor@1.0:
1561;ipProcessor@1.0:
1311;ipProcessor@1.0:
544;ipProcessor@2.0:
800;ipProcessor@2.0:
35;ipProcessor@1.0:
291;ipProcessor@1.0:
1059;ipProcessor@1.0:
1322;ipProcessor@1.0:
556;ipProcessor@2.0:
302;ipProcessor@1.0:
1070;ipProcessor@1.0:
47;ipProcessor@1.0:
1333;ipProcessor@1.0:
822;ipProcessor@1.0:
568;ipProcessor@2.0:
1081;ipProcessor@1.0:
58;ipProcessor@1.0:
314;ipProcessor@1.0:
1344;ipProcessor@1.0:
833;ipProcessor@1.0:
1092;ipProcessor@1.0:
69;ipProcessor@1.0:
325;ipProcessor@1.0:
1354;ipProcessor@1.0:
845;ipProcessor@1.0:
590;ipProcessor@1.0:
1103;ipProcessor@1.0:
80;ipProcessor@1.0:
336;ipProcessor@1.0:
1365;ipProcessor@1.0:
601;ipProcessor@1.0:
857;ipProcessor@1.0:
1114;ipProcessor@1.0:
91;ipProcessor@1.0:
348;ipProcessor@1.0:
1376;ipProcessor@1.0:
1124;ipProcessor@1.0:
613;ipProcessor@1.0:
869;ipProcessor@1.0:
102;ipProcessor@1.0:
359;ipProcessor@1.0:
1387;ipProcessor@1.0:
1135;ipProcessor@1.0:
624;ipProcessor@1.0:
113;ipProcessor@1.0:
881;ipProcessor@1.0:
1398;ipProcessor@1.0:
1146;ipProcessor@1.0:
636;ipProcessor@1.0:
892;ipProcessor@1.0:
125;ipProcessor@1.0:
381;ipProcessor@1.0:
1409;ipProcessor@1.0:
1157;ipProcessor@1.0:
136;ipProcessor@1.0:
392;ipProcessor@1.0:
648;ipProcessor@1.0:
1420;ipProcessor@1.0:
1169;ipProcessor@1.0:
914;ipProcessor@1.0:
147;ipProcessor@1.0:
404;ipProcessor@1.0:
660;ipProcessor@1.0:
1431;ipProcessor@1.0:
1180;ipProcessor@1.0:
158;ipProcessor@1.0:
926;ipProcessor@1.0:
416;ipProcessor@1.0:
672;ipProcessor@1.0:
1442;ipProcessor@1.0:
1190;ipProcessor@1.0:
169;ipProcessor@1.0:
937;ipProcessor@1.0:
428;ipProcessor@1.0:
684;ipProcessor@1.0:
1453;ipProcessor@1.0:
1202;ipProcessor@1.0:
180;ipProcessor@1.0:
948;ipProcessor@1.0:
440;ipProcessor@1.0:
1464;ipProcessor@1.0:
1213;ipProcessor@1.0:
960;ipProcessor@1.0:
706;ipProcessor@2.0:
1475;ipProcessor@1.0:
452;ipProcessor@1.0:
1223;ipProcessor@1.0:
202;ipProcessor@2.0:
971;ipProcessor@1.0:
717;ipProcessor@2.0:
1485;ipProcessor@1.0:
1234;ipProcessor@1.0:
213;ipProcessor@2.0:
982;ipProcessor@1.0:
1496;ipProcessor@1.0:
729;ipProcessor@2.0:
1245;ipProcessor@1.0:
224;ipProcessor@2.0:
993;ipProcessor@1.0:
1507;ipProcessor@1.0:
740;ipProcessor@2.0:
485;ipProcessor@2.0:
1256;ipProcessor@1.0:
236;ipProcessor@2.0:
1004;ipProcessor@1.0:
1518;ipProcessor@1.0:
752;ipProcessor@2.0:
497;ipProcessor@2.0:
1267;ipProcessor@1.0:
247;ipProcessor@2.0:
1015;ipProcessor@1.0:
1529;ipProcessor@1.0:
764;ipProcessor@2.0:
509;ipProcessor@2.0:
1278;ipProcessor@1.0:
1;deserialize@1.0:
258;deserialize@1.0:
1026;deserialize@1.0:
1540;deserialize@1.0:
776;deserialize@1.0:
521;deserialize@1.0:
1289;deserialize@1.0:
13;deserialize@1.0:
269;deserialize@1.0:
1037;deserialize@1.0:
1551;deserialize@1.0:
532;deserialize@1.0:
788;deserialize@1.0:
1300;deserialize@1.0:
24;deserialize@1.0:
1048;deserialize@1.0:
1561;deserialize@1.0:
1311;deserialize@1.0:
544;deserialize@1.0:
800;deserialize@1.0:
35;deserialize@1.0:
291;deserialize@1.0:
1059;deserialize@1.0:
1322;deserialize@1.0:
556;deserialize@1.0:
302;deserialize@1.0:
1070;deserialize@1.0:
47;deserialize@1.0:
1333;deserialize@1.0:
822;deserialize@1.0:
568;deserialize@1.0:
1081;deserialize@1.0:
58;deserialize@1.0:
314;deserialize@1.0:
1344;deserialize@1.0:
833;deserialize@1.0:
1092;deserialize@1.0:
69;deserialize@1.0:
325;deserialize@1.0:
1354;deserialize@1.0:
845;deserialize@1.0:
590;deserialize@1.0:
1103;deserialize@1.0:
80;deserialize@1.0:
336;deserialize@1.0:
1365;deserialize@1.0:
601;deserialize@1.0:
857;deserialize@1.0:
1114;deserialize@1.0:
91;deserialize@1.0:
348;deserialize@1.0:
1376;deserialize@1.0:
1124;deserialize@1.0:
613;deserialize@1.0:
869;deserialize@1.0:
102;deserialize@1.0:
359;deserialize@1.0:
1387;deserialize@1.0:
1135;deserialize@1.0:
624;deserialize@1.0:
113;deserialize@1.0:
881;deserialize@1.0:
1398;deserialize@1.0:
1146;deserialize@1.0:
636;deserialize@1.0:
892;deserialize@1.0:
125;deserialize@1.0:
381;deserialize@1.0:
1409;deserialize@1.0:
1157;deserialize@1.0:
136;deserialize@1.0:
392;deserialize@1.0:
648;deserialize@1.0:
1420;deserialize@1.0:
1169;deserialize@1.0:
914;deserialize@1.0:
147;deserialize@1.0:
404;deserialize@1.0:
660;deserialize@1.0:
1431;deserialize@1.0:
1180;deserialize@1.0:
158;deserialize@1.0:
926;deserialize@1.0:
416;deserialize@1.0:
672;deserialize@1.0:
1442;deserialize@1.0:
1190;deserialize@1.0:
169;deserialize@1.0:
937;deserialize@1.0:
428;deserialize@1.0:
684;deserialize@1.0:
1453;deserialize@1.0:
1202;deserialize@1.0:
180;deserialize@1.0:
948;deserialize@1.0:
440;deserialize@1.0:
1464;deserialize@1.0:
1213;deserialize@1.0:
960;deserialize@1.0:
706;deserialize@1.0:
1475;deserialize@1.0:
452;deserialize@1.0:
1223;deserialize@1.0:
202;deserialize@1.0:
971;deserialize@1.0:
717;deserialize@1.0:
1485;deserialize@1.0:
1234;deserialize@1.0:
213;deserialize@1.0:
982;deserialize@1.0:
1496;deserialize@1.0:
729;deserialize@1.0:
1245;deserialize@1.0:
224;deserialize@1.0:
993;deserialize@1.0:
1507;deserialize@1.0:
740;deserialize@1.0:
485;deserialize@1.0:
1256;deserialize@1.0:
236;deserialize@1.0:
1004;deserialize@1.0:
1518;deserialize@1.0:
752;deserialize@1.0:
497;deserialize@1.0:
1267;deserialize@1.0:
247;deserialize@1.0:
1015;deserialize@1.0:
1529;deserialize@1.0:
764;deserialize@1.0:
509;deserialize@1.0:
1278;deserialize@1.0:
1;campaignJoin@1.0:
258;campaignJoin@1.0:
1026;campaignJoin@1.0:
1540;campaignJoin@1.0:
776;campaignJoin@1.0:
521;campaignJoin@1.0:
1289;campaignJoin@1.0:
13;campaignJoin@1.0:
269;campaignJoin@1.0:
1037;campaignJoin@1.0:
1551;campaignJoin@1.0:
532;campaignJoin@1.0:
788;campaignJoin@1.0:
1300;campaignJoin@1.0:
24;campaignJoin@1.0:
1048;campaignJoin@1.0:
1561;campaignJoin@1.0:
1311;campaignJoin@1.0:
544;campaignJoin@1.0:
800;campaignJoin@1.0:
35;campaignJoin@1.0:
291;campaignJoin@1.0:
1059;campaignJoin@1.0:
1322;campaignJoin@1.0:
556;campaignJoin@1.0:
302;campaignJoin@1.0:
1070;campaignJoin@1.0:
47;campaignJoin@1.0:
1333;campaignJoin@1.0:
822;campaignJoin@1.0:
568;campaignJoin@1.0:
1081;campaignJoin@1.0:
58;campaignJoin@1.0:
314;campaignJoin@1.0:
1344;campaignJoin@1.0:
833;campaignJoin@1.0:
1092;campaignJoin@1.0:
69;campaignJoin@1.0:
325;campaignJoin@1.0:
1354;campaignJoin@1.0:
845;campaignJoin@1.0:
590;campaignJoin@1.0:
1103;campaignJoin@1.0:
80;campaignJoin@1.0:
336;campaignJoin@1.0:
1365;campaignJoin@1.0:
601;campaignJoin@1.0:
857;campaignJoin@1.0:
1114;campaignJoin@1.0:
91;campaignJoin@1.0:
348;campaignJoin@1.0:
1376;campaignJoin@1.0:
1124;campaignJoin@1.0:
613;campaignJoin@1.0:
869;campaignJoin@1.0:
102;campaignJoin@1.0:
359;campaignJoin@1.0:
1387;campaignJoin@1.0:
1135;campaignJoin@1.0:
624;campaignJoin@1.0:
113;campaignJoin@1.0:
881;campaignJoin@1.0:
1398;campaignJoin@1.0:
1146;campaignJoin@1.0:
636;campaignJoin@1.0:
892;campaignJoin@1.0:
125;campaignJoin@1.0:
381;campaignJoin@1.0:
1409;campaignJoin@1.0:
1157;campaignJoin@1.0:
136;campaignJoin@1.0:
392;campaignJoin@1.0:
648;campaignJoin@1.0:
1420;campaignJoin@1.0:
1169;campaignJoin@1.0:
914;campaignJoin@1.0:
147;campaignJoin@1.0:
404;campaignJoin@1.0:
660;campaignJoin@1.0:
1431;campaignJoin@1.0:
1180;campaignJoin@1.0:
158;campaignJoin@1.0:
926;campaignJoin@1.0:
416;campaignJoin@1.0:
672;campaignJoin@1.0:
1442;campaignJoin@1.0:
1190;campaignJoin@1.0:
169;campaignJoin@1.0:
937;campaignJoin@1.0:
428;campaignJoin@1.0:
684;campaignJoin@1.0:
1453;campaignJoin@1.0:
1202;campaignJoin@1.0:
180;campaignJoin@1.0:
948;campaignJoin@1.0:
440;campaignJoin@1.0:
1464;campaignJoin@1.0:
1213;campaignJoin@1.0:
960;campaignJoin@1.0:
706;campaignJoin@1.0:
1475;campaignJoin@1.0:
452;campaignJoin@1.0:
1223;campaignJoin@1.0:
202;campaignJoin@1.0:
971;campaignJoin@1.0:
717;campaignJoin@1.0:
1485;campaignJoin@1.0:
1234;campaignJoin@1.0:
213;campaignJoin@1.0:
982;campaignJoin@1.0:
1496;campaignJoin@1.0:
729;campaignJoin@1.0:
1245;campaignJoin@1.0:
224;campaignJoin@1.0:
993;campaignJoin@1.0:
1507;campaignJoin@1.0:
740;campaignJoin@1.0:
485;campaignJoin@1.0:
1256;campaignJoin@1.0:
236;campaignJoin@1.0:
1004;campaignJoin@1.0:
1518;campaignJoin@1.0:
752;campaignJoin@1.0:
497;campaignJoin@1.0:
1267;campaignJoin@1.0:
247;campaignJoin@1.0:
1015;campaignJoin@1.0:
1529;campaignJoin@1.0:
764;campaignJoin@1.0:
509;campaignJoin@1.0:
1278;campaignJoin@1.0:
timestamp;actions
1;addressProjection@1.0:
1281;addressProjection@1.0:
1030;addressProjection@1.0:
266;addressProjection@1.0:
522;addressProjection@1.0:
778;addressProjection@1.0:
12;addressProjection@1.0:
1292;addressProjection@1.0:
1041;addressProjection@1.0:
277;addressProjection@1.0:
789;addressProjection@1.0:
534;addressProjection@1.0:
23;addressProjection@1.0:
1303;addressProjection@1.0:
1052;addressProjection@1.0:
800;addressProjection@1.0:
289;addressProjection@1.0:
545;addressProjection@1.0:
1313;addressProjection@1.0:
34;addressProjection@1.0:
1062;addressProjection@1.0:
811;addressProjection@1.0:
300;addressProjection@1.0:
1324;addressProjection@1.0:
45;addressProjection@1.0:
557;addressProjection@1.0:
1073;addressProjection@1.0:
822;addressProjection@1.0:
311;addressProjection@1.0:
1335;addressProjection@1.0:
56;addressProjection@1.0:
569;addressProjection@1.0:
1084;addressProjection@1.0:
833;addressProjection@1.0:
1346;addressProjection@1.0:
67;addressProjection@1.0:
323;addressProjection@1.0:
580;addressProjection@1.0:
1095;addressProjection@1.0:
844;addressProjection@1.0:
1357;addressProjection@1.0:
78;addressProjection@1.0:
334;addressProjection@1.0:
592;addressProjection@1.0:
1106;addressProjection@1.0:
854;addressProjection@1.0:
1368;addressProjection@1.0:
89;addressProjection@1.0:
346;addressProjection@1.0:
603;addressProjection@1.0:
1117;addressProjection@1.0:
865;addressProjection@1.0:
1379;addressProjection@1.0:
100;addressProjection@1.0:
358;addressProjection@1.0:
615;addressProjection@1.0:
1128;addressProjection@1.0:
876;addressProjection@1.0:
111;addressProjection@1.0:
369;addressProjection@1.0:
626;addressProjection@1.0:
1139;addressProjection@1.0:
887;addressProjection@1.0:
122;addressProjection@1.0:
381;addressProjection@1.0:
638;addressProjection@1.0:
1150;addressProjection@1.0:
898;addressProjection@1.0:
133;addressProjection@1.0:
393;addressProjection@1.0:
1161;addressProjection@1.0:
650;addressProjection@1.0:
909;addressProjection@1.0:
144;addressProjection@1.0:
1172;addressProjection@1.0:
405;addressProjection@1.0:
662;addressProjection@1.0:
920;addressProjection@1.0:
155;addressProjection@1.0:
1183;addressProjection@1.0:
417;addressProjection@1.0:
674;addressProjection@1.0:
931;addressProjection@1.0:
166;addressProjection@1.0:
1194;addressProjection@1.0:
428;addressProjection@1.0:
686;addressProjection@1.0:
942;addressProjection@1.0:
177;addressProjection@1.0:
1205;addressProjection@1.0:
440;addressProjection@1.0:
697;addressProjection@1.0:
953;addressProjection@1.0:
188;addressProjection@1.0:
1216;addressProjection@1.0:
452;addressProjection@1.0:
964;addressProjection@1.0:
709;addressProjection@1.0:
199;addressProjection@1.0:
1227;addressProjection@1.0:
463;addressProjection@1.0:
975;addressProjection@1.0:
721;addressProjection@1.0:
211;addressProjection@1.0:
1238;addressProjection@1.0:
986;addressProjection@1.0:
475;addressProjection@1.0:
732;addressProjection@1.0:
222;addressProjection@1.0:
1249;addressProjection@1.0:
997;addressProjection@1.0:
486;addressProjection@1.0:
744;addressProjection@1.0:
233;addressProjection@1.0:
1259;addressProjection@1.0:
1008;addressProjection@1.0:
498;addressProjection@1.0:
755;addressProjection@1.0:
244;addressProjection@1.0:
1270;addressProjection@1.0:
1019;addressProjection@1.0:
510;addressProjection@1.0:
766;addressProjection@1.0:
255;addressProjection@1.0:
1;campaignProcessor@1.0:
1281;campaignProcessor@1.0:
1030;campaignProcessor@1.0:
266;campaignProcessor@1.0:
522;campaignProcessor@1.0:
778;campaignProcessor@1.0:
12;campaignProcessor@1.0:
1292;campaignProcessor@1.0:
1041;campaignProcessor@1.0:
277;campaignProcessor@1.0:
789;campaignProcessor@1.0:
534;campaignProcessor@1.0:
23;campaignProcessor@1.0:
1303;campaignProcessor@1.0:
1052;campaignProcessor@1.0:
800;campaignProcessor@1.0:
289;campaignProcessor@1.0:
545;campaignProcessor@1.0:
1313;campaignProcessor@1.0:
34;campaignProcessor@1.0:
1062;campaignProcessor@1.0:
811;campaignProcessor@1.0:
300;campaignProcessor@1.0:
1324;campaignProcessor@1.0:
45;campaignProcessor@1.0:
557;campaignProcessor@1.0:
1073;campaignProcessor@1.0:
822;campaignProcessor@1.0:
311;campaignProcessor@1.0:
1335;campaignProcessor@1.0:
56;campaignProcessor@1.0:
569;campaignProcessor@1.0:
1084;campaignProcessor@1.0:
833;campaignProcessor@1.0:
1346;campaignProcessor@1.0:
67;campaignProcessor@1.0:
323;campaignProcessor@1.0:
580;campaignProcessor@1.0:
1095;campaignProcessor@1.0:
844;campaignProcessor@1.0:
1357;campaignProcessor@1.0:
78;campaignProcessor@1.0:
334;campaignProcessor@1.0:
592;campaignProcessor@1.0:
1106;campaignProcessor@1.0:
854;campaignProcessor@1.0:
1368;campaignProcessor@1.0:
89;campaignProcessor@1.0:
346;campaignProcessor@1.0:
603;campaignProcessor@1.0:
1117;campaignProcessor@1.0:
865;campaignProcessor@1.0:
1379;campaignProcessor@1.0:
100;campaignProcessor@1.0:
358;campaignProcessor@1.0:
615;campaignProcessor@1.0:
1128;campaignProcessor@1.0:
876;campaignProcessor@1.0:
111;campaignProcessor@1.0:
369;campaignProcessor@1.0:
626;campaignProcessor@1.0:
1139;campaignProcessor@1.0:
887;campaignProcessor@1.0:
122;campaignProcessor@1.0:
381;campaignProcessor@1.0:
638;campaignProcessor@1.0:
1150;campaignProcessor@1.0:
898;campaignProcessor@1.0:
133;campaignProcessor@1.0:
393;campaignProcessor@1.0:
1161;campaignProcessor@1.0:
650;campaignProcessor@1.0:
909;campaignProcessor@1.0:
144;campaignProcessor@1.0:
1172;campaignProcessor@1.0:
405;campaignProcessor@1.0:
662;campaignProcessor@1.0:
920;campaignProcessor@1.0:
155;campaignProcessor@1.0:
1183;campaignProcessor@1.0:
417;campaignProcessor@1.0:
674;campaignProcessor@1.0:
931;campaignProcessor@1.0:
166;campaignProcessor@1.0:
1194;campaignProcessor@1.0:
428;campaignProcessor@1.0:
686;campaignProcessor@1.0:
942;campaignProcessor@1.0:
177;campaignProcessor@1.0:
1205;campaignProcessor@1.0:
440;campaignProcessor@1.0:
697;campaignProcessor@1.0:
953;campaignProcessor@1.0:
188;campaignProcessor@1.0:
1216;campaignProcessor@1.0:
452;campaignProcessor@1.0:
964;campaignProcessor@1.0:
709;campaignProcessor@1.0:
199;campaignProcessor@1.0:
1227;campaignProcessor@1.0:
463;campaignProcessor@1.0:
975;campaignProcessor@1.0:
721;campaignProcessor@1.0:
211;campaignProcessor@1.0:
1238;campaignProcessor@1.0:
986;campaignProcessor@1.0:
475;campaignProcessor@1.0:
732;campaignProcessor@1.0:
222;campaignProcessor@1.0:
1249;campaignProcessor@1.0:
997;campaignProcessor@1.0:
486;campaignProcessor@1.0:
744;campaignProcessor@1.0:
233;campaignProcessor@1.0:
1259;campaignProcessor@1.0:
1008;campaignProcessor@1.0:
498;campaignProcessor@1.0:
755;campaignProcessor@1.0:
244;campaignProcessor@1.0:
1270;campaignProcessor@1.0:
1019;campaignProcessor@1.0:
510;campaignProcessor@1.0:
766;campaignProcessor@1.0:
255;campaignProcessor@1.0:
1;eventProjection@1.0:
1281;eventProjection@1.0:
1030;eventProjection@1.0:
266;eventProjection@1.0:
522;eventProjection@1.0:
778;eventProjection@1.0:
12;eventProjection@1.0:
1292;eventProjection@1.0:
1041;eventProjection@1.0:
277;eventProjection@1.0:
789;eventProjection@1.0:
534;eventProjection@1.0:
23;eventProjection@1.0:
1303;eventProjection@1.0:
1052;eventProjection@1.0:
800;eventProjection@1.0:
289;eventProjection@1.0:
545;eventProjection@1.0:
1313;eventProjection@1.0:
34;eventProjection@1.0:
1062;eventProjection@1.0:
811;eventProjection@1.0:
300;eventProjection@1.0:
1324;eventProjection@1.0:
45;eventProjection@1.0:
557;eventProjection@1.0:
1073;eventProjection@1.0:
822;eventProjection@1.0:
311;eventProjection@1.0:
1335;eventProjection@1.0:
56;eventProjection@1.0:
569;eventProjection@1.0:
1084;eventProjection@1.0:
833;eventProjection@1.0:
1346;eventProjection@1.0:
67;eventProjection@1.0:
323;eventProjection@1.0:
580;eventProjection@1.0:
1095;eventProjection@1.0:
844;eventProjection@1.0:
1357;eventProjection@1.0:
78;eventProjection@1.0:
334;eventProjection@1.0:
592;eventProjection@1.0:
1106;eventProjection@1.0:
854;eventProjection@1.0:
1368;eventProjection@1.0:
89;eventProjection@1.0:
346;eventProjection@1.0:
603;eventProjection@1.0:
1117;eventProjection@1.0:
865;eventProjection@1.0:
1379;eventProjection@1.0:
100;eventProjection@1.0:
358;eventProjection@1.0:
615;eventProjection@1.0:
1128;eventProjection@1.0:
876;eventProjection@1.0:
111;eventProjection@1.0:
369;eventProjection@1.0:
626;eventProjection@1.0:
1139;eventProjection@1.0:
887;eventProjection@1.0:
122;eventProjection@1.0:
381;eventProjection@1.0:
638;eventProjection@1.0:
1150;eventProjection@1.0:
898;eventProjection@1.0:
133;eventProjection@1.0:
393;eventProjection@1.0:
1161;eventProjection@1.0:
650;eventProjection@1.0:
909;eventProjection@1.0:
144;eventProjection@1.0:
1172;eventProjection@1.0:
405;eventProjection@1.0:
662;eventProjection@1.0:
920;eventProjection@1.0:
155;eventProjection@1.0:
1183;eventProjection@1.0:
417;eventProjection@1.0:
674;eventProjection@1.0:
931;eventProjection@1.0:
166;eventProjection@1.0:
1194;eventProjection@1.0:
428;eventProjection@1.0:
686;eventProjection@1.0:
942;eventProjection@1.0:
177;eventProjection@1.0:
1205;eventProjection@1.0:
440;eventProjection@1.0:
697;eventProjection@1.0:
953;eventProjection@1.0:
188;eventProjection@1.0:
1216;eventProjection@1.0:
452;eventProjection@1.0:
964;eventProjection@1.0:
709;eventProjection@1.0:
199;eventProjection@1.0:
1227;eventProjection@1.0:
463;eventProjection@1.0:
975;eventProjection@1.0:
721;eventProjection@1.0:
211;eventProjection@1.0:
1238;eventProjection@1.0:
986;eventProjection@1.0:
475;eventProjection@1.0:
732;eventProjection@1.0:
222;eventProjection@1.0:
1249;eventProjection@1.0:
997;eventProjection@1.0:
486;eventProjection@1.0:
744;eventProjection@1.0:
233;eventProjection@1.0:
1259;eventProjection@1.0:
1008;eventProjection@1.0:
498;eventProjection@1.0:
755;eventProjection@1.0:
244;eventProjection@1.0:
1270;eventProjection@1.0:
1019;eventProjection@1.0:
510;eventProjection@1.0:
766;eventProjection@1.0:
255;eventProjection@1.0:
1;eventFilter@1.0:
1281;eventFilter@1.0:
1030;eventFilter@1.0:
266;eventFilter@1.0:
522;eventFilter@1.0:
778;eventFilter@1.0:
12;eventFilter@1.0:
1292;eventFilter@1.0:
1041;eventFilter@1.0:
277;eventFilter@1.0:
789;eventFilter@1.0:
534;eventFilter@1.0:
23;eventFilter@1.0:
1303;eventFilter@1.0:
1052;eventFilter@1.0:
800;eventFilter@1.0:
289;eventFilter@1.0:
545;eventFilter@1.0:
1313;eventFilter@1.0:
34;eventFilter@1.0:
1062;eventFilter@1.0:
811;eventFilter@1.0:
300;eventFilter@1.0:
1324;eventFilter@1.0:
45;eventFilter@1.0:
557;eventFilter@1.0:
1073;eventFilter@1.0:
822;eventFilter@1.0:
311;eventFilter@1.0:
1335;eventFilter@1.0:
56;eventFilter@1.0:
569;eventFilter@1.0:
1084;eventFilter@1.0:
833;eventFilter@1.0:
1346;eventFilter@1.0:
67;eventFilter@1.0:
323;eventFilter@1.0:
580;eventFilter@1.0:
1095;eventFilter@1.0:
844;eventFilter@1.0:
1357;eventFilter@1.0:
78;eventFilter@1.0:
334;eventFilter@1.0:
592;eventFilter@1.0:
1106;eventFilter@1.0:
854;eventFilter@1.0:
1368;eventFilter@1.0:
89;eventFilter@1.0:
346;eventFilter@1.0:
603;eventFilter@1.0:
1117;eventFilter@1.0:
865;eventFilter@1.0:
1379;eventFilter@1.0:
100;eventFilter@1.0:
358;eventFilter@1.0:
615;eventFilter@1.0:
1128;eventFilter@1.0:
876;eventFilter@1.0:
111;eventFilter@1.0:
369;eventFilter@1.0:
626;eventFilter@1.0:
1139;eventFilter@1.0:
887;eventFilter@1.0:
122;eventFilter@1.0:
381;eventFilter@1.0:
638;eventFilter@1.0:
1150;eventFilter@1.0:
898;eventFilter@1.0:
133;eventFilter@1.0:
393;eventFilter@1.0:
1161;eventFilter@1.0:
650;eventFilter@1.0:
909;eventFilter@1.0:
144;eventFilter@1.0:
1172;eventFilter@1.0:
405;eventFilter@1.0:
662;eventFilter@1.0:
920;eventFilter@1.0:
155;eventFilter@1.0:
1183;eventFilter@1.0:
417;eventFilter@1.0:
674;eventFilter@1.0:
931;eventFilter@1.0:
166;eventFilter@1.0:
1194;eventFilter@1.0:
428;eventFilter@1.0:
686;eventFilter@1.0:
942;eventFilter@1.0:
177;eventFilter@1.0:
1205;eventFilter@1.0:
440;eventFilter@1.0:
697;eventFilter@1.0:
953;eventFilter@1.0:
188;eventFilter@1.0:
1216;eventFilter@1.0:
452;eventFilter@1.0:
964;eventFilter@1.0:
709;eventFilter@1.0:
199;eventFilter@1.0:
1227;eventFilter@1.0:
463;eventFilter@1.0:
975;eventFilter@1.0:
721;eventFilter@1.0:
211;eventFilter@1.0:
1238;eventFilter@1.0:
986;eventFilter@1.0:
475;eventFilter@1.0:
732;eventFilter@1.0:
222;eventFilter@1.0:
1249;eventFilter@1.0:
997;eventFilter@1.0:
486;eventFilter@1.0:
744;eventFilter@1.0:
233;eventFilter@1.0:
1259;eventFilter@1.0:
1008;eventFilter@1.0:
498;eventFilter@1.0:
755;eventFilter@1.0:
244;eventFilter@1.0:
1270;eventFilter@1.0:
1019;eventFilter@1.0:
510;eventFilter@1.0:
766;eventFilter@1.0:
255;eventFilter@1.0:
1;ipProcessor@1.0:
1281;ipProcessor@1.0:
1030;ipProcessor@1.0:
266;ipProcessor@1.0:
522;ipProcessor@1.0:
778;ipProcessor@1.0:
12;ipProcessor@1.0:
1292;ipProcessor@1.0:
1041;ipProcessor@1.0:
277;ipProcessor@1.0:
789;ipProcessor@1.0:
534;ipProcessor@1.0:
23;ipProcessor@1.0:
1303;ipProcessor@1.0:
1052;ipProcessor@1.0:
800;ipProcessor@1.0:
289;ipProcessor@1.0:
545;ipProcessor@1.0:
1313;ipProcessor@1.0:
34;ipProcessor@1.0:
1062;ipProcessor@1.0:
811;ipProcessor@1.0:
300;ipProcessor@1.0:
1324;ipProcessor@1.0:
45;ipProcessor@1.0:
557;ipProcessor@1.0:
1073;ipProcessor@1.0:
822;ipProcessor@1.0:
311;ipProcessor@1.0:
1335;ipProcessor@1.0:
56;ipProcessor@1.0:
569;ipProcessor@1.0:
1084;ipProcessor@1.0:
833;ipProcessor@1.0:
1346;ipProcessor@1.0:
67;ipProcessor@1.0:
323;ipProcessor@1.0:
580;ipProcessor@1.0:
1095;ipProcessor@1.0:
844;ipProcessor@1.0:
1357;ipProcessor@1.0:
78;ipProcessor@1.0:
334;ipProcessor@1.0:
592;ipProcessor@1.0:
1106;ipProcessor@1.0:
854;ipProcessor@1.0:
1368;ipProcessor@1.0:
89;ipProcessor@1.0:
346;ipProcessor@1.0:
603;ipProcessor@1.0:
1117;ipProcessor@1.0:
865;ipProcessor@1.0:
1379;ipProcessor@1.0:
100;ipProcessor@1.0:
358;ipProcessor@1.0:
615;ipProcessor@1.0:
1128;ipProcessor@1.0:
876;ipProcessor@1.0:
111;ipProcessor@1.0:
369;ipProcessor@1.0:
626;ipProcessor@1.0:
1139;ipProcessor@1.0:
887;ipProcessor@1.0:
122;ipProcessor@1.0:
381;ipProcessor@1.0:
638;ipProcessor@1.0:
1150;ipProcessor@1.0:
898;ipProcessor@1.0:
133;ipProcessor@1.0:
393;ipProcessor@1.0:
1161;ipProcessor@1.0:
650;ipProcessor@1.0:
909;ipProcessor@1.0:
144;ipProcessor@1.0:
1172;ipProcessor@1.0:
405;ipProcessor@1.0:
662;ipProcessor@1.0:
920;ipProcessor@1.0:
155;ipProcessor@1.0:
1183;ipProcessor@1.0:
417;ipProcessor@1.0:
674;ipProcessor@1.0:
931;ipProcessor@1.0:
166;ipProcessor@1.0:
1194;ipProcessor@1.0:
428;ipProcessor@1.0:
686;ipProcessor@1.0:
942;ipProcessor@1.0:
177;ipProcessor@1.0:
1205;ipProcessor@1.0:
440;ipProcessor@1.0:
697;ipProcessor@1.0:
953;ipProcessor@1.0:
188;ipProcessor@1.0:
1216;ipProcessor@1.0:
452;ipProcessor@1.0:
964;ipProcessor@1.0:
709;ipProcessor@1.0:
199;ipProcessor@1.0:
1227;ipProcessor@1.0:
463;ipProcessor@1.0:
975;ipProcessor@1.0:
721;ipProcessor@1.0:
211;ipProcessor@1.0:
1238;ipProcessor@1.0:
986;ipProcessor@1.0:
475;ipProcessor@1.0:
732;ipProcessor@1.0:
222;ipProcessor@1.0:
1249;ipProcessor@1.0:
997;ipProcessor@1.0:
486;ipProcessor@1.0:
744;ipProcessor@1.0:
233;ipProcessor@1.0:
1259;ipProcessor@1.0:
1008;ipProcessor@1.0:
498;ipProcessor@1.0:
755;ipProcessor@1.0:
244;ipProcessor@1.0:
1270;ipProcessor@1.0:
1019;ipProcessor@1.0:
510;ipProcessor@1.0:
766;ipProcessor@1.0:
255;ipProcessor@1.0:
1;deserialize@1.0:
1281;deserialize@1.0:
1030;deserialize@1.0:
266;deserialize@1.0:
522;deserialize@1.0:
778;deserialize@1.0:
12;deserialize@1.0:
1292;deserialize@1.0:
1041;deserialize@1.0:
277;deserialize@1.0:
789;deserialize@1.0:
534;deserialize@1.0:
23;deserialize@1.0:
1303;deserialize@1.0:
1052;deserialize@1.0:
800;deserialize@1.0:
289;deserialize@1.0:
545;deserialize@1.0:
1313;deserialize@1.0:
34;deserialize@1.0:
1062;deserialize@1.0:
811;deserialize@1.0:
300;deserialize@1.0:
1324;deserialize@1.0:
45;deserialize@1.0:
557;deserialize@1.0:
1073;deserialize@1.0:
822;deserialize@1.0:
311;deserialize@1.0:
1335;deserialize@1.0:
56;deserialize@1.0:
569;deserialize@1.0:
1084;deserialize@1.0:
833;deserialize@1.0:
1346;deserialize@1.0:
67;deserialize@1.0:
323;deserialize@1.0:
580;deserialize@1.0:
1095;deserialize@1.0:
844;deserialize@1.0:
1357;deserialize@1.0:
78;deserialize@1.0:
334;deserialize@1.0:
592;deserialize@1.0:
1106;deserialize@1.0:
854;deserialize@1.0:
1368;deserialize@1.0:
89;deserialize@1.0:
346;deserialize@1.0:
603;deserialize@1.0:
1117;deserialize@1.0:
865;deserialize@1.0:
1379;deserialize@1.0:
100;deserialize@1.0:
358;deserialize@1.0:
615;deserialize@1.0:
1128;deserialize@1.0:
876;deserialize@1.0:
111;deserialize@1.0:
369;deserialize@1.0:
626;deserialize@1.0:
1139;deserialize@1.0:
887;deserialize@1.0:
122;deserialize@1.0:
381;deserialize@1.0:
638;deserialize@1.0:
1150;deserialize@1.0:
898;deserialize@1.0:
133;deserialize@1.0:
393;deserialize@1.0:
1161;deserialize@1.0:
650;deserialize@1.0:
909;deserialize@1.0:
144;deserialize@1.0:
1172;deserialize@1.0:
405;deserialize@1.0:
662;deserialize@1.0:
920;deserialize@1.0:
155;deserialize@1.0:
1183;deserialize@1.0:
417;deserialize@1.0:
674;deserialize@1.0:
931;deserialize@1.0:
166;deserialize@1.0:
1194;deserialize@1.0:
428;deserialize@1.0:
686;deserialize@1.0:
942;deserialize@1.0:
177;deserialize@1.0:
1205;deserialize@1.0:
440;deserialize@1.0:
697;deserialize@1.0:
953;deserialize@1.0:
188;deserialize@1.0:
1216;deserialize@1.0:
452;deserialize@1.0:
964;deserialize@1.0:
709;deserialize@1.0:
199;deserialize@1.0:
1227;deserialize@1.0:
463;deserialize@1.0:
975;deserialize@1.0:
721;deserialize@1.0:
211;deserialize@1.0:
1238;deserialize@1.0:
986;deserialize@1.0:
475;deserialize@1.0:
732;deserialize@1.0:
222;deserialize@1.0:
1249;deserialize@1.0:
997;deserialize@1.0:
486;deserialize@1.0:
744;deserialize@1.0:
233;deserialize@1.0:
1259;deserialize@1.0:
1008;deserialize@1.0:
498;deserialize@1.0:
755;deserialize@1.0:
244;deserialize@1.0:
1270;deserialize@1.0:
1019;deserialize@1.0:
510;deserialize@1.0:
766;deserialize@1.0:
255;deserialize@1.0:
1;campaignJoin@1.0:
1281;campaignJoin@1.0:
1030;campaignJoin@1.0:
266;campaignJoin@1.0:
522;campaignJoin@1.0:
778;campaignJoin@1.0:
12;campaignJoin@1.0:
1292;campaignJoin@1.0:
1041;campaignJoin@1.0:
277;campaignJoin@1.0:
789;campaignJoin@1.0:
534;campaignJoin@1.0:
23;campaignJoin@1.0:
1303;campaignJoin@1.0:
1052;campaignJoin@1.0:
800;campaignJoin@1.0:
289;campaignJoin@1.0:
545;campaignJoin@1.0:
1313;campaignJoin@1.0:
34;campaignJoin@1.0:
1062;campaignJoin@1.0:
811;campaignJoin@1.0:
300;campaignJoin@1.0:
1324;campaignJoin@1.0:
45;campaignJoin@1.0:
557;campaignJoin@1.0:
1073;campaignJoin@1.0:
822;campaignJoin@1.0:
311;campaignJoin@1.0:
1335;campaignJoin@1.0:
56;campaignJoin@1.0:
569;campaignJoin@1.0:
1084;campaignJoin@1.0:
833;campaignJoin@1.0:
1346;campaignJoin@1.0:
67;campaignJoin@1.0:
323;campaignJoin@1.0:
580;campaignJoin@1.0:
1095;campaignJoin@1.0:
844;campaignJoin@1.0:
1357;campaignJoin@1.0:
78;campaignJoin@1.0:
334;campaignJoin@1.0:
592;campaignJoin@1.0:
1106;campaignJoin@1.0:
854;campaignJoin@1.0:
1368;campaignJoin@1.0:
89;campaignJoin@1.0:
346;campaignJoin@1.0:
603;campaignJoin@1.0:
1117;campaignJoin@1.0:
865;campaignJoin@1.0:
1379;campaignJoin@1.0:
100;campaignJoin@1.0:
358;campaignJoin@1.0:
615;campaignJoin@1.0:
1128;campaignJoin@1.0:
876;campaignJoin@1.0:
111;campaignJoin@1.0:
369;campaignJoin@1.0:
626;campaignJoin@1.0:
1139;campaignJoin@1.0:
887;campaignJoin@1.0:
122;campaignJoin@1.0:
381;campaignJoin@1.0:
638;campaignJoin@1.0:
1150;campaignJoin@1.0:
898;campaignJoin@1.0:
133;campaignJoin@1.0:
393;campaignJoin@1.0:
1161;campaignJoin@1.0:
650;campaignJoin@1.0:
909;campaignJoin@1.0:
144;campaignJoin@1.0:
1172;campaignJoin@1.0:
405;campaignJoin@1.0:
662;campaignJoin@1.0:
920;campaignJoin@1.0:
155;campaignJoin@1.0:
1183;campaignJoin@1.0:
417;campaignJoin@1.0:
674;campaignJoin@1.0:
931;campaignJoin@1.0:
166;campaignJoin@1.0:
1194;campaignJoin@1.0:
428;campaignJoin@1.0:
686;campaignJoin@1.0:
942;campaignJoin@1.0:
177;campaignJoin@1.0:
1205;campaignJoin@1.0:
440;campaignJoin@1.0:
697;campaignJoin@1.0:
953;campaignJoin@1.0:
188;campaignJoin@1.0:
1216;campaignJoin@1.0:
452;campaignJoin@1.0:
964;campaignJoin@1.0:
709;campaignJoin@1.0:
199;campaignJoin@1.0:
1227;campaignJoin@1.0:
463;campaignJoin@1.0:
975;campaignJoin@1.0:
721;campaignJoin@1.0:
211;campaignJoin@1.0:
1238;campaignJoin@1.0:
986;campaignJoin@1.0:
475;campaignJoin@1.0:
732;campaignJoin@1.0:
222;campaignJoin@1.0:
1249;campaignJoin@1.0:
997;campaignJoin@1.0:
486;campaignJoin@1.0:
744;campaignJoin@1.0:
233;campaignJoin@1.0:
1259;campaignJoin@1.0:
1008;campaignJoin@1.0:
498;campaignJoin@1.0:
755;campaignJoin@1.0:
244;campaignJoin@1.0:
1270;campaignJoin@1.0:
1019;campaignJoin@1.0:
510;campaignJoin@1.0:
766;campaignJoin@1.0:
255;campaignJoin@1.0:
