-- phpMyAdmin SQL Dump
-- version 4.2.12deb2+deb8u1build0.15.04.1
-- http://www.phpmyadmin.net
--
-- Host: localhost
-- Generation Time: Feb 10, 2017 at 04:51 PM
-- Server version: 5.6.28-0ubuntu0.15.04.1
-- PHP Version: 5.6.4-4ubuntu6.4

SET SQL_MODE = "NO_AUTO_VALUE_ON_ZERO";
SET time_zone = "+00:00";


/*!40101 SET @OLD_CHARACTER_SET_CLIENT=@@CHARACTER_SET_CLIENT */;
/*!40101 SET @OLD_CHARACTER_SET_RESULTS=@@CHARACTER_SET_RESULTS */;
/*!40101 SET @OLD_COLLATION_CONNECTION=@@COLLATION_CONNECTION */;
/*!40101 SET NAMES utf8 */;

--
-- Database: `autoscale`
--

--
-- Dumping data for table `all_time_bolts_stats`
--

INSERT INTO `all_time_bolts_stats` (`timestamp`, `host`, `port`, `topology`, `component`, `start_task`, `end_task`, `total_executed`, `update_executed`, `total_outputs`, `update_outputs`, `execute_ms_avg`, `selectivity`) VALUES
(21, 'storm-node1.novalocal', 6701, 'primeFactor-2-1486744984', 'primeFactorizer', 9, 9, 40, 40, 0, 0, 0.5, 0),
(21, 'storm-node1.novalocal', 6701, 'primeFactor-2-1486744984', 'primeFactorizer', 11, 11, 20, 20, 0, 0, 0, 0),
(21, 'storm-node1.novalocal', 6702, 'primeFactor-2-1486744984', 'primeFactorizer', 10, 10, 40, 40, 0, 0, 0, 0),
(21, 'storm-node1.novalocal', 6702, 'primeFactor-2-1486744984', 'primeFactorizer', 12, 12, 0, 0, 0, 0, 0, 0),
(32, 'storm-node1.novalocal', 6701, 'primeFactor-2-1486744984', 'primeFactorizer', 9, 9, 40, 0, 0, 0, 0.5, 0),
(32, 'storm-node1.novalocal', 6701, 'primeFactor-2-1486744984', 'primeFactorizer', 11, 11, 20, 0, 0, 0, 0, 0),
(32, 'storm-node1.novalocal', 6702, 'primeFactor-2-1486744984', 'primeFactorizer', 10, 10, 40, 0, 0, 0, 0, 0),
(32, 'storm-node1.novalocal', 6702, 'primeFactor-2-1486744984', 'primeFactorizer', 12, 12, 20, 20, 0, 0, 5996, 0),
(42, 'storm-node1.novalocal', 6701, 'primeFactor-2-1486744984', 'primeFactorizer', 9, 9, 40, 0, 0, 0, 0.5, 0),
(42, 'storm-node1.novalocal', 6701, 'primeFactor-2-1486744984', 'primeFactorizer', 11, 11, 20, 0, 0, 0, 0, 0),
(42, 'storm-node1.novalocal', 6702, 'primeFactor-2-1486744984', 'primeFactorizer', 10, 10, 40, 0, 0, 0, 0, 0),
(42, 'storm-node1.novalocal', 6702, 'primeFactor-2-1486744984', 'primeFactorizer', 12, 12, 40, 20, 0, 0, 3111, 0),
(53, 'storm-node1.novalocal', 6701, 'primeFactor-2-1486744984', 'primeFactorizer', 9, 9, 40, 0, 0, 0, 0.5, 0),
(53, 'storm-node1.novalocal', 6701, 'primeFactor-2-1486744984', 'primeFactorizer', 11, 11, 20, 0, 0, 0, 0, 0),
(53, 'storm-node1.novalocal', 6702, 'primeFactor-2-1486744984', 'primeFactorizer', 10, 10, 40, 0, 0, 0, 0, 0),
(53, 'storm-node1.novalocal', 6702, 'primeFactor-2-1486744984', 'primeFactorizer', 12, 12, 40, 0, 0, 0, 3111, 0),
(63, 'storm-node1.novalocal', 6701, 'primeFactor-2-1486744984', 'primeFactorizer', 9, 9, 40, 0, 0, 0, 0.5, 0),
(63, 'storm-node1.novalocal', 6701, 'primeFactor-2-1486744984', 'primeFactorizer', 11, 11, 20, 0, 0, 0, 0, 0),
(63, 'storm-node1.novalocal', 6702, 'primeFactor-2-1486744984', 'primeFactorizer', 10, 10, 40, 0, 0, 0, 0, 0),
(63, 'storm-node1.novalocal', 6702, 'primeFactor-2-1486744984', 'primeFactorizer', 12, 12, 40, 0, 0, 0, 3111, 0),
(74, 'storm-node1.novalocal', 6701, 'primeFactor-2-1486744984', 'primeFactorizer', 9, 9, 40, 0, 0, 0, 0.5, 0),
(74, 'storm-node1.novalocal', 6701, 'primeFactor-2-1486744984', 'primeFactorizer', 11, 11, 40, 20, 0, 0, 12, 0),
(74, 'storm-node1.novalocal', 6702, 'primeFactor-2-1486744984', 'primeFactorizer', 10, 10, 40, 0, 0, 0, 0, 0),
(74, 'storm-node1.novalocal', 6702, 'primeFactor-2-1486744984', 'primeFactorizer', 12, 12, 60, 20, 0, 0, 2074.333, 0),
(84, 'storm-node1.novalocal', 6701, 'primeFactor-2-1486744984', 'primeFactorizer', 9, 9, 40, 0, 0, 0, 0.5, 0),
(84, 'storm-node1.novalocal', 6701, 'primeFactor-2-1486744984', 'primeFactorizer', 11, 11, 40, 0, 0, 0, 12, 0),
(84, 'storm-node1.novalocal', 6702, 'primeFactor-2-1486744984', 'primeFactorizer', 10, 10, 40, 0, 0, 0, 0, 0),
(84, 'storm-node1.novalocal', 6702, 'primeFactor-2-1486744984', 'primeFactorizer', 12, 12, 60, 0, 0, 0, 2074.333, 0),
(95, 'storm-node1.novalocal', 6701, 'primeFactor-2-1486744984', 'primeFactorizer', 9, 9, 40, 0, 0, 0, 0.5, 0),
(95, 'storm-node1.novalocal', 6701, 'primeFactor-2-1486744984', 'primeFactorizer', 11, 11, 40, 0, 0, 0, 12, 0),
(95, 'storm-node1.novalocal', 6702, 'primeFactor-2-1486744984', 'primeFactorizer', 10, 10, 40, 0, 0, 0, 0, 0),
(95, 'storm-node1.novalocal', 6702, 'primeFactor-2-1486744984', 'primeFactorizer', 12, 12, 60, 0, 0, 0, 2074.333, 0),
(106, 'storm-node1.novalocal', 6701, 'primeFactor-2-1486744984', 'primeFactorizer', 9, 9, 60, 20, 0, 0, 2.333, 0),
(106, 'storm-node1.novalocal', 6701, 'primeFactor-2-1486744984', 'primeFactorizer', 11, 11, 60, 20, 0, 0, 2417, 0),
(106, 'storm-node1.novalocal', 6702, 'primeFactor-2-1486744984', 'primeFactorizer', 10, 10, 40, 0, 0, 0, 0, 0),
(106, 'storm-node1.novalocal', 6702, 'primeFactor-2-1486744984', 'primeFactorizer', 12, 12, 60, 0, 0, 0, 2074.333, 0),
(116, 'storm-node1.novalocal', 6701, 'primeFactor-2-1486744984', 'primeFactorizer', 9, 9, 60, 0, 0, 0, 2.333, 0),
(116, 'storm-node1.novalocal', 6701, 'primeFactor-2-1486744984', 'primeFactorizer', 11, 11, 60, 0, 0, 0, 2417, 0),
(116, 'storm-node1.novalocal', 6702, 'primeFactor-2-1486744984', 'primeFactorizer', 10, 10, 40, 0, 0, 0, 0, 0),
(116, 'storm-node1.novalocal', 6702, 'primeFactor-2-1486744984', 'primeFactorizer', 12, 12, 60, 0, 0, 0, 2074.333, 0),
(127, 'storm-node1.novalocal', 6701, 'primeFactor-2-1486744984', 'primeFactorizer', 9, 9, 60, 0, 0, 0, 2.333, 0),
(127, 'storm-node1.novalocal', 6701, 'primeFactor-2-1486744984', 'primeFactorizer', 11, 11, 60, 0, 0, 0, 2417, 0),
(127, 'storm-node1.novalocal', 6702, 'primeFactor-2-1486744984', 'primeFactorizer', 10, 10, 40, 0, 0, 0, 0, 0),
(127, 'storm-node1.novalocal', 6702, 'primeFactor-2-1486744984', 'primeFactorizer', 12, 12, 60, 0, 0, 0, 2074.333, 0),
(138, 'storm-node1.novalocal', 6701, 'primeFactor-2-1486744984', 'primeFactorizer', 9, 9, 80, 20, 0, 0, 3, 0),
(138, 'storm-node1.novalocal', 6701, 'primeFactor-2-1486744984', 'primeFactorizer', 11, 11, 80, 20, 0, 0, 1812.75, 0),
(138, 'storm-node1.novalocal', 6702, 'primeFactor-2-1486744984', 'primeFactorizer', 10, 10, 40, 0, 0, 0, 0, 0),
(138, 'storm-node1.novalocal', 6702, 'primeFactor-2-1486744984', 'primeFactorizer', 12, 12, 60, 0, 0, 0, 2074.333, 0),
(148, 'storm-node1.novalocal', 6701, 'primeFactor-2-1486744984', 'primeFactorizer', 9, 9, 80, 0, 0, 0, 3, 0),
(148, 'storm-node1.novalocal', 6701, 'primeFactor-2-1486744984', 'primeFactorizer', 11, 11, 80, 0, 0, 0, 1812.75, 0),
(148, 'storm-node1.novalocal', 6702, 'primeFactor-2-1486744984', 'primeFactorizer', 10, 10, 40, 0, 0, 0, 0, 0),
(148, 'storm-node1.novalocal', 6702, 'primeFactor-2-1486744984', 'primeFactorizer', 12, 12, 60, 0, 0, 0, 2074.333, 0),
(159, 'storm-node1.novalocal', 6701, 'primeFactor-2-1486744984', 'primeFactorizer', 9, 9, 80, 0, 0, 0, 3, 0),
(159, 'storm-node1.novalocal', 6701, 'primeFactor-2-1486744984', 'primeFactorizer', 11, 11, 80, 0, 0, 0, 1812.75, 0),
(159, 'storm-node1.novalocal', 6702, 'primeFactor-2-1486744984', 'primeFactorizer', 10, 10, 40, 0, 0, 0, 0, 0),
(159, 'storm-node1.novalocal', 6702, 'primeFactor-2-1486744984', 'primeFactorizer', 12, 12, 60, 0, 0, 0, 2074.333, 0),
(170, 'storm-node1.novalocal', 6701, 'primeFactor-2-1486744984', 'primeFactorizer', 9, 9, 80, 0, 0, 0, 3, 0),
(170, 'storm-node1.novalocal', 6701, 'primeFactor-2-1486744984', 'primeFactorizer', 11, 11, 80, 0, 0, 0, 1812.75, 0),
(170, 'storm-node1.novalocal', 6702, 'primeFactor-2-1486744984', 'primeFactorizer', 10, 10, 40, 0, 0, 0, 0, 0),
(170, 'storm-node1.novalocal', 6702, 'primeFactor-2-1486744984', 'primeFactorizer', 12, 12, 60, 0, 0, 0, 2074.333, 0),
(180, 'storm-node1.novalocal', 6701, 'primeFactor-2-1486744984', 'primeFactorizer', 9, 9, 80, 0, 0, 0, 3, 0),
(180, 'storm-node1.novalocal', 6701, 'primeFactor-2-1486744984', 'primeFactorizer', 11, 11, 80, 0, 0, 0, 1812.75, 0),
(180, 'storm-node1.novalocal', 6702, 'primeFactor-2-1486744984', 'primeFactorizer', 10, 10, 40, 0, 0, 0, 0, 0),
(180, 'storm-node1.novalocal', 6702, 'primeFactor-2-1486744984', 'primeFactorizer', 12, 12, 60, 0, 0, 0, 2074.333, 0),
(191, 'storm-node1.novalocal', 6701, 'primeFactor-2-1486744984', 'primeFactorizer', 9, 9, 80, 0, 0, 0, 3, 0),
(191, 'storm-node1.novalocal', 6701, 'primeFactor-2-1486744984', 'primeFactorizer', 11, 11, 80, 0, 0, 0, 1812.75, 0),
(191, 'storm-node1.novalocal', 6702, 'primeFactor-2-1486744984', 'primeFactorizer', 10, 10, 40, 0, 0, 0, 0, 0),
(191, 'storm-node1.novalocal', 6702, 'primeFactor-2-1486744984', 'primeFactorizer', 12, 12, 60, 0, 0, 0, 2074.333, 0),
(201, 'storm-node1.novalocal', 6701, 'primeFactor-2-1486744984', 'primeFactorizer', 9, 9, 80, 0, 0, 0, 3, 0),
(201, 'storm-node1.novalocal', 6701, 'primeFactor-2-1486744984', 'primeFactorizer', 11, 11, 80, 0, 0, 0, 1812.75, 0),
(201, 'storm-node1.novalocal', 6702, 'primeFactor-2-1486744984', 'primeFactorizer', 10, 10, 40, 0, 0, 0, 0, 0),
(201, 'storm-node1.novalocal', 6702, 'primeFactor-2-1486744984', 'primeFactorizer', 12, 12, 60, 0, 0, 0, 2074.333, 0),
(212, 'storm-node1.novalocal', 6701, 'primeFactor-2-1486744984', 'primeFactorizer', 9, 9, 80, 0, 0, 0, 3, 0),
(212, 'storm-node1.novalocal', 6701, 'primeFactor-2-1486744984', 'primeFactorizer', 11, 11, 80, 0, 0, 0, 1812.75, 0),
(212, 'storm-node1.novalocal', 6702, 'primeFactor-2-1486744984', 'primeFactorizer', 10, 10, 40, 0, 0, 0, 0, 0),
(212, 'storm-node1.novalocal', 6702, 'primeFactor-2-1486744984', 'primeFactorizer', 12, 12, 60, 0, 0, 0, 2074.333, 0),
(222, 'storm-node1.novalocal', 6701, 'primeFactor-2-1486744984', 'primeFactorizer', 9, 9, 80, 0, 0, 0, 3, 0),
(222, 'storm-node1.novalocal', 6701, 'primeFactor-2-1486744984', 'primeFactorizer', 11, 11, 80, 0, 0, 0, 1812.75, 0),
(222, 'storm-node1.novalocal', 6702, 'primeFactor-2-1486744984', 'primeFactorizer', 10, 10, 60, 20, 0, 0, 32.667, 0),
(222, 'storm-node1.novalocal', 6702, 'primeFactor-2-1486744984', 'primeFactorizer', 12, 12, 60, 0, 0, 0, 2074.333, 0),
(233, 'storm-node1.novalocal', 6701, 'primeFactor-2-1486744984', 'primeFactorizer', 9, 9, 80, 0, 0, 0, 3, 0),
(233, 'storm-node1.novalocal', 6701, 'primeFactor-2-1486744984', 'primeFactorizer', 11, 11, 80, 0, 0, 0, 1812.75, 0),
(233, 'storm-node1.novalocal', 6702, 'primeFactor-2-1486744984', 'primeFactorizer', 10, 10, 60, 0, 0, 0, 32.667, 0),
(233, 'storm-node1.novalocal', 6702, 'primeFactor-2-1486744984', 'primeFactorizer', 12, 12, 60, 0, 0, 0, 2074.333, 0),
(243, 'storm-node1.novalocal', 6701, 'primeFactor-2-1486744984', 'primeFactorizer', 9, 9, 80, 0, 0, 0, 3, 0),
(243, 'storm-node1.novalocal', 6701, 'primeFactor-2-1486744984', 'primeFactorizer', 11, 11, 80, 0, 0, 0, 1812.75, 0),
(243, 'storm-node1.novalocal', 6702, 'primeFactor-2-1486744984', 'primeFactorizer', 10, 10, 60, 0, 0, 0, 32.667, 0),
(243, 'storm-node1.novalocal', 6702, 'primeFactor-2-1486744984', 'primeFactorizer', 12, 12, 60, 0, 0, 0, 2074.333, 0),
(254, 'storm-node1.novalocal', 6701, 'primeFactor-2-1486744984', 'primeFactorizer', 9, 9, 80, 0, 0, 0, 3, 0),
(254, 'storm-node1.novalocal', 6701, 'primeFactor-2-1486744984', 'primeFactorizer', 11, 11, 80, 0, 0, 0, 1812.75, 0),
(254, 'storm-node1.novalocal', 6702, 'primeFactor-2-1486744984', 'primeFactorizer', 10, 10, 60, 0, 0, 0, 32.667, 0),
(254, 'storm-node1.novalocal', 6702, 'primeFactor-2-1486744984', 'primeFactorizer', 12, 12, 60, 0, 0, 0, 2074.333, 0),
(265, 'storm-node1.novalocal', 6702, 'primeFactor-2-1486744984', 'primeFactorizer', 10, 10, 60, 0, 0, 0, 32.667, 0),
(265, 'storm-node1.novalocal', 6702, 'primeFactor-2-1486744984', 'primeFactorizer', 12, 12, 60, 0, 0, 0, 2074.333, 0),
(275, 'storm-node1.novalocal', 6702, 'primeFactor-2-1486744984', 'primeFactorizer', 10, 10, 60, 0, 0, 0, 32.667, 0),
(275, 'storm-node1.novalocal', 6702, 'primeFactor-2-1486744984', 'primeFactorizer', 12, 12, 60, 0, 0, 0, 2074.333, 0),
(286, 'storm-node1.novalocal', 6700, 'primeFactor-2-1486744984', 'primeFactorizer', 9, 9, 0, 0, 0, 0, 0, 0),
(286, 'storm-node1.novalocal', 6700, 'primeFactor-2-1486744984', 'primeFactorizer', 11, 11, 0, 0, 0, 0, 0, 0),
(286, 'storm-node1.novalocal', 6702, 'primeFactor-2-1486744984', 'primeFactorizer', 10, 10, 60, 0, 0, 0, 32.667, 0),
(286, 'storm-node1.novalocal', 6702, 'primeFactor-2-1486744984', 'primeFactorizer', 12, 12, 60, 0, 0, 0, 2074.333, 0),
(296, 'storm-node1.novalocal', 6700, 'primeFactor-2-1486744984', 'primeFactorizer', 9, 9, 20, 20, 0, 0, 763, 0),
(296, 'storm-node1.novalocal', 6700, 'primeFactor-2-1486744984', 'primeFactorizer', 11, 11, 20, 20, 0, 0, 2, 0),
(296, 'storm-node1.novalocal', 6702, 'primeFactor-2-1486744984', 'primeFactorizer', 10, 10, 60, 0, 0, 0, 32.667, 0),
(296, 'storm-node1.novalocal', 6702, 'primeFactor-2-1486744984', 'primeFactorizer', 12, 12, 60, 0, 0, 0, 2074.333, 0),
(307, 'storm-node1.novalocal', 6700, 'primeFactor-2-1486744984', 'primeFactorizer', 9, 9, 40, 20, 0, 0, 1058.5, 0),
(307, 'storm-node1.novalocal', 6700, 'primeFactor-2-1486744984', 'primeFactorizer', 11, 11, 40, 20, 0, 0, 1, 0),
(307, 'storm-node1.novalocal', 6702, 'primeFactor-2-1486744984', 'primeFactorizer', 10, 10, 60, 0, 0, 0, 32.667, 0),
(307, 'storm-node1.novalocal', 6702, 'primeFactor-2-1486744984', 'primeFactorizer', 12, 12, 60, 0, 0, 0, 2074.333, 0),
(317, 'storm-node1.novalocal', 6700, 'primeFactor-2-1486744984', 'primeFactorizer', 9, 9, 60, 20, 0, 0, 717.333, 0),
(317, 'storm-node1.novalocal', 6700, 'primeFactor-2-1486744984', 'primeFactorizer', 11, 11, 40, 0, 0, 0, 1, 0),
(317, 'storm-node1.novalocal', 6702, 'primeFactor-2-1486744984', 'primeFactorizer', 10, 10, 60, 0, 0, 0, 32.667, 0),
(317, 'storm-node1.novalocal', 6702, 'primeFactor-2-1486744984', 'primeFactorizer', 12, 12, 60, 0, 0, 0, 2074.333, 0),
(328, 'storm-node1.novalocal', 6700, 'primeFactor-2-1486744984', 'primeFactorizer', 9, 9, 80, 20, 0, 0, 540, 0),
(328, 'storm-node1.novalocal', 6700, 'primeFactor-2-1486744984', 'primeFactorizer', 11, 11, 40, 0, 0, 0, 1, 0),
(328, 'storm-node1.novalocal', 6702, 'primeFactor-2-1486744984', 'primeFactorizer', 10, 10, 60, 0, 0, 0, 32.667, 0),
(328, 'storm-node1.novalocal', 6702, 'primeFactor-2-1486744984', 'primeFactorizer', 12, 12, 60, 0, 0, 0, 2074.333, 0),
(338, 'storm-node1.novalocal', 6700, 'primeFactor-2-1486744984', 'primeFactorizer', 9, 9, 100, 20, 0, 0, 432.2, 0),
(338, 'storm-node1.novalocal', 6700, 'primeFactor-2-1486744984', 'primeFactorizer', 11, 11, 60, 20, 0, 0, 1, 0),
(338, 'storm-node1.novalocal', 6702, 'primeFactor-2-1486744984', 'primeFactorizer', 10, 10, 60, 0, 0, 0, 32.667, 0),
(338, 'storm-node1.novalocal', 6702, 'primeFactor-2-1486744984', 'primeFactorizer', 12, 12, 60, 0, 0, 0, 2074.333, 0),
(349, 'storm-node1.novalocal', 6700, 'primeFactor-2-1486744984', 'primeFactorizer', 9, 9, 100, 0, 0, 0, 432.2, 0),
(349, 'storm-node1.novalocal', 6700, 'primeFactor-2-1486744984', 'primeFactorizer', 11, 11, 60, 0, 0, 0, 1, 0),
(349, 'storm-node1.novalocal', 6702, 'primeFactor-2-1486744984', 'primeFactorizer', 10, 10, 60, 0, 0, 0, 32.667, 0),
(349, 'storm-node1.novalocal', 6702, 'primeFactor-2-1486744984', 'primeFactorizer', 12, 12, 60, 0, 0, 0, 2074.333, 0),
(359, 'storm-node1.novalocal', 6700, 'primeFactor-2-1486744984', 'primeFactorizer', 9, 9, 100, 0, 0, 0, 432.2, 0),
(359, 'storm-node1.novalocal', 6700, 'primeFactor-2-1486744984', 'primeFactorizer', 11, 11, 80, 20, 0, 0, 1.25, 0),
(359, 'storm-node1.novalocal', 6702, 'primeFactor-2-1486744984', 'primeFactorizer', 10, 10, 60, 0, 0, 0, 32.667, 0),
(359, 'storm-node1.novalocal', 6702, 'primeFactor-2-1486744984', 'primeFactorizer', 12, 12, 60, 0, 0, 0, 2074.333, 0),
(370, 'storm-node1.novalocal', 6700, 'primeFactor-2-1486744984', 'primeFactorizer', 9, 9, 120, 20, 0, 0, 360.333, 0),
(370, 'storm-node1.novalocal', 6700, 'primeFactor-2-1486744984', 'primeFactorizer', 11, 11, 80, 0, 0, 0, 1.25, 0),
(370, 'storm-node1.novalocal', 6702, 'primeFactor-2-1486744984', 'primeFactorizer', 10, 10, 60, 0, 0, 0, 32.667, 0),
(370, 'storm-node1.novalocal', 6702, 'primeFactor-2-1486744984', 'primeFactorizer', 12, 12, 60, 0, 0, 0, 2074.333, 0),
(380, 'storm-node1.novalocal', 6700, 'primeFactor-2-1486744984', 'primeFactorizer', 9, 9, 140, 20, 0, 0, 308.857, 0),
(380, 'storm-node1.novalocal', 6700, 'primeFactor-2-1486744984', 'primeFactorizer', 11, 11, 100, 20, 0, 0, 8.8, 0),
(380, 'storm-node1.novalocal', 6702, 'primeFactor-2-1486744984', 'primeFactorizer', 10, 10, 60, 0, 0, 0, 32.667, 0),
(380, 'storm-node1.novalocal', 6702, 'primeFactor-2-1486744984', 'primeFactorizer', 12, 12, 60, 0, 0, 0, 2074.333, 0),
(391, 'storm-node1.novalocal', 6700, 'primeFactor-2-1486744984', 'primeFactorizer', 9, 9, 140, 0, 0, 0, 308.857, 0),
(391, 'storm-node1.novalocal', 6700, 'primeFactor-2-1486744984', 'primeFactorizer', 11, 11, 100, 0, 0, 0, 8.8, 0),
(391, 'storm-node1.novalocal', 6702, 'primeFactor-2-1486744984', 'primeFactorizer', 10, 10, 60, 0, 0, 0, 32.667, 0),
(391, 'storm-node1.novalocal', 6702, 'primeFactor-2-1486744984', 'primeFactorizer', 12, 12, 60, 0, 0, 0, 2074.333, 0),
(401, 'storm-node1.novalocal', 6700, 'primeFactor-2-1486744984', 'primeFactorizer', 9, 9, 160, 20, 0, 0, 276, 0),
(401, 'storm-node1.novalocal', 6700, 'primeFactor-2-1486744984', 'primeFactorizer', 11, 11, 100, 0, 0, 0, 8.8, 0),
(401, 'storm-node1.novalocal', 6702, 'primeFactor-2-1486744984', 'primeFactorizer', 10, 10, 60, 0, 0, 0, 32.667, 0),
(401, 'storm-node1.novalocal', 6702, 'primeFactor-2-1486744984', 'primeFactorizer', 12, 12, 60, 0, 0, 0, 2074.333, 0),
(412, 'storm-node1.novalocal', 6700, 'primeFactor-2-1486744984', 'primeFactorizer', 9, 9, 160, 0, 0, 0, 276, 0),
(412, 'storm-node1.novalocal', 6700, 'primeFactor-2-1486744984', 'primeFactorizer', 11, 11, 100, 0, 0, 0, 8.8, 0),
(412, 'storm-node1.novalocal', 6702, 'primeFactor-2-1486744984', 'primeFactorizer', 10, 10, 60, 0, 0, 0, 32.667, 0),
(412, 'storm-node1.novalocal', 6702, 'primeFactor-2-1486744984', 'primeFactorizer', 12, 12, 60, 0, 0, 0, 2074.333, 0),
(423, 'storm-node1.novalocal', 6700, 'primeFactor-2-1486744984', 'primeFactorizer', 9, 9, 160, 0, 0, 0, 276, 0),
(423, 'storm-node1.novalocal', 6700, 'primeFactor-2-1486744984', 'primeFactorizer', 11, 11, 120, 20, 0, 0, 7.667, 0),
(423, 'storm-node1.novalocal', 6702, 'primeFactor-2-1486744984', 'primeFactorizer', 10, 10, 60, 0, 0, 0, 32.667, 0),
(423, 'storm-node1.novalocal', 6702, 'primeFactor-2-1486744984', 'primeFactorizer', 12, 12, 60, 0, 0, 0, 2074.333, 0),
(433, 'storm-node1.novalocal', 6700, 'primeFactor-2-1486744984', 'primeFactorizer', 9, 9, 180, 20, 0, 0, 261.222, 0),
(433, 'storm-node1.novalocal', 6700, 'primeFactor-2-1486744984', 'primeFactorizer', 11, 11, 140, 20, 0, 0, 6.571, 0),
(433, 'storm-node1.novalocal', 6702, 'primeFactor-2-1486744984', 'primeFactorizer', 10, 10, 60, 0, 0, 0, 32.667, 0),
(433, 'storm-node1.novalocal', 6702, 'primeFactor-2-1486744984', 'primeFactorizer', 12, 12, 60, 0, 0, 0, 2074.333, 0),
(444, 'storm-node1.novalocal', 6700, 'primeFactor-2-1486744984', 'primeFactorizer', 9, 9, 180, 0, 0, 0, 261.222, 0),
(444, 'storm-node1.novalocal', 6700, 'primeFactor-2-1486744984', 'primeFactorizer', 11, 11, 140, 0, 0, 0, 6.571, 0),
(444, 'storm-node1.novalocal', 6702, 'primeFactor-2-1486744984', 'primeFactorizer', 10, 10, 60, 0, 0, 0, 32.667, 0),
(444, 'storm-node1.novalocal', 6702, 'primeFactor-2-1486744984', 'primeFactorizer', 12, 12, 60, 0, 0, 0, 2074.333, 0),
(454, 'storm-node1.novalocal', 6700, 'primeFactor-2-1486744984', 'primeFactorizer', 9, 9, 200, 20, 0, 0, 238.9, 0),
(454, 'storm-node1.novalocal', 6700, 'primeFactor-2-1486744984', 'primeFactorizer', 11, 11, 140, 0, 0, 0, 6.571, 0),
(454, 'storm-node1.novalocal', 6702, 'primeFactor-2-1486744984', 'primeFactorizer', 10, 10, 60, 0, 0, 0, 32.667, 0),
(454, 'storm-node1.novalocal', 6702, 'primeFactor-2-1486744984', 'primeFactorizer', 12, 12, 60, 0, 0, 0, 2074.333, 0),
(465, 'storm-node1.novalocal', 6700, 'primeFactor-2-1486744984', 'primeFactorizer', 9, 9, 200, 0, 0, 0, 238.9, 0),
(465, 'storm-node1.novalocal', 6700, 'primeFactor-2-1486744984', 'primeFactorizer', 11, 11, 180, 40, 0, 0, 209.667, 0),
(465, 'storm-node1.novalocal', 6702, 'primeFactor-2-1486744984', 'primeFactorizer', 10, 10, 60, 0, 0, 0, 32.667, 0),
(465, 'storm-node1.novalocal', 6702, 'primeFactor-2-1486744984', 'primeFactorizer', 12, 12, 60, 0, 0, 0, 2074.333, 0),
(475, 'storm-node1.novalocal', 6700, 'primeFactor-2-1486744984', 'primeFactorizer', 9, 9, 200, 0, 0, 0, 238.9, 0),
(475, 'storm-node1.novalocal', 6700, 'primeFactor-2-1486744984', 'primeFactorizer', 11, 11, 200, 20, 0, 0, 188.7, 0),
(475, 'storm-node1.novalocal', 6702, 'primeFactor-2-1486744984', 'primeFactorizer', 10, 10, 60, 0, 0, 0, 32.667, 0),
(475, 'storm-node1.novalocal', 6702, 'primeFactor-2-1486744984', 'primeFactorizer', 12, 12, 60, 0, 0, 0, 2074.333, 0);

--
-- Dumping data for table `all_time_spouts_stats`
--

INSERT INTO `all_time_spouts_stats` (`timestamp`, `host`, `port`, `topology`, `component`, `start_task`, `end_task`, `total_outputs`, `update_outputs`, `total_throughput`, `update_throughput`, `total_losses`, `update_losses`, `complete_ms_avg`) VALUES
(21, 'storm-node1.novalocal', 6702, 'primeFactor-2-1486744984', 'valGenerator', 13, 13, 13400, 13400, 100, 100, 0, 0, 2836.6),
(32, 'storm-node1.novalocal', 6702, 'primeFactor-2-1486744984', 'valGenerator', 13, 13, 94660, 81260, 140, 40, 0, 0, 5895.286),
(42, 'storm-node1.novalocal', 6702, 'primeFactor-2-1486744984', 'valGenerator', 13, 13, 243060, 148400, 160, 20, 0, 0, 7620.125),
(53, 'storm-node1.novalocal', 6702, 'primeFactor-2-1486744984', 'valGenerator', 13, 13, 417220, 174160, 160, 0, 0, 0, 7620.125),
(63, 'storm-node1.novalocal', 6702, 'primeFactor-2-1486744984', 'valGenerator', 13, 13, 531740, 114520, 160, 0, 0, 0, 7620.125),
(74, 'storm-node1.novalocal', 6702, 'primeFactor-2-1486744984', 'valGenerator', 13, 13, 814680, 282940, 180, 20, 0, 0, 12551.889),
(84, 'storm-node1.novalocal', 6702, 'primeFactor-2-1486744984', 'valGenerator', 13, 13, 971500, 156820, 180, 0, 299180, 299180, 12551.889),
(95, 'storm-node1.novalocal', 6702, 'primeFactor-2-1486744984', 'valGenerator', 13, 13, 1136800, 165300, 180, 0, 299180, 0, 12551.889),
(106, 'storm-node1.novalocal', 6702, 'primeFactor-2-1486744984', 'valGenerator', 13, 13, 1209320, 72520, 180, 0, 299180, 0, 12551.889),
(116, 'storm-node1.novalocal', 6702, 'primeFactor-2-1486744984', 'valGenerator', 13, 13, 1445480, 236160, 180, 0, 818100, 518920, 12551.889),
(127, 'storm-node1.novalocal', 6702, 'primeFactor-2-1486744984', 'valGenerator', 13, 13, 1558320, 112840, 180, 0, 818100, 0, 12551.889),
(138, 'storm-node1.novalocal', 6702, 'primeFactor-2-1486744984', 'valGenerator', 13, 13, 1602980, 44660, 180, 0, 818100, 0, 12551.889),
(148, 'storm-node1.novalocal', 6702, 'primeFactor-2-1486744984', 'valGenerator', 13, 13, 1806640, 203660, 180, 0, 1210400, 392300, 12551.889),
(159, 'storm-node1.novalocal', 6702, 'primeFactor-2-1486744984', 'valGenerator', 13, 13, 1862360, 55720, 180, 0, 1210400, 0, 12551.889),
(170, 'storm-node1.novalocal', 6702, 'primeFactor-2-1486744984', 'valGenerator', 13, 13, 1893480, 31120, 180, 0, 1210400, 0, 12551.889),
(180, 'storm-node1.novalocal', 6702, 'primeFactor-2-1486744984', 'valGenerator', 13, 13, 1939640, 46160, 180, 0, 1603620, 393220, 12551.889),
(191, 'storm-node1.novalocal', 6702, 'primeFactor-2-1486744984', 'valGenerator', 13, 13, 2004460, 64820, 180, 0, 1603620, 0, 12551.889),
(201, 'storm-node1.novalocal', 6702, 'primeFactor-2-1486744984', 'valGenerator', 13, 13, 2063640, 59180, 180, 0, 1896120, 292500, 12551.889),
(212, 'storm-node1.novalocal', 6702, 'primeFactor-2-1486744984', 'valGenerator', 13, 13, 2198280, 134640, 180, 0, 1896120, 0, 12551.889),
(222, 'storm-node1.novalocal', 6702, 'primeFactor-2-1486744984', 'valGenerator', 13, 13, 2227460, 29180, 180, 0, 1896120, 0, 12551.889),
(233, 'storm-node1.novalocal', 6702, 'primeFactor-2-1486744984', 'valGenerator', 13, 13, 2268660, 41200, 180, 0, 1896120, 0, 12551.889),
(243, 'storm-node1.novalocal', 6702, 'primeFactor-2-1486744984', 'valGenerator', 13, 13, 2331440, 62780, 180, 0, 2044720, 148600, 12551.889),
(254, 'storm-node1.novalocal', 6702, 'primeFactor-2-1486744984', 'valGenerator', 13, 13, 2371560, 40120, 180, 0, 2044720, 0, 12551.889),
(265, 'storm-node1.novalocal', 6702, 'primeFactor-2-1486744984', 'valGenerator', 13, 13, 2383740, 12180, 180, 0, 2044720, 0, 12551.889),
(275, 'storm-node1.novalocal', 6702, 'primeFactor-2-1486744984', 'valGenerator', 13, 13, 2443880, 60140, 180, 0, 2271540, 226820, 12551.889),
(286, 'storm-node1.novalocal', 6702, 'primeFactor-2-1486744984', 'valGenerator', 13, 13, 2489220, 45340, 180, 0, 2271540, 0, 12551.889),
(296, 'storm-node1.novalocal', 6702, 'primeFactor-2-1486744984', 'valGenerator', 13, 13, 2507540, 18320, 200, 20, 2271540, 0, 12101),
(307, 'storm-node1.novalocal', 6702, 'primeFactor-2-1486744984', 'valGenerator', 13, 13, 2530640, 23100, 200, 0, 2387380, 115840, 12101),
(317, 'storm-node1.novalocal', 6702, 'primeFactor-2-1486744984', 'valGenerator', 13, 13, 2569740, 39100, 260, 60, 2387380, 0, 15315.692),
(328, 'storm-node1.novalocal', 6702, 'primeFactor-2-1486744984', 'valGenerator', 13, 13, 2589020, 19280, 300, 40, 2387380, 0, 17497.933),
(338, 'storm-node1.novalocal', 6702, 'primeFactor-2-1486744984', 'valGenerator', 13, 13, 2604180, 15160, 320, 20, 2512960, 125580, 18812.125),
(349, 'storm-node1.novalocal', 6702, 'primeFactor-2-1486744984', 'valGenerator', 13, 13, 2638060, 33880, 320, 0, 2512960, 0, 18812.125),
(359, 'storm-node1.novalocal', 6702, 'primeFactor-2-1486744984', 'valGenerator', 13, 13, 2660760, 22700, 320, 0, 2512960, 0, 18812.125),
(370, 'storm-node1.novalocal', 6702, 'primeFactor-2-1486744984', 'valGenerator', 13, 13, 2675480, 14720, 320, 0, 2600620, 87660, 18812.125),
(380, 'storm-node1.novalocal', 6702, 'primeFactor-2-1486744984', 'valGenerator', 13, 13, 2712020, 36540, 320, 0, 2600620, 0, 18812.125),
(391, 'storm-node1.novalocal', 6702, 'primeFactor-2-1486744984', 'valGenerator', 13, 13, 2726860, 14840, 320, 0, 2600620, 0, 18812.125),
(401, 'storm-node1.novalocal', 6702, 'primeFactor-2-1486744984', 'valGenerator', 13, 13, 2732480, 5620, 320, 0, 2672600, 71980, 18812.125),
(412, 'storm-node1.novalocal', 6702, 'primeFactor-2-1486744984', 'valGenerator', 13, 13, 2759780, 27300, 320, 0, 2672600, 0, 18812.125),
(423, 'storm-node1.novalocal', 6702, 'primeFactor-2-1486744984', 'valGenerator', 13, 13, 2772460, 12680, 320, 0, 2672600, 0, 18812.125),
(433, 'storm-node1.novalocal', 6702, 'primeFactor-2-1486744984', 'valGenerator', 13, 13, 2780320, 7860, 320, 0, 2729920, 57320, 18812.125),
(444, 'storm-node1.novalocal', 6702, 'primeFactor-2-1486744984', 'valGenerator', 13, 13, 2795520, 15200, 320, 0, 2729920, 0, 18812.125),
(454, 'storm-node1.novalocal', 6702, 'primeFactor-2-1486744984', 'valGenerator', 13, 13, 2805020, 9500, 320, 0, 2729920, 0, 18812.125),
(465, 'storm-node1.novalocal', 6702, 'primeFactor-2-1486744984', 'valGenerator', 13, 13, 2812700, 7680, 320, 0, 2779940, 50020, 18812.125),
(475, 'storm-node1.novalocal', 6702, 'primeFactor-2-1486744984', 'valGenerator', 13, 13, 2826860, 14160, 320, 0, 2779940, 0, 18812.125);

--
-- Dumping data for table `operators_activity`
--

INSERT INTO `operators_activity` (`timestamp`, `topology`, `component`, `activity_level`, `remaining_tuples`, `capacity_per_second`, `estimated_load`) VALUES
(21, 'primeFactor', 'primeFactorizer', -1, 13300, 32000, 0),
(32, 'primeFactor', 'primeFactorizer', -1, 94540, 16001.33411156508, 1783069.0909090908),
(42, 'primeFactor', 'primeFactorizer', -1, 242920, 10669.270145832073, 2233518.670694864),
(53, 'primeFactor', 'primeFactorizer', -1, 417080, 8003.23816296557, 2209113.202846975),
(63, 'primeFactor', 'primeFactorizer', 5.509885069301949, 531600, 6403.618973245668, 1585392.274211099),
(74, 'primeFactor', 'primeFactorizer', 9.706553827020308, 814500, 5337.626997782117, 2294097.825751735),
(84, 'primeFactor', 'primeFactorizer', 7916.451326179575, 958020, 5.571517859510286, 1688378.9968652038),
(95, 'primeFactor', 'primeFactorizer', 5969.286346395501, 1042080, 6.404667415210267, 1251797.6252891286),
(106, 'primeFactor', 'primeFactorizer', 3939.5307345446818, 966180, 6.141059562828656, 485393.573425981),
(116, 'primeFactor', 'primeFactorizer', 5783.800644480128, 1028180, 5.877451710447045, 1011460.5394470667),
(127, 'primeFactor', 'primeFactorizer', 3998.7646817404943, 1026500, 5.613843858065433, 320406.43290627096),
(138, 'primeFactor', 'primeFactorizer', 3368.627426748101, 788220, 5.021494244215907, 226712.5940594059),
(148, 'primeFactor', 'primeFactorizer', 6153.169181923439, 835060, 4.429144630366381, 800136.5745111261),
(159, 'primeFactor', 'primeFactorizer', 5133.368134576984, 725480, 3.8367950165168545, 456260.8766014836),
(170, 'primeFactor', 'primeFactorizer', 2946.414692845125, 684120, 3.9288709380985676, 10444.983498349844),
(180, 'primeFactor', 'primeFactorizer', 2244.209587623436, 494120, 4.02094685968028, 47310.84962912998),
(191, 'primeFactor', 'primeFactorizer', 2093.1656020653095, 446100, 4.113022781261994, 70454.26837491573),
(201, 'primeFactor', 'primeFactorizer', 1904.8782376361448, 460660, 4.113022781261994, 9428.455215659691),
(212, 'primeFactor', 'primeFactorizer', 5194.504886735576, 391640, 4.113022781261994, 890267.0161912106),
(222, 'primeFactor', 'primeFactorizer', 4000.392870872602, 365080, 4.107314196077472, 620772.2257053291),
(233, 'primeFactor', 'primeFactorizer', 2841.77910113713, 375160, 4.101605610892951, 324191.4263685428),
(243, 'primeFactor', 'primeFactorizer', 2513.0636034451213, 391780, 4.09589702570843, 225814.98432601884),
(254, 'primeFactor', 'primeFactorizer', 1823.542549448528, 367080, 4.090188440523909, 80437.95939347212),
(265, 'primeFactor', 'primeFactorizer', 1321.281008981195, 320080, 4.0374959076874095, 0),
(275, 'primeFactor', 'primeFactorizer', 2223.4957896678397, 245580, 3.9848033748509106, 286031.611598112),
(286, 'primeFactor', 'primeFactorizer', 1838.0147940201862, 261760, 4.570630691239432, 242293.20971004717),
(296, 'primeFactor', 'primeFactorizer', 1099.9728385917479, 238840, 4.819340586325043, 79228.6246928226),
(307, 'primeFactor', 'primeFactorizer', 1055.1481277381142, 199120, 4.981694961452924, 116265.56669236702),
(317, 'primeFactor', 'primeFactorizer', 1242.0875209261237, 198080, 5.245741295754022, 192860.18808777432),
(328, 'primeFactor', 'primeFactorizer', 667.5872402684518, 205160, 5.619979377131447, 19949.591364687716),
(338, 'primeFactor', 'primeFactorizer', 534.3114435417748, 160140, 6.036954219171833, 33396.82340647861),
(349, 'primeFactor', 'primeFactorizer', 949.7306450502668, 148680, 5.82111779717172, 183029.63762528915),
(359, 'primeFactor', 'primeFactorizer', 797.6748820698243, 153080, 5.942295489372815, 131321.19122257055),
(370, 'primeFactor', 'primeFactorizer', 530.1810955302607, 144720, 6.180387752499031, 51883.484965304524),
(380, 'primeFactor', 'primeFactorizer', 942.1749978490087, 142140, 6.336358124919759, 216057.49216300933),
(391, 'primeFactor', 'primeFactorizer', 708.8763407953152, 137720, 6.429120697916136, 135727.0932922128),
(401, 'primeFactor', 'primeFactorizer', 356.1459807463122, 128200, 6.494255014390089, 10574.169278996851),
(412, 'primeFactor', 'primeFactorizer', 551.5526587222046, 121620, 6.559389330864043, 95450.91750192756),
(423, 'primeFactor', 'primeFactorizer', 441.7325708755035, 111600, 6.625155344566285, 63992.81416829085),
(433, 'primeFactor', 'primeFactorizer', 278.1454075467917, 104720, 6.66781838218956, 6557.383681726264),
(444, 'primeFactor', 'primeFactorizer', 402.80527878846436, 83420, 6.690911351345108, 78288.06473364802),
(454, 'primeFactor', 'primeFactorizer', 336.58233037584756, 78060, 6.7246592798605525, 57744.089483942036),
(465, 'primeFactor', 'primeFactorizer', 211.12083996167334, 80100, 6.65321244522834, 4177.907992803957),
(475, 'primeFactor', 'primeFactorizer', 342.36093560660055, 66940, 6.5903975488577755, 68437.6802507837);

--
-- Dumping data for table `topologies_status`
--

INSERT INTO `topologies_status` (`timestamp`, `topology`, `status`) VALUES
(0, 'primeFactor-2-1486744984', 'ACTIVE'),
(11, 'primeFactor-2-1486744984', 'ACTIVE'),
(21, 'primeFactor-2-1486744984', 'ACTIVE'),
(32, 'primeFactor-2-1486744984', 'ACTIVE'),
(42, 'primeFactor-2-1486744984', 'ACTIVE'),
(53, 'primeFactor-2-1486744984', 'ACTIVE'),
(63, 'primeFactor-2-1486744984', 'ACTIVE'),
(74, 'primeFactor-2-1486744984', 'ACTIVE'),
(84, 'primeFactor-2-1486744984', 'ACTIVE'),
(95, 'primeFactor-2-1486744984', 'ACTIVE'),
(106, 'primeFactor-2-1486744984', 'ACTIVE'),
(116, 'primeFactor-2-1486744984', 'ACTIVE'),
(127, 'primeFactor-2-1486744984', 'ACTIVE'),
(138, 'primeFactor-2-1486744984', 'ACTIVE'),
(148, 'primeFactor-2-1486744984', 'ACTIVE'),
(159, 'primeFactor-2-1486744984', 'ACTIVE'),
(170, 'primeFactor-2-1486744984', 'ACTIVE'),
(180, 'primeFactor-2-1486744984', 'ACTIVE'),
(191, 'primeFactor-2-1486744984', 'ACTIVE'),
(201, 'primeFactor-2-1486744984', 'ACTIVE'),
(212, 'primeFactor-2-1486744984', 'ACTIVE'),
(222, 'primeFactor-2-1486744984', 'ACTIVE'),
(233, 'primeFactor-2-1486744984', 'ACTIVE'),
(243, 'primeFactor-2-1486744984', 'ACTIVE'),
(254, 'primeFactor-2-1486744984', 'ACTIVE'),
(265, 'primeFactor-2-1486744984', 'ACTIVE'),
(275, 'primeFactor-2-1486744984', 'ACTIVE'),
(286, 'primeFactor-2-1486744984', 'ACTIVE'),
(296, 'primeFactor-2-1486744984', 'ACTIVE'),
(307, 'primeFactor-2-1486744984', 'ACTIVE'),
(317, 'primeFactor-2-1486744984', 'ACTIVE'),
(328, 'primeFactor-2-1486744984', 'ACTIVE'),
(338, 'primeFactor-2-1486744984', 'ACTIVE'),
(349, 'primeFactor-2-1486744984', 'ACTIVE'),
(359, 'primeFactor-2-1486744984', 'ACTIVE'),
(370, 'primeFactor-2-1486744984', 'ACTIVE'),
(380, 'primeFactor-2-1486744984', 'ACTIVE'),
(391, 'primeFactor-2-1486744984', 'ACTIVE'),
(401, 'primeFactor-2-1486744984', 'ACTIVE'),
(412, 'primeFactor-2-1486744984', 'ACTIVE'),
(423, 'primeFactor-2-1486744984', 'ACTIVE'),
(433, 'primeFactor-2-1486744984', 'ACTIVE'),
(444, 'primeFactor-2-1486744984', 'ACTIVE'),
(454, 'primeFactor-2-1486744984', 'ACTIVE'),
(465, 'primeFactor-2-1486744984', 'ACTIVE'),
(475, 'primeFactor-2-1486744984', 'ACTIVE');

/*!40101 SET CHARACTER_SET_CLIENT=@OLD_CHARACTER_SET_CLIENT */;
/*!40101 SET CHARACTER_SET_RESULTS=@OLD_CHARACTER_SET_RESULTS */;
/*!40101 SET COLLATION_CONNECTION=@OLD_COLLATION_CONNECTION */;
