timestamp;actions
1;addressProjection@1.0:
772;addressProjection@1.0:
261;addressProjection@1.0:
1029;addressProjection@1.0:
1285;addressProjection@1.0:
522;addressProjection@1.0:
12;addressProjection@1.0:
1295;addressProjection@1.0:
272;addressProjection@1.0:
784;addressProjection@1.0:
1040;addressProjection@1.0:
534;addressProjection@1.0:
24;addressProjection@1.0:
1306;addressProjection@1.0:
795;addressProjection@1.0:
1051;addressProjection@1.0:
284;addressProjection@1.0:
545;addressProjection@1.0:
35;addressProjection@1.0:
1317;addressProjection@1.0:
1062;addressProjection@1.0:
807;addressProjection@1.0:
296;addressProjection@1.0:
557;addressProjection@1.0:
46;addressProjection@1.0:
818;addressProjection@1.0:
1074;addressProjection@1.0:
308;addressProjection@1.0:
57;addressProjection@1.0:
569;addressProjection@1.0:
829;addressProjection@1.0:
1085;addressProjection@1.0:
320;addressProjection@1.0:
69;addressProjection@1.0:
581;addressProjection@1.0:
840;addressProjection@1.0:
1096;addressProjection@1.0:
331;addressProjection@1.0:
80;addressProjection@1.0:
593;addressProjection@1.0:
851;addressProjection@1.0:
1107;addressProjection@1.0:
343;addressProjection@1.0:
91;addressProjection@1.0:
605;addressProjection@1.0:
1118;addressProjection@1.0:
863;addressProjection@1.0:
356;addressProjection@1.0:
103;addressProjection@1.0:
617;addressProjection@1.0:
1129;addressProjection@1.0:
874;addressProjection@1.0:
368;addressProjection@1.0:
114;addressProjection@1.0:
1140;addressProjection@1.0:
629;addressProjection@1.0:
885;addressProjection@1.0:
380;addressProjection@1.0:
125;addressProjection@1.0:
1151;addressProjection@1.0:
896;addressProjection@1.0:
641;addressProjection@1.0:
136;addressProjection@1.0:
392;addressProjection@1.0:
1162;addressProjection@1.0:
907;addressProjection@1.0:
653;addressProjection@1.0:
403;addressProjection@1.0:
148;addressProjection@1.0:
1173;addressProjection@1.0:
918;addressProjection@1.0:
665;addressProjection@1.0:
159;addressProjection@1.0:
415;addressProjection@1.0:
929;addressProjection@1.0:
1185;addressProjection@1.0:
677;addressProjection@1.0:
170;addressProjection@1.0:
427;addressProjection@1.0:
940;addressProjection@1.0:
1196;addressProjection@1.0:
689;addressProjection@1.0:
181;addressProjection@1.0:
439;addressProjection@1.0:
951;addressProjection@1.0:
1207;addressProjection@1.0:
701;addressProjection@1.0:
193;addressProjection@1.0:
1218;addressProjection@1.0:
451;addressProjection@1.0:
963;addressProjection@1.0:
713;addressProjection@1.0:
204;addressProjection@1.0:
1229;addressProjection@1.0:
462;addressProjection@1.0:
974;addressProjection@1.0:
725;addressProjection@1.0:
215;addressProjection@1.0:
1240;addressProjection@1.0:
985;addressProjection@1.0:
474;addressProjection@1.0:
737;addressProjection@1.0:
227;addressProjection@1.0:
1251;addressProjection@1.0:
996;addressProjection@1.0:
486;addressProjection@1.0:
749;addressProjection@1.0:
238;addressProjection@1.0:
1262;addressProjection@1.0:
1007;addressProjection@1.0:
498;addressProjection@1.0:
761;addressProjection@1.0:
1273;addressProjection@1.0:
250;addressProjection@1.0:
1018;addressProjection@1.0:
510;addressProjection@1.0:
1;campaignProcessor@2.0:
772;campaignProcessor@2.0:
261;campaignProcessor@2.0:
1029;campaignProcessor@2.0:
1285;campaignProcessor@2.0:
522;campaignProcessor@2.0:
12;campaignProcessor@2.0:
1295;campaignProcessor@2.0:
272;campaignProcessor@2.0:
784;campaignProcessor@2.0:
1040;campaignProcessor@2.0:
534;campaignProcessor@2.0:
24;campaignProcessor@2.0:
1306;campaignProcessor@2.0:
795;campaignProcessor@2.0:
1051;campaignProcessor@2.0:
284;campaignProcessor@2.0:
545;campaignProcessor@2.0:
35;campaignProcessor@2.0:
1317;campaignProcessor@2.0:
1062;campaignProcessor@2.0:
807;campaignProcessor@2.0:
296;campaignProcessor@2.0:
557;campaignProcessor@2.0:
46;campaignProcessor@2.0:
818;campaignProcessor@2.0:
1074;campaignProcessor@2.0:
308;campaignProcessor@2.0:
57;campaignProcessor@2.0:
569;campaignProcessor@2.0:
829;campaignProcessor@2.0:
1085;campaignProcessor@2.0:
320;campaignProcessor@2.0:
69;campaignProcessor@2.0:
581;campaignProcessor@2.0:
840;campaignProcessor@2.0:
1096;campaignProcessor@2.0:
331;campaignProcessor@2.0:
80;campaignProcessor@2.0:
593;campaignProcessor@2.0:
851;campaignProcessor@2.0:
1107;campaignProcessor@2.0:
343;campaignProcessor@2.0:
91;campaignProcessor@2.0:
605;campaignProcessor@2.0:
1118;campaignProcessor@2.0:
863;campaignProcessor@2.0:
356;campaignProcessor@2.0:
103;campaignProcessor@2.0:
617;campaignProcessor@2.0:
1129;campaignProcessor@2.0:
874;campaignProcessor@2.0:
368;campaignProcessor@2.0:
114;campaignProcessor@2.0:
1140;campaignProcessor@2.0:
629;campaignProcessor@2.0:
885;campaignProcessor@2.0:
380;campaignProcessor@2.0:
125;campaignProcessor@2.0:
1151;campaignProcessor@2.0:
896;campaignProcessor@2.0:
641;campaignProcessor@2.0:
136;campaignProcessor@2.0:
392;campaignProcessor@2.0:
1162;campaignProcessor@2.0:
907;campaignProcessor@2.0:
653;campaignProcessor@2.0:
403;campaignProcessor@2.0:
148;campaignProcessor@2.0:
1173;campaignProcessor@2.0:
918;campaignProcessor@2.0:
665;campaignProcessor@2.0:
159;campaignProcessor@2.0:
415;campaignProcessor@2.0:
929;campaignProcessor@2.0:
1185;campaignProcessor@2.0:
677;campaignProcessor@2.0:
170;campaignProcessor@2.0:
427;campaignProcessor@2.0:
940;campaignProcessor@2.0:
1196;campaignProcessor@2.0:
689;campaignProcessor@2.0:
181;campaignProcessor@2.0:
439;campaignProcessor@2.0:
951;campaignProcessor@2.0:
1207;campaignProcessor@2.0:
701;campaignProcessor@2.0:
193;campaignProcessor@2.0:
1218;campaignProcessor@2.0:
451;campaignProcessor@2.0:
963;campaignProcessor@2.0:
713;campaignProcessor@2.0:
204;campaignProcessor@2.0:
1229;campaignProcessor@2.0:
462;campaignProcessor@2.0:
974;campaignProcessor@2.0:
725;campaignProcessor@2.0:
215;campaignProcessor@2.0:
1240;campaignProcessor@2.0:
985;campaignProcessor@2.0:
474;campaignProcessor@2.0:
737;campaignProcessor@2.0:
227;campaignProcessor@2.0:
1251;campaignProcessor@2.0:
996;campaignProcessor@2.0:
486;campaignProcessor@2.0:
749;campaignProcessor@2.0:
238;campaignProcessor@2.0:
1262;campaignProcessor@2.0:
1007;campaignProcessor@2.0:
498;campaignProcessor@2.0:
761;campaignProcessor@2.0:
1273;campaignProcessor@2.0:
250;campaignProcessor@2.0:
1018;campaignProcessor@2.0:
510;campaignProcessor@2.0:
1;eventProjection@1.0:
772;eventProjection@1.0:
261;eventProjection@1.0:
1029;eventProjection@1.0:
1285;eventProjection@1.0:
522;eventProjection@1.0:
12;eventProjection@1.0:
1295;eventProjection@1.0:
272;eventProjection@1.0:
784;eventProjection@1.0:
1040;eventProjection@1.0:
534;eventProjection@1.0:
24;eventProjection@1.0:
1306;eventProjection@1.0:
795;eventProjection@1.0:
1051;eventProjection@1.0:
284;eventProjection@1.0:
545;eventProjection@1.0:
35;eventProjection@1.0:
1317;eventProjection@1.0:
1062;eventProjection@1.0:
807;eventProjection@1.0:
296;eventProjection@1.0:
557;eventProjection@1.0:
46;eventProjection@1.0:
818;eventProjection@1.0:
1074;eventProjection@1.0:
308;eventProjection@1.0:
57;eventProjection@1.0:
569;eventProjection@1.0:
829;eventProjection@1.0:
1085;eventProjection@1.0:
320;eventProjection@1.0:
69;eventProjection@1.0:
581;eventProjection@1.0:
840;eventProjection@1.0:
1096;eventProjection@1.0:
331;eventProjection@1.0:
80;eventProjection@1.0:
593;eventProjection@1.0:
851;eventProjection@1.0:
1107;eventProjection@1.0:
343;eventProjection@1.0:
91;eventProjection@1.0:
605;eventProjection@1.0:
1118;eventProjection@1.0:
863;eventProjection@1.0:
356;eventProjection@1.0:
103;eventProjection@1.0:
617;eventProjection@1.0:
1129;eventProjection@1.0:
874;eventProjection@1.0:
368;eventProjection@1.0:
114;eventProjection@1.0:
1140;eventProjection@1.0:
629;eventProjection@1.0:
885;eventProjection@1.0:
380;eventProjection@1.0:
125;eventProjection@1.0:
1151;eventProjection@1.0:
896;eventProjection@1.0:
641;eventProjection@1.0:
136;eventProjection@1.0:
392;eventProjection@1.0:
1162;eventProjection@1.0:
907;eventProjection@1.0:
653;eventProjection@1.0:
403;eventProjection@1.0:
148;eventProjection@1.0:
1173;eventProjection@1.0:
918;eventProjection@1.0:
665;eventProjection@1.0:
159;eventProjection@1.0:
415;eventProjection@1.0:
929;eventProjection@1.0:
1185;eventProjection@1.0:
677;eventProjection@1.0:
170;eventProjection@1.0:
427;eventProjection@1.0:
940;eventProjection@1.0:
1196;eventProjection@1.0:
689;eventProjection@1.0:
181;eventProjection@1.0:
439;eventProjection@1.0:
951;eventProjection@1.0:
1207;eventProjection@1.0:
701;eventProjection@1.0:
193;eventProjection@1.0:
1218;eventProjection@1.0:
451;eventProjection@1.0:
963;eventProjection@1.0:
713;eventProjection@1.0:
204;eventProjection@1.0:
1229;eventProjection@1.0:
462;eventProjection@1.0:
974;eventProjection@1.0:
725;eventProjection@1.0:
215;eventProjection@1.0:
1240;eventProjection@1.0:
985;eventProjection@1.0:
474;eventProjection@1.0:
737;eventProjection@1.0:
227;eventProjection@1.0:
1251;eventProjection@1.0:
996;eventProjection@1.0:
486;eventProjection@1.0:
749;eventProjection@1.0:
238;eventProjection@1.0:
1262;eventProjection@1.0:
1007;eventProjection@1.0:
498;eventProjection@1.0:
761;eventProjection@1.0:
1273;eventProjection@1.0:
250;eventProjection@1.0:
1018;eventProjection@1.0:
510;eventProjection@1.0:
1;eventFilter@1.0:
772;eventFilter@1.0:
261;eventFilter@1.0:
1029;eventFilter@1.0:
1285;eventFilter@1.0:
522;eventFilter@1.0:
12;eventFilter@1.0:
1295;eventFilter@1.0:
272;eventFilter@1.0:
784;eventFilter@1.0:
1040;eventFilter@1.0:
534;eventFilter@1.0:
24;eventFilter@1.0:
1306;eventFilter@1.0:
795;eventFilter@1.0:
1051;eventFilter@1.0:
284;eventFilter@1.0:
545;eventFilter@1.0:
35;eventFilter@1.0:
1317;eventFilter@1.0:
1062;eventFilter@1.0:
807;eventFilter@1.0:
296;eventFilter@1.0:
557;eventFilter@1.0:
46;eventFilter@1.0:
818;eventFilter@1.0:
1074;eventFilter@1.0:
308;eventFilter@1.0:
57;eventFilter@1.0:
569;eventFilter@1.0:
829;eventFilter@1.0:
1085;eventFilter@1.0:
320;eventFilter@1.0:
69;eventFilter@1.0:
581;eventFilter@1.0:
840;eventFilter@1.0:
1096;eventFilter@1.0:
331;eventFilter@1.0:
80;eventFilter@1.0:
593;eventFilter@1.0:
851;eventFilter@1.0:
1107;eventFilter@1.0:
343;eventFilter@1.0:
91;eventFilter@1.0:
605;eventFilter@1.0:
1118;eventFilter@1.0:
863;eventFilter@1.0:
356;eventFilter@1.0:
103;eventFilter@1.0:
617;eventFilter@1.0:
1129;eventFilter@1.0:
874;eventFilter@1.0:
368;eventFilter@1.0:
114;eventFilter@1.0:
1140;eventFilter@1.0:
629;eventFilter@1.0:
885;eventFilter@1.0:
380;eventFilter@1.0:
125;eventFilter@1.0:
1151;eventFilter@1.0:
896;eventFilter@1.0:
641;eventFilter@1.0:
136;eventFilter@1.0:
392;eventFilter@1.0:
1162;eventFilter@1.0:
907;eventFilter@1.0:
653;eventFilter@1.0:
403;eventFilter@1.0:
148;eventFilter@1.0:
1173;eventFilter@1.0:
918;eventFilter@1.0:
665;eventFilter@1.0:
159;eventFilter@1.0:
415;eventFilter@1.0:
929;eventFilter@1.0:
1185;eventFilter@1.0:
677;eventFilter@1.0:
170;eventFilter@1.0:
427;eventFilter@1.0:
940;eventFilter@1.0:
1196;eventFilter@1.0:
689;eventFilter@1.0:
181;eventFilter@1.0:
439;eventFilter@1.0:
951;eventFilter@1.0:
1207;eventFilter@1.0:
701;eventFilter@1.0:
193;eventFilter@1.0:
1218;eventFilter@1.0:
451;eventFilter@1.0:
963;eventFilter@1.0:
713;eventFilter@1.0:
204;eventFilter@1.0:
1229;eventFilter@1.0:
462;eventFilter@1.0:
974;eventFilter@1.0:
725;eventFilter@1.0:
215;eventFilter@1.0:
1240;eventFilter@1.0:
985;eventFilter@1.0:
474;eventFilter@1.0:
737;eventFilter@1.0:
227;eventFilter@1.0:
1251;eventFilter@1.0:
996;eventFilter@1.0:
486;eventFilter@1.0:
749;eventFilter@1.0:
238;eventFilter@1.0:
1262;eventFilter@1.0:
1007;eventFilter@1.0:
498;eventFilter@1.0:
761;eventFilter@1.0:
1273;eventFilter@1.0:
250;eventFilter@1.0:
1018;eventFilter@1.0:
510;eventFilter@1.0:
1;ipProcessor@2.0:
772;ipProcessor@2.0:
261;ipProcessor@2.0:
1029;ipProcessor@2.0:
1285;ipProcessor@2.0:
522;ipProcessor@2.0:
12;ipProcessor@2.0:
1295;ipProcessor@2.0:
272;ipProcessor@2.0:
784;ipProcessor@2.0:
1040;ipProcessor@2.0:
534;ipProcessor@2.0:
24;ipProcessor@2.0:
1306;ipProcessor@2.0:
795;ipProcessor@2.0:
1051;ipProcessor@2.0:
284;ipProcessor@2.0:
545;ipProcessor@2.0:
35;ipProcessor@2.0:
1317;ipProcessor@2.0:
1062;ipProcessor@2.0:
807;ipProcessor@2.0:
296;ipProcessor@2.0:
557;ipProcessor@2.0:
46;ipProcessor@2.0:
818;ipProcessor@2.0:
1074;ipProcessor@2.0:
308;ipProcessor@2.0:
57;ipProcessor@2.0:
569;ipProcessor@2.0:
829;ipProcessor@2.0:
1085;ipProcessor@2.0:
320;ipProcessor@2.0:
69;ipProcessor@2.0:
581;ipProcessor@2.0:
840;ipProcessor@2.0:
1096;ipProcessor@2.0:
331;ipProcessor@2.0:
80;ipProcessor@2.0:
593;ipProcessor@2.0:
851;ipProcessor@2.0:
1107;ipProcessor@2.0:
343;ipProcessor@2.0:
91;ipProcessor@2.0:
605;ipProcessor@2.0:
1118;ipProcessor@2.0:
863;ipProcessor@2.0:
356;ipProcessor@2.0:
103;ipProcessor@2.0:
617;ipProcessor@2.0:
1129;ipProcessor@2.0:
874;ipProcessor@2.0:
368;ipProcessor@2.0:
114;ipProcessor@2.0:
1140;ipProcessor@2.0:
629;ipProcessor@2.0:
885;ipProcessor@2.0:
380;ipProcessor@2.0:
125;ipProcessor@2.0:
1151;ipProcessor@2.0:
896;ipProcessor@2.0:
641;ipProcessor@2.0:
136;ipProcessor@2.0:
392;ipProcessor@2.0:
1162;ipProcessor@2.0:
907;ipProcessor@2.0:
653;ipProcessor@2.0:
403;ipProcessor@2.0:
148;ipProcessor@2.0:
1173;ipProcessor@2.0:
918;ipProcessor@2.0:
665;ipProcessor@2.0:
159;ipProcessor@2.0:
415;ipProcessor@2.0:
929;ipProcessor@2.0:
1185;ipProcessor@2.0:
677;ipProcessor@2.0:
170;ipProcessor@2.0:
427;ipProcessor@2.0:
940;ipProcessor@2.0:
1196;ipProcessor@2.0:
689;ipProcessor@2.0:
181;ipProcessor@2.0:
439;ipProcessor@2.0:
951;ipProcessor@2.0:
1207;ipProcessor@2.0:
701;ipProcessor@2.0:
193;ipProcessor@2.0:
1218;ipProcessor@2.0:
451;ipProcessor@2.0:
963;ipProcessor@2.0:
713;ipProcessor@2.0:
204;ipProcessor@2.0:
1229;ipProcessor@2.0:
462;ipProcessor@2.0:
974;ipProcessor@2.0:
725;ipProcessor@2.0:
215;ipProcessor@2.0:
1240;ipProcessor@2.0:
985;ipProcessor@2.0:
474;ipProcessor@2.0:
737;ipProcessor@2.0:
227;ipProcessor@2.0:
1251;ipProcessor@2.0:
996;ipProcessor@2.0:
486;ipProcessor@2.0:
749;ipProcessor@2.0:
238;ipProcessor@2.0:
1262;ipProcessor@2.0:
1007;ipProcessor@2.0:
498;ipProcessor@2.0:
761;ipProcessor@2.0:
1273;ipProcessor@2.0:
250;ipProcessor@2.0:
1018;ipProcessor@2.0:
510;ipProcessor@2.0:
1;deserialize@1.0:
772;deserialize@1.0:
261;deserialize@1.0:
1029;deserialize@1.0:
1285;deserialize@1.0:
522;deserialize@1.0:
12;deserialize@1.0:
1295;deserialize@1.0:
272;deserialize@1.0:
784;deserialize@1.0:
1040;deserialize@1.0:
534;deserialize@1.0:
24;deserialize@1.0:
1306;deserialize@1.0:
795;deserialize@1.0:
1051;deserialize@1.0:
284;deserialize@1.0:
545;deserialize@1.0:
35;deserialize@1.0:
1317;deserialize@1.0:
1062;deserialize@1.0:
807;deserialize@1.0:
296;deserialize@1.0:
557;deserialize@1.0:
46;deserialize@1.0:
818;deserialize@1.0:
1074;deserialize@1.0:
308;deserialize@1.0:
57;deserialize@1.0:
569;deserialize@1.0:
829;deserialize@1.0:
1085;deserialize@1.0:
320;deserialize@1.0:
69;deserialize@1.0:
581;deserialize@1.0:
840;deserialize@1.0:
1096;deserialize@1.0:
331;deserialize@1.0:
80;deserialize@1.0:
593;deserialize@1.0:
851;deserialize@1.0:
1107;deserialize@1.0:
343;deserialize@1.0:
91;deserialize@1.0:
605;deserialize@1.0:
1118;deserialize@1.0:
863;deserialize@1.0:
356;deserialize@1.0:
103;deserialize@1.0:
617;deserialize@1.0:
1129;deserialize@1.0:
874;deserialize@1.0:
368;deserialize@1.0:
114;deserialize@1.0:
1140;deserialize@1.0:
629;deserialize@1.0:
885;deserialize@1.0:
380;deserialize@1.0:
125;deserialize@1.0:
1151;deserialize@1.0:
896;deserialize@1.0:
641;deserialize@1.0:
136;deserialize@1.0:
392;deserialize@1.0:
1162;deserialize@1.0:
907;deserialize@1.0:
653;deserialize@1.0:
403;deserialize@1.0:
148;deserialize@1.0:
1173;deserialize@1.0:
918;deserialize@1.0:
665;deserialize@1.0:
159;deserialize@1.0:
415;deserialize@1.0:
929;deserialize@1.0:
1185;deserialize@1.0:
677;deserialize@1.0:
170;deserialize@1.0:
427;deserialize@1.0:
940;deserialize@1.0:
1196;deserialize@1.0:
689;deserialize@1.0:
181;deserialize@1.0:
439;deserialize@1.0:
951;deserialize@1.0:
1207;deserialize@1.0:
701;deserialize@1.0:
193;deserialize@1.0:
1218;deserialize@1.0:
451;deserialize@1.0:
963;deserialize@1.0:
713;deserialize@1.0:
204;deserialize@1.0:
1229;deserialize@1.0:
462;deserialize@1.0:
974;deserialize@1.0:
725;deserialize@1.0:
215;deserialize@1.0:
1240;deserialize@1.0:
985;deserialize@1.0:
474;deserialize@1.0:
737;deserialize@1.0:
227;deserialize@1.0:
1251;deserialize@1.0:
996;deserialize@1.0:
486;deserialize@1.0:
749;deserialize@1.0:
238;deserialize@1.0:
1262;deserialize@1.0:
1007;deserialize@1.0:
498;deserialize@1.0:
761;deserialize@1.0:
1273;deserialize@1.0:
250;deserialize@1.0:
1018;deserialize@1.0:
510;deserialize@1.0:
1;campaignJoin@2.0:
772;campaignJoin@2.0:
261;campaignJoin@2.0:
1029;campaignJoin@2.0:
1285;campaignJoin@2.0:
522;campaignJoin@2.0:
12;campaignJoin@2.0:
1295;campaignJoin@2.0:
272;campaignJoin@2.0:
784;campaignJoin@2.0:
1040;campaignJoin@2.0:
534;campaignJoin@2.0:
24;campaignJoin@2.0:
1306;campaignJoin@2.0:
795;campaignJoin@2.0:
1051;campaignJoin@2.0:
284;campaignJoin@2.0:
545;campaignJoin@2.0:
35;campaignJoin@2.0:
1317;campaignJoin@2.0:
1062;campaignJoin@2.0:
807;campaignJoin@2.0:
296;campaignJoin@2.0:
557;campaignJoin@2.0:
46;campaignJoin@2.0:
818;campaignJoin@2.0:
1074;campaignJoin@2.0:
308;campaignJoin@2.0:
57;campaignJoin@2.0:
569;campaignJoin@2.0:
829;campaignJoin@2.0:
1085;campaignJoin@2.0:
320;campaignJoin@2.0:
69;campaignJoin@2.0:
581;campaignJoin@2.0:
840;campaignJoin@2.0:
1096;campaignJoin@2.0:
331;campaignJoin@2.0:
80;campaignJoin@2.0:
593;campaignJoin@2.0:
851;campaignJoin@2.0:
1107;campaignJoin@2.0:
343;campaignJoin@2.0:
91;campaignJoin@2.0:
605;campaignJoin@2.0:
1118;campaignJoin@2.0:
863;campaignJoin@2.0:
356;campaignJoin@2.0:
103;campaignJoin@2.0:
617;campaignJoin@2.0:
1129;campaignJoin@2.0:
874;campaignJoin@2.0:
368;campaignJoin@2.0:
114;campaignJoin@2.0:
1140;campaignJoin@2.0:
629;campaignJoin@2.0:
885;campaignJoin@2.0:
380;campaignJoin@2.0:
125;campaignJoin@2.0:
1151;campaignJoin@2.0:
896;campaignJoin@2.0:
641;campaignJoin@2.0:
136;campaignJoin@2.0:
392;campaignJoin@2.0:
1162;campaignJoin@2.0:
907;campaignJoin@2.0:
653;campaignJoin@2.0:
403;campaignJoin@2.0:
148;campaignJoin@2.0:
1173;campaignJoin@2.0:
918;campaignJoin@2.0:
665;campaignJoin@2.0:
159;campaignJoin@2.0:
415;campaignJoin@2.0:
929;campaignJoin@2.0:
1185;campaignJoin@2.0:
677;campaignJoin@2.0:
170;campaignJoin@2.0:
427;campaignJoin@2.0:
940;campaignJoin@2.0:
1196;campaignJoin@2.0:
689;campaignJoin@2.0:
181;campaignJoin@2.0:
439;campaignJoin@2.0:
951;campaignJoin@2.0:
1207;campaignJoin@2.0:
701;campaignJoin@2.0:
193;campaignJoin@2.0:
1218;campaignJoin@2.0:
451;campaignJoin@2.0:
963;campaignJoin@2.0:
713;campaignJoin@2.0:
204;campaignJoin@2.0:
1229;campaignJoin@2.0:
462;campaignJoin@2.0:
974;campaignJoin@2.0:
725;campaignJoin@2.0:
215;campaignJoin@2.0:
1240;campaignJoin@2.0:
985;campaignJoin@2.0:
474;campaignJoin@2.0:
737;campaignJoin@2.0:
227;campaignJoin@2.0:
1251;campaignJoin@2.0:
996;campaignJoin@2.0:
486;campaignJoin@2.0:
749;campaignJoin@2.0:
238;campaignJoin@2.0:
1262;campaignJoin@2.0:
1007;campaignJoin@2.0:
498;campaignJoin@2.0:
761;campaignJoin@2.0:
1273;campaignJoin@2.0:
250;campaignJoin@2.0:
1018;campaignJoin@2.0:
510;campaignJoin@2.0:
