timestamp;actions
768;intermediateVilleurbanne@1.0:
1;intermediateVilleurbanne@1.0:
1282;intermediateVilleurbanne@1.0:
1027;intermediateVilleurbanne@1.0:
260;intermediateVilleurbanne@1.0:
521;intermediateVilleurbanne@1.0:
1546;intermediateVilleurbanne@1.0:
779;intermediateVilleurbanne@1.0:
12;intermediateVilleurbanne@1.0:
1292;intermediateVilleurbanne@1.0:
1037;intermediateVilleurbanne@1.0:
270;intermediateVilleurbanne@1.0:
532;intermediateVilleurbanne@1.0:
1557;intermediateVilleurbanne@1.0:
23;intermediateVilleurbanne@1.0:
1303;intermediateVilleurbanne@1.0:
1048;intermediateVilleurbanne@1.0:
281;intermediateVilleurbanne@1.0:
543;intermediateVilleurbanne@1.0:
1567;intermediateVilleurbanne@1.0:
1313;intermediateVilleurbanne@1.0:
34;intermediateVilleurbanne@1.0:
1059;intermediateVilleurbanne@1.0:
554;intermediateVilleurbanne@1.0:
1578;intermediateVilleurbanne@1.0:
811;intermediateVilleurbanne@1.0:
1324;intermediateVilleurbanne@1.0:
45;intermediateVilleurbanne@1.0:
1070;intermediateVilleurbanne@1.0:
821;intermediateVilleurbanne@1.0:
566;intermediateVilleurbanne@1.0:
1335;intermediateVilleurbanne@1.0:
56;intermediateVilleurbanne@1.0:
313;intermediateVilleurbanne@1.0:
832;intermediateVilleurbanne@1.0:
577;intermediateVilleurbanne@1.0:
1345;intermediateVilleurbanne@1.0:
67;intermediateVilleurbanne@1.0:
323;intermediateVilleurbanne@1.0:
588;intermediateVilleurbanne@1.0:
844;intermediateVilleurbanne@1.0:
1356;intermediateVilleurbanne@1.0:
1101;intermediateVilleurbanne@1.0:
78;intermediateVilleurbanne@1.0:
334;intermediateVilleurbanne@1.0:
599;intermediateVilleurbanne@1.0:
855;intermediateVilleurbanne@1.0:
1367;intermediateVilleurbanne@1.0:
1112;intermediateVilleurbanne@1.0:
345;intermediateVilleurbanne@1.0:
1377;intermediateVilleurbanne@1.0:
610;intermediateVilleurbanne@1.0:
866;intermediateVilleurbanne@1.0:
1122;intermediateVilleurbanne@1.0:
356;intermediateVilleurbanne@1.0:
1388;intermediateVilleurbanne@1.0:
621;intermediateVilleurbanne@1.0:
877;intermediateVilleurbanne@1.0:
1133;intermediateVilleurbanne@1.0:
110;intermediateVilleurbanne@1.0:
1398;intermediateVilleurbanne@1.0:
1143;intermediateVilleurbanne@1.0:
121;intermediateVilleurbanne@1.0:
377;intermediateVilleurbanne@1.0:
633;intermediateVilleurbanne@1.0:
1409;intermediateVilleurbanne@1.0:
898;intermediateVilleurbanne@1.0:
1154;intermediateVilleurbanne@1.0:
131;intermediateVilleurbanne@1.0:
388;intermediateVilleurbanne@1.0:
644;intermediateVilleurbanne@1.0:
1419;intermediateVilleurbanne@1.0:
909;intermediateVilleurbanne@1.0:
1165;intermediateVilleurbanne@1.0:
142;intermediateVilleurbanne@1.0:
399;intermediateVilleurbanne@1.0:
655;intermediateVilleurbanne@1.0:
1430;intermediateVilleurbanne@1.0:
152;intermediateVilleurbanne@1.0:
920;intermediateVilleurbanne@1.0:
410;intermediateVilleurbanne@1.0:
1441;intermediateVilleurbanne@1.0:
1186;intermediateVilleurbanne@1.0:
163;intermediateVilleurbanne@1.0:
931;intermediateVilleurbanne@1.0:
421;intermediateVilleurbanne@1.0:
677;intermediateVilleurbanne@1.0:
1451;intermediateVilleurbanne@1.0:
941;intermediateVilleurbanne@1.0:
1197;intermediateVilleurbanne@1.0:
174;intermediateVilleurbanne@1.0:
432;intermediateVilleurbanne@1.0:
688;intermediateVilleurbanne@1.0:
1462;intermediateVilleurbanne@1.0:
1207;intermediateVilleurbanne@1.0:
184;intermediateVilleurbanne@1.0:
700;intermediateVilleurbanne@1.0:
1472;intermediateVilleurbanne@1.0:
1218;intermediateVilleurbanne@1.0:
195;intermediateVilleurbanne@1.0:
711;intermediateVilleurbanne@1.0:
1483;intermediateVilleurbanne@1.0:
973;intermediateVilleurbanne@1.0:
1229;intermediateVilleurbanne@1.0:
206;intermediateVilleurbanne@1.0:
465;intermediateVilleurbanne@1.0:
722;intermediateVilleurbanne@1.0:
1494;intermediateVilleurbanne@1.0:
1239;intermediateVilleurbanne@1.0:
216;intermediateVilleurbanne@1.0:
984;intermediateVilleurbanne@1.0:
476;intermediateVilleurbanne@1.0:
734;intermediateVilleurbanne@1.0:
1505;intermediateVilleurbanne@1.0:
994;intermediateVilleurbanne@1.0:
1250;intermediateVilleurbanne@1.0:
227;intermediateVilleurbanne@1.0:
487;intermediateVilleurbanne@1.0:
745;intermediateVilleurbanne@1.0:
1515;intermediateVilleurbanne@1.0:
1005;intermediateVilleurbanne@1.0:
1261;intermediateVilleurbanne@1.0:
238;intermediateVilleurbanne@1.0:
498;intermediateVilleurbanne@1.0:
756;intermediateVilleurbanne@1.0:
1271;intermediateVilleurbanne@1.0:
1016;intermediateVilleurbanne@1.0:
249;intermediateVilleurbanne@1.0:
509;intermediateVilleurbanne@1.0:
768;sink@5.0:
1;sink@8.0:
1282;sink@2.0:
1027;sink@3.0:
260;sink@2.0:
-9;sink@1.0:
521;sink@3.0:
1546;sink@1.0:
779;sink@5.0:
12;sink@8.0:
1037;sink@3.0:
270;sink@2.0:
532;sink@1.0:
1557;sink@1.0:
23;sink@8.0:
1048;sink@3.0:
281;sink@2.0:
543;sink@4.0:
1567;sink@1.0:
1313;sink@1.0:
34;sink@8.0:
1059;sink@3.0:
554;sink@4.0:
1578;sink@1.0:
811;sink@1.0:
1324;sink@1.0:
45;sink@8.0:
1070;sink@3.0:
821;sink@1.0:
566;sink@4.0:
1335;sink@1.0:
56;sink@8.0:
313;sink@1.0:
832;sink@1.0:
577;sink@4.0:
1345;sink@1.0:
67;sink@8.0:
323;sink@1.0:
588;sink@4.0:
844;sink@1.0:
1356;sink@1.0:
1101;sink@1.0:
78;sink@8.0:
334;sink@1.0:
599;sink@4.0:
855;sink@1.0:
1367;sink@1.0:
1112;sink@1.0:
345;sink@1.0:
1377;sink@1.0:
610;sink@4.0:
866;sink@1.0:
1122;sink@1.0:
356;sink@1.0:
1388;sink@1.0:
621;sink@4.0:
877;sink@1.0:
1133;sink@1.0:
110;sink@1.0:
1398;sink@1.0:
1143;sink@1.0:
121;sink@1.0:
377;sink@2.0:
633;sink@4.0:
1409;sink@1.0:
898;sink@2.0:
1154;sink@1.0:
131;sink@1.0:
388;sink@2.0:
644;sink@4.0:
1419;sink@1.0:
909;sink@2.0:
1165;sink@1.0:
142;sink@1.0:
399;sink@2.0:
655;sink@4.0:
1430;sink@1.0:
152;sink@1.0:
920;sink@2.0:
410;sink@2.0:
666;sink@1.0:
1441;sink@1.0:
1186;sink@2.0:
163;sink@1.0:
931;sink@2.0:
421;sink@2.0:
677;sink@5.0:
1451;sink@1.0:
941;sink@2.0:
1197;sink@2.0:
174;sink@1.0:
432;sink@2.0:
688;sink@5.0:
1207;sink@2.0:
184;sink@1.0:
700;sink@5.0:
1472;sink@2.0:
1218;sink@2.0:
963;sink@2.0:
454;sink@2.0:
711;sink@5.0:
1483;sink@2.0:
973;sink@3.0:
1229;sink@2.0:
206;sink@2.0:
465;sink@3.0:
722;sink@5.0:
1494;sink@2.0:
1239;sink@2.0:
216;sink@2.0:
984;sink@3.0:
476;sink@3.0:
734;sink@5.0:
1505;sink@2.0:
994;sink@3.0:
1250;sink@2.0:
227;sink@2.0:
487;sink@3.0:
745;sink@5.0:
1515;sink@2.0:
1005;sink@3.0:
1261;sink@2.0:
238;sink@2.0:
498;sink@3.0:
756;sink@5.0:
1271;sink@2.0:
1016;sink@3.0:
249;sink@2.0:
509;sink@3.0:
768;intermediateVaulx@1.0:
1;intermediateVaulx@1.0:
1282;intermediateVaulx@1.0:
1027;intermediateVaulx@1.0:
260;intermediateVaulx@1.0:
521;intermediateVaulx@1.0:
1546;intermediateVaulx@1.0:
779;intermediateVaulx@1.0:
12;intermediateVaulx@1.0:
1292;intermediateVaulx@1.0:
1037;intermediateVaulx@1.0:
270;intermediateVaulx@1.0:
532;intermediateVaulx@1.0:
1557;intermediateVaulx@1.0:
23;intermediateVaulx@1.0:
1303;intermediateVaulx@1.0:
1048;intermediateVaulx@1.0:
281;intermediateVaulx@1.0:
543;intermediateVaulx@1.0:
1567;intermediateVaulx@1.0:
1313;intermediateVaulx@1.0:
34;intermediateVaulx@1.0:
1059;intermediateVaulx@1.0:
554;intermediateVaulx@1.0:
1578;intermediateVaulx@1.0:
811;intermediateVaulx@1.0:
1324;intermediateVaulx@1.0:
45;intermediateVaulx@1.0:
1070;intermediateVaulx@1.0:
821;intermediateVaulx@1.0:
566;intermediateVaulx@1.0:
1335;intermediateVaulx@1.0:
56;intermediateVaulx@1.0:
313;intermediateVaulx@1.0:
832;intermediateVaulx@1.0:
577;intermediateVaulx@1.0:
1345;intermediateVaulx@1.0:
67;intermediateVaulx@1.0:
323;intermediateVaulx@1.0:
588;intermediateVaulx@1.0:
844;intermediateVaulx@1.0:
1356;intermediateVaulx@1.0:
1101;intermediateVaulx@1.0:
78;intermediateVaulx@1.0:
334;intermediateVaulx@1.0:
599;intermediateVaulx@1.0:
855;intermediateVaulx@1.0:
1367;intermediateVaulx@1.0:
1112;intermediateVaulx@1.0:
345;intermediateVaulx@1.0:
1377;intermediateVaulx@1.0:
610;intermediateVaulx@1.0:
866;intermediateVaulx@1.0:
1122;intermediateVaulx@1.0:
356;intermediateVaulx@1.0:
1388;intermediateVaulx@1.0:
621;intermediateVaulx@1.0:
877;intermediateVaulx@1.0:
1133;intermediateVaulx@1.0:
110;intermediateVaulx@1.0:
1398;intermediateVaulx@1.0:
1143;intermediateVaulx@1.0:
121;intermediateVaulx@1.0:
377;intermediateVaulx@1.0:
633;intermediateVaulx@1.0:
1409;intermediateVaulx@1.0:
898;intermediateVaulx@1.0:
1154;intermediateVaulx@1.0:
131;intermediateVaulx@1.0:
388;intermediateVaulx@1.0:
644;intermediateVaulx@1.0:
1419;intermediateVaulx@1.0:
909;intermediateVaulx@1.0:
1165;intermediateVaulx@1.0:
142;intermediateVaulx@1.0:
399;intermediateVaulx@1.0:
655;intermediateVaulx@1.0:
1430;intermediateVaulx@1.0:
152;intermediateVaulx@1.0:
920;intermediateVaulx@1.0:
410;intermediateVaulx@1.0:
1441;intermediateVaulx@1.0:
1186;intermediateVaulx@1.0:
163;intermediateVaulx@1.0:
931;intermediateVaulx@1.0:
421;intermediateVaulx@1.0:
677;intermediateVaulx@1.0:
1451;intermediateVaulx@1.0:
941;intermediateVaulx@1.0:
1197;intermediateVaulx@1.0:
174;intermediateVaulx@1.0:
432;intermediateVaulx@1.0:
688;intermediateVaulx@1.0:
1462;intermediateVaulx@1.0:
1207;intermediateVaulx@1.0:
184;intermediateVaulx@1.0:
700;intermediateVaulx@1.0:
1472;intermediateVaulx@1.0:
1218;intermediateVaulx@1.0:
195;intermediateVaulx@1.0:
711;intermediateVaulx@1.0:
1483;intermediateVaulx@1.0:
973;intermediateVaulx@1.0:
1229;intermediateVaulx@1.0:
206;intermediateVaulx@1.0:
465;intermediateVaulx@1.0:
722;intermediateVaulx@1.0:
1494;intermediateVaulx@1.0:
1239;intermediateVaulx@1.0:
216;intermediateVaulx@1.0:
984;intermediateVaulx@1.0:
476;intermediateVaulx@1.0:
734;intermediateVaulx@1.0:
1505;intermediateVaulx@1.0:
994;intermediateVaulx@1.0:
1250;intermediateVaulx@1.0:
227;intermediateVaulx@1.0:
487;intermediateVaulx@1.0:
745;intermediateVaulx@1.0:
1515;intermediateVaulx@1.0:
1005;intermediateVaulx@1.0:
1261;intermediateVaulx@1.0:
238;intermediateVaulx@1.0:
498;intermediateVaulx@1.0:
756;intermediateVaulx@1.0:
1271;intermediateVaulx@1.0:
1016;intermediateVaulx@1.0:
249;intermediateVaulx@1.0:
509;intermediateVaulx@1.0:
768;intermediateLyon@1.0:
1;intermediateLyon@1.0:
1282;intermediateLyon@1.0:
1027;intermediateLyon@1.0:
260;intermediateLyon@1.0:
521;intermediateLyon@1.0:
1546;intermediateLyon@1.0:
779;intermediateLyon@1.0:
12;intermediateLyon@1.0:
1037;intermediateLyon@1.0:
270;intermediateLyon@1.0:
1557;intermediateLyon@1.0:
23;intermediateLyon@1.0:
1048;intermediateLyon@1.0:
281;intermediateLyon@1.0:
543;intermediateLyon@1.0:
1567;intermediateLyon@1.0:
1313;intermediateLyon@1.0:
34;intermediateLyon@1.0:
1059;intermediateLyon@1.0:
554;intermediateLyon@1.0:
1578;intermediateLyon@1.0:
811;intermediateLyon@1.0:
1324;intermediateLyon@1.0:
45;intermediateLyon@1.0:
1070;intermediateLyon@1.0:
821;intermediateLyon@1.0:
566;intermediateLyon@1.0:
1335;intermediateLyon@1.0:
56;intermediateLyon@1.0:
313;intermediateLyon@1.0:
832;intermediateLyon@1.0:
577;intermediateLyon@1.0:
1345;intermediateLyon@1.0:
67;intermediateLyon@1.0:
323;intermediateLyon@1.0:
588;intermediateLyon@1.0:
844;intermediateLyon@1.0:
1356;intermediateLyon@1.0:
1101;intermediateLyon@1.0:
78;intermediateLyon@1.0:
334;intermediateLyon@1.0:
599;intermediateLyon@1.0:
855;intermediateLyon@1.0:
1367;intermediateLyon@1.0:
1112;intermediateLyon@1.0:
345;intermediateLyon@1.0:
1377;intermediateLyon@1.0:
610;intermediateLyon@1.0:
866;intermediateLyon@1.0:
1122;intermediateLyon@1.0:
356;intermediateLyon@1.0:
1388;intermediateLyon@1.0:
621;intermediateLyon@1.0:
877;intermediateLyon@1.0:
1133;intermediateLyon@1.0:
110;intermediateLyon@1.0:
367;intermediateLyon@1.0:
1398;intermediateLyon@1.0:
887;intermediateLyon@1.0:
1143;intermediateLyon@1.0:
121;intermediateLyon@1.0:
377;intermediateLyon@1.0:
633;intermediateLyon@1.0:
1409;intermediateLyon@1.0:
898;intermediateLyon@1.0:
1154;intermediateLyon@1.0:
131;intermediateLyon@1.0:
388;intermediateLyon@1.0:
644;intermediateLyon@1.0:
1419;intermediateLyon@1.0:
909;intermediateLyon@1.0:
1165;intermediateLyon@1.0:
142;intermediateLyon@1.0:
399;intermediateLyon@1.0:
655;intermediateLyon@1.0:
1430;intermediateLyon@1.0:
152;intermediateLyon@1.0:
920;intermediateLyon@1.0:
410;intermediateLyon@1.0:
1441;intermediateLyon@1.0:
1186;intermediateLyon@1.0:
163;intermediateLyon@1.0:
931;intermediateLyon@1.0:
421;intermediateLyon@1.0:
677;intermediateLyon@1.0:
1451;intermediateLyon@1.0:
941;intermediateLyon@1.0:
1197;intermediateLyon@1.0:
174;intermediateLyon@1.0:
432;intermediateLyon@1.0:
688;intermediateLyon@1.0:
1207;intermediateLyon@1.0:
184;intermediateLyon@1.0:
700;intermediateLyon@1.0:
1472;intermediateLyon@1.0:
1218;intermediateLyon@1.0:
711;intermediateLyon@1.0:
1483;intermediateLyon@1.0:
973;intermediateLyon@1.0:
1229;intermediateLyon@1.0:
206;intermediateLyon@1.0:
465;intermediateLyon@1.0:
722;intermediateLyon@1.0:
1494;intermediateLyon@1.0:
1239;intermediateLyon@1.0:
216;intermediateLyon@1.0:
984;intermediateLyon@1.0:
476;intermediateLyon@1.0:
734;intermediateLyon@1.0:
1505;intermediateLyon@1.0:
994;intermediateLyon@1.0:
1250;intermediateLyon@1.0:
227;intermediateLyon@1.0:
487;intermediateLyon@1.0:
745;intermediateLyon@1.0:
1515;intermediateLyon@1.0:
1005;intermediateLyon@1.0:
1261;intermediateLyon@1.0:
238;intermediateLyon@1.0:
498;intermediateLyon@1.0:
756;intermediateLyon@1.0:
1271;intermediateLyon@1.0:
1016;intermediateLyon@1.0:
249;intermediateLyon@1.0:
509;intermediateLyon@1.0:
timestamp;actions
1;intermediateVilleurbanne@1.0:
771;intermediateVilleurbanne@1.0:
518;intermediateVilleurbanne@1.0:
265;intermediateVilleurbanne@1.0:
1033;intermediateVilleurbanne@1.0:
12;intermediateVilleurbanne@1.0:
783;intermediateVilleurbanne@1.0:
530;intermediateVilleurbanne@1.0:
276;intermediateVilleurbanne@1.0:
1044;intermediateVilleurbanne@1.0:
23;intermediateVilleurbanne@1.0:
794;intermediateVilleurbanne@1.0:
542;intermediateVilleurbanne@1.0:
287;intermediateVilleurbanne@1.0:
1055;intermediateVilleurbanne@1.0:
34;intermediateVilleurbanne@1.0:
804;intermediateVilleurbanne@1.0:
298;intermediateVilleurbanne@1.0:
554;intermediateVilleurbanne@1.0:
1066;intermediateVilleurbanne@1.0:
45;intermediateVilleurbanne@1.0:
815;intermediateVilleurbanne@1.0:
309;intermediateVilleurbanne@1.0:
565;intermediateVilleurbanne@1.0:
1077;intermediateVilleurbanne@1.0:
56;intermediateVilleurbanne@1.0:
826;intermediateVilleurbanne@1.0:
320;intermediateVilleurbanne@1.0:
1088;intermediateVilleurbanne@1.0:
577;intermediateVilleurbanne@1.0:
67;intermediateVilleurbanne@1.0:
837;intermediateVilleurbanne@1.0:
1098;intermediateVilleurbanne@1.0:
332;intermediateVilleurbanne@1.0:
588;intermediateVilleurbanne@1.0:
78;intermediateVilleurbanne@1.0:
848;intermediateVilleurbanne@1.0:
1109;intermediateVilleurbanne@1.0:
344;intermediateVilleurbanne@1.0:
600;intermediateVilleurbanne@1.0:
89;intermediateVilleurbanne@1.0:
859;intermediateVilleurbanne@1.0:
1120;intermediateVilleurbanne@1.0:
355;intermediateVilleurbanne@1.0:
100;intermediateVilleurbanne@1.0:
612;intermediateVilleurbanne@1.0:
870;intermediateVilleurbanne@1.0:
1131;intermediateVilleurbanne@1.0:
111;intermediateVilleurbanne@1.0:
367;intermediateVilleurbanne@1.0:
623;intermediateVilleurbanne@1.0:
881;intermediateVilleurbanne@1.0:
1142;intermediateVilleurbanne@1.0:
122;intermediateVilleurbanne@1.0:
379;intermediateVilleurbanne@1.0:
635;intermediateVilleurbanne@1.0:
892;intermediateVilleurbanne@1.0:
1153;intermediateVilleurbanne@1.0:
133;intermediateVilleurbanne@1.0:
646;intermediateVilleurbanne@1.0:
391;intermediateVilleurbanne@1.0:
903;intermediateVilleurbanne@1.0:
1164;intermediateVilleurbanne@1.0:
144;intermediateVilleurbanne@1.0:
913;intermediateVilleurbanne@1.0:
402;intermediateVilleurbanne@1.0:
658;intermediateVilleurbanne@1.0:
1175;intermediateVilleurbanne@1.0:
155;intermediateVilleurbanne@1.0:
924;intermediateVilleurbanne@1.0:
414;intermediateVilleurbanne@1.0:
670;intermediateVilleurbanne@1.0:
1186;intermediateVilleurbanne@1.0:
165;intermediateVilleurbanne@1.0:
935;intermediateVilleurbanne@1.0:
425;intermediateVilleurbanne@1.0:
681;intermediateVilleurbanne@1.0:
1197;intermediateVilleurbanne@1.0:
176;intermediateVilleurbanne@1.0:
946;intermediateVilleurbanne@1.0:
437;intermediateVilleurbanne@1.0:
693;intermediateVilleurbanne@1.0:
1208;intermediateVilleurbanne@1.0:
187;intermediateVilleurbanne@1.0:
957;intermediateVilleurbanne@1.0:
704;intermediateVilleurbanne@1.0:
449;intermediateVilleurbanne@1.0:
1218;intermediateVilleurbanne@1.0:
198;intermediateVilleurbanne@1.0:
968;intermediateVilleurbanne@1.0:
460;intermediateVilleurbanne@1.0:
716;intermediateVilleurbanne@1.0:
1229;intermediateVilleurbanne@1.0:
210;intermediateVilleurbanne@1.0:
978;intermediateVilleurbanne@1.0:
727;intermediateVilleurbanne@1.0:
472;intermediateVilleurbanne@1.0:
1240;intermediateVilleurbanne@1.0:
221;intermediateVilleurbanne@1.0:
989;intermediateVilleurbanne@1.0:
738;intermediateVilleurbanne@1.0:
1251;intermediateVilleurbanne@1.0:
484;intermediateVilleurbanne@1.0:
232;intermediateVilleurbanne@1.0:
1000;intermediateVilleurbanne@1.0:
749;intermediateVilleurbanne@1.0:
1262;intermediateVilleurbanne@1.0:
495;intermediateVilleurbanne@1.0:
242;intermediateVilleurbanne@1.0:
1011;intermediateVilleurbanne@1.0:
760;intermediateVilleurbanne@1.0:
1272;intermediateVilleurbanne@1.0:
507;intermediateVilleurbanne@1.0:
254;intermediateVilleurbanne@1.0:
1022;intermediateVilleurbanne@1.0:
1;sink@8.0:
771;sink@8.0:
518;sink@8.0:
-9;sink@1.0:
265;sink@8.0:
1033;sink@8.0:
12;sink@8.0:
783;sink@8.0:
530;sink@8.0:
276;sink@8.0:
1044;sink@8.0:
23;sink@8.0:
794;sink@8.0:
542;sink@8.0:
287;sink@8.0:
1055;sink@8.0:
34;sink@8.0:
804;sink@8.0:
298;sink@8.0:
554;sink@8.0:
1066;sink@8.0:
45;sink@8.0:
815;sink@8.0:
309;sink@8.0:
565;sink@8.0:
1077;sink@8.0:
56;sink@8.0:
826;sink@8.0:
320;sink@8.0:
1088;sink@8.0:
577;sink@8.0:
67;sink@8.0:
837;sink@8.0:
1098;sink@8.0:
332;sink@8.0:
588;sink@8.0:
78;sink@8.0:
848;sink@8.0:
1109;sink@8.0:
344;sink@8.0:
600;sink@8.0:
89;sink@8.0:
859;sink@8.0:
1120;sink@8.0:
355;sink@8.0:
100;sink@8.0:
612;sink@8.0:
870;sink@8.0:
1131;sink@8.0:
111;sink@8.0:
367;sink@8.0:
623;sink@8.0:
881;sink@8.0:
1142;sink@8.0:
122;sink@8.0:
379;sink@8.0:
635;sink@8.0:
892;sink@8.0:
1153;sink@8.0:
133;sink@8.0:
646;sink@8.0:
391;sink@8.0:
903;sink@8.0:
1164;sink@8.0:
144;sink@8.0:
913;sink@8.0:
402;sink@8.0:
658;sink@8.0:
1175;sink@8.0:
155;sink@8.0:
924;sink@8.0:
414;sink@8.0:
670;sink@8.0:
1186;sink@8.0:
165;sink@8.0:
935;sink@8.0:
425;sink@8.0:
681;sink@8.0:
1197;sink@8.0:
176;sink@8.0:
946;sink@8.0:
437;sink@8.0:
693;sink@8.0:
1208;sink@8.0:
187;sink@8.0:
957;sink@8.0:
704;sink@8.0:
449;sink@8.0:
1218;sink@8.0:
198;sink@8.0:
968;sink@8.0:
460;sink@8.0:
716;sink@8.0:
1229;sink@8.0:
210;sink@8.0:
978;sink@8.0:
727;sink@8.0:
472;sink@8.0:
1240;sink@8.0:
221;sink@8.0:
989;sink@8.0:
738;sink@8.0:
1251;sink@8.0:
484;sink@8.0:
232;sink@8.0:
1000;sink@8.0:
749;sink@8.0:
1262;sink@8.0:
495;sink@8.0:
242;sink@8.0:
1011;sink@8.0:
760;sink@8.0:
1272;sink@8.0:
507;sink@8.0:
254;sink@8.0:
1022;sink@8.0:
1;intermediateVaulx@1.0:
771;intermediateVaulx@1.0:
518;intermediateVaulx@1.0:
265;intermediateVaulx@1.0:
1033;intermediateVaulx@1.0:
12;intermediateVaulx@1.0:
783;intermediateVaulx@1.0:
530;intermediateVaulx@1.0:
276;intermediateVaulx@1.0:
1044;intermediateVaulx@1.0:
23;intermediateVaulx@1.0:
794;intermediateVaulx@1.0:
542;intermediateVaulx@1.0:
287;intermediateVaulx@1.0:
1055;intermediateVaulx@1.0:
34;intermediateVaulx@1.0:
804;intermediateVaulx@1.0:
298;intermediateVaulx@1.0:
554;intermediateVaulx@1.0:
1066;intermediateVaulx@1.0:
45;intermediateVaulx@1.0:
815;intermediateVaulx@1.0:
309;intermediateVaulx@1.0:
565;intermediateVaulx@1.0:
1077;intermediateVaulx@1.0:
56;intermediateVaulx@1.0:
826;intermediateVaulx@1.0:
320;intermediateVaulx@1.0:
1088;intermediateVaulx@1.0:
577;intermediateVaulx@1.0:
67;intermediateVaulx@1.0:
837;intermediateVaulx@1.0:
1098;intermediateVaulx@1.0:
332;intermediateVaulx@1.0:
588;intermediateVaulx@1.0:
78;intermediateVaulx@1.0:
848;intermediateVaulx@1.0:
1109;intermediateVaulx@1.0:
344;intermediateVaulx@1.0:
600;intermediateVaulx@1.0:
89;intermediateVaulx@1.0:
859;intermediateVaulx@1.0:
1120;intermediateVaulx@1.0:
355;intermediateVaulx@1.0:
100;intermediateVaulx@1.0:
612;intermediateVaulx@1.0:
870;intermediateVaulx@1.0:
1131;intermediateVaulx@1.0:
111;intermediateVaulx@1.0:
367;intermediateVaulx@1.0:
623;intermediateVaulx@1.0:
881;intermediateVaulx@1.0:
1142;intermediateVaulx@1.0:
122;intermediateVaulx@1.0:
379;intermediateVaulx@1.0:
635;intermediateVaulx@1.0:
892;intermediateVaulx@1.0:
1153;intermediateVaulx@1.0:
133;intermediateVaulx@1.0:
646;intermediateVaulx@1.0:
391;intermediateVaulx@1.0:
903;intermediateVaulx@1.0:
1164;intermediateVaulx@1.0:
144;intermediateVaulx@1.0:
913;intermediateVaulx@1.0:
402;intermediateVaulx@1.0:
658;intermediateVaulx@1.0:
1175;intermediateVaulx@1.0:
155;intermediateVaulx@1.0:
924;intermediateVaulx@1.0:
414;intermediateVaulx@1.0:
670;intermediateVaulx@1.0:
1186;intermediateVaulx@1.0:
165;intermediateVaulx@1.0:
935;intermediateVaulx@1.0:
425;intermediateVaulx@1.0:
681;intermediateVaulx@1.0:
1197;intermediateVaulx@1.0:
176;intermediateVaulx@1.0:
946;intermediateVaulx@1.0:
437;intermediateVaulx@1.0:
693;intermediateVaulx@1.0:
1208;intermediateVaulx@1.0:
187;intermediateVaulx@1.0:
957;intermediateVaulx@1.0:
704;intermediateVaulx@1.0:
449;intermediateVaulx@1.0:
1218;intermediateVaulx@1.0:
198;intermediateVaulx@1.0:
968;intermediateVaulx@1.0:
460;intermediateVaulx@1.0:
716;intermediateVaulx@1.0:
1229;intermediateVaulx@1.0:
210;intermediateVaulx@1.0:
978;intermediateVaulx@1.0:
727;intermediateVaulx@1.0:
472;intermediateVaulx@1.0:
1240;intermediateVaulx@1.0:
221;intermediateVaulx@1.0:
989;intermediateVaulx@1.0:
738;intermediateVaulx@1.0:
1251;intermediateVaulx@1.0:
484;intermediateVaulx@1.0:
232;intermediateVaulx@1.0:
1000;intermediateVaulx@1.0:
749;intermediateVaulx@1.0:
1262;intermediateVaulx@1.0:
495;intermediateVaulx@1.0:
242;intermediateVaulx@1.0:
1011;intermediateVaulx@1.0:
760;intermediateVaulx@1.0:
1272;intermediateVaulx@1.0:
507;intermediateVaulx@1.0:
254;intermediateVaulx@1.0:
1022;intermediateVaulx@1.0:
1;intermediateLyon@1.0:
771;intermediateLyon@1.0:
518;intermediateLyon@1.0:
265;intermediateLyon@1.0:
1033;intermediateLyon@1.0:
12;intermediateLyon@1.0:
783;intermediateLyon@1.0:
530;intermediateLyon@1.0:
276;intermediateLyon@1.0:
1044;intermediateLyon@1.0:
23;intermediateLyon@1.0:
794;intermediateLyon@1.0:
542;intermediateLyon@1.0:
287;intermediateLyon@1.0:
1055;intermediateLyon@1.0:
34;intermediateLyon@1.0:
804;intermediateLyon@1.0:
298;intermediateLyon@1.0:
554;intermediateLyon@1.0:
1066;intermediateLyon@1.0:
45;intermediateLyon@1.0:
815;intermediateLyon@1.0:
309;intermediateLyon@1.0:
565;intermediateLyon@1.0:
1077;intermediateLyon@1.0:
56;intermediateLyon@1.0:
826;intermediateLyon@1.0:
320;intermediateLyon@1.0:
1088;intermediateLyon@1.0:
577;intermediateLyon@1.0:
67;intermediateLyon@1.0:
837;intermediateLyon@1.0:
1098;intermediateLyon@1.0:
332;intermediateLyon@1.0:
588;intermediateLyon@1.0:
78;intermediateLyon@1.0:
848;intermediateLyon@1.0:
1109;intermediateLyon@1.0:
344;intermediateLyon@1.0:
600;intermediateLyon@1.0:
89;intermediateLyon@1.0:
859;intermediateLyon@1.0:
1120;intermediateLyon@1.0:
355;intermediateLyon@1.0:
100;intermediateLyon@1.0:
612;intermediateLyon@1.0:
870;intermediateLyon@1.0:
1131;intermediateLyon@1.0:
111;intermediateLyon@1.0:
367;intermediateLyon@1.0:
623;intermediateLyon@1.0:
881;intermediateLyon@1.0:
1142;intermediateLyon@1.0:
122;intermediateLyon@1.0:
379;intermediateLyon@1.0:
635;intermediateLyon@1.0:
892;intermediateLyon@1.0:
1153;intermediateLyon@1.0:
133;intermediateLyon@1.0:
646;intermediateLyon@1.0:
391;intermediateLyon@1.0:
903;intermediateLyon@1.0:
1164;intermediateLyon@1.0:
144;intermediateLyon@1.0:
913;intermediateLyon@1.0:
402;intermediateLyon@1.0:
658;intermediateLyon@1.0:
1175;intermediateLyon@1.0:
155;intermediateLyon@1.0:
924;intermediateLyon@1.0:
414;intermediateLyon@1.0:
670;intermediateLyon@1.0:
1186;intermediateLyon@1.0:
165;intermediateLyon@1.0:
935;intermediateLyon@1.0:
425;intermediateLyon@1.0:
681;intermediateLyon@1.0:
1197;intermediateLyon@1.0:
176;intermediateLyon@1.0:
946;intermediateLyon@1.0:
437;intermediateLyon@1.0:
693;intermediateLyon@1.0:
1208;intermediateLyon@1.0:
187;intermediateLyon@1.0:
957;intermediateLyon@1.0:
704;intermediateLyon@1.0:
449;intermediateLyon@1.0:
1218;intermediateLyon@1.0:
198;intermediateLyon@1.0:
968;intermediateLyon@1.0:
460;intermediateLyon@1.0:
716;intermediateLyon@1.0:
1229;intermediateLyon@1.0:
210;intermediateLyon@1.0:
978;intermediateLyon@1.0:
727;intermediateLyon@1.0:
472;intermediateLyon@1.0:
1240;intermediateLyon@1.0:
221;intermediateLyon@1.0:
989;intermediateLyon@1.0:
738;intermediateLyon@1.0:
1251;intermediateLyon@1.0:
484;intermediateLyon@1.0:
232;intermediateLyon@1.0:
1000;intermediateLyon@1.0:
749;intermediateLyon@1.0:
1262;intermediateLyon@1.0:
495;intermediateLyon@1.0:
242;intermediateLyon@1.0:
1011;intermediateLyon@1.0:
760;intermediateLyon@1.0:
1272;intermediateLyon@1.0:
507;intermediateLyon@1.0:
254;intermediateLyon@1.0:
1022;intermediateLyon@1.0:
