timestamp;actions
1024;intermediateVilleurbanne@12.0:
1;intermediateVilleurbanne@10.0:
772;intermediateVilleurbanne@12.0:
1284;intermediateVilleurbanne@12.0:
517;intermediateVilleurbanne@12.0:
1544;intermediateVilleurbanne@12.0:
266;intermediateVilleurbanne@12.0:
1038;intermediateVilleurbanne@12.0:
15;intermediateVilleurbanne@12.0:
785;intermediateVilleurbanne@12.0:
1297;intermediateVilleurbanne@12.0:
1556;intermediateVilleurbanne@12.0:
533;intermediateVilleurbanne@12.0:
280;intermediateVilleurbanne@12.0:
28;intermediateVilleurbanne@12.0:
1053;intermediateVilleurbanne@12.0:
1311;intermediateVilleurbanne@12.0:
800;intermediateVilleurbanne@12.0:
1569;intermediateVilleurbanne@12.0:
549;intermediateVilleurbanne@12.0:
41;intermediateVilleurbanne@12.0:
297;intermediateVilleurbanne@12.0:
1068;intermediateVilleurbanne@12.0:
1324;intermediateVilleurbanne@12.0:
814;intermediateVilleurbanne@12.0:
1582;intermediateVilleurbanne@12.0:
54;intermediateVilleurbanne@12.0:
566;intermediateVilleurbanne@12.0:
1337;intermediateVilleurbanne@12.0:
1082;intermediateVilleurbanne@12.0:
315;intermediateVilleurbanne@12.0:
1595;intermediateVilleurbanne@12.0:
828;intermediateVilleurbanne@12.0:
67;intermediateVilleurbanne@12.0:
582;intermediateVilleurbanne@12.0:
1350;intermediateVilleurbanne@12.0:
1096;intermediateVilleurbanne@12.0:
1608;intermediateVilleurbanne@12.0:
842;intermediateVilleurbanne@12.0:
332;intermediateVilleurbanne@12.0:
80;intermediateVilleurbanne@12.0:
1363;intermediateVilleurbanne@12.0:
1621;intermediateVilleurbanne@12.0:
1110;intermediateVilleurbanne@12.0:
600;intermediateVilleurbanne@12.0:
856;intermediateVilleurbanne@12.0:
93;intermediateVilleurbanne@12.0:
350;intermediateVilleurbanne@12.0:
1376;intermediateVilleurbanne@12.0:
1634;intermediateVilleurbanne@12.0:
1124;intermediateVilleurbanne@12.0:
870;intermediateVilleurbanne@12.0:
106;intermediateVilleurbanne@12.0:
621;intermediateVilleurbanne@12.0:
1389;intermediateVilleurbanne@12.0:
1646;intermediateVilleurbanne@12.0:
367;intermediateVilleurbanne@12.0:
1138;intermediateVilleurbanne@12.0:
884;intermediateVilleurbanne@12.0:
119;intermediateVilleurbanne@12.0:
1402;intermediateVilleurbanne@12.0:
1659;intermediateVilleurbanne@12.0:
383;intermediateVilleurbanne@12.0:
639;intermediateVilleurbanne@12.0:
1151;intermediateVilleurbanne@12.0:
897;intermediateVilleurbanne@12.0:
133;intermediateVilleurbanne@12.0:
1415;intermediateVilleurbanne@12.0:
1671;intermediateVilleurbanne@12.0:
1165;intermediateVilleurbanne@12.0:
911;intermediateVilleurbanne@12.0:
401;intermediateVilleurbanne@12.0:
657;intermediateVilleurbanne@12.0:
147;intermediateVilleurbanne@12.0:
1428;intermediateVilleurbanne@12.0:
1684;intermediateVilleurbanne@12.0:
1179;intermediateVilleurbanne@12.0:
925;intermediateVilleurbanne@12.0:
160;intermediateVilleurbanne@12.0:
1696;intermediateVilleurbanne@12.0:
1441;intermediateVilleurbanne@12.0:
418;intermediateVilleurbanne@12.0:
674;intermediateVilleurbanne@12.0:
1192;intermediateVilleurbanne@12.0:
939;intermediateVilleurbanne@12.0:
1709;intermediateVilleurbanne@12.0:
174;intermediateVilleurbanne@12.0:
1454;intermediateVilleurbanne@12.0:
433;intermediateVilleurbanne@12.0:
690;intermediateVilleurbanne@12.0:
1205;intermediateVilleurbanne@12.0:
954;intermediateVilleurbanne@12.0:
1466;intermediateVilleurbanne@12.0:
187;intermediateVilleurbanne@12.0:
450;intermediateVilleurbanne@12.0:
706;intermediateVilleurbanne@12.0:
1218;intermediateVilleurbanne@12.0:
967;intermediateVilleurbanne@12.0:
1479;intermediateVilleurbanne@12.0:
201;intermediateVilleurbanne@12.0:
1230;intermediateVilleurbanne@12.0:
722;intermediateVilleurbanne@12.0:
467;intermediateVilleurbanne@12.0:
1492;intermediateVilleurbanne@12.0:
981;intermediateVilleurbanne@12.0:
215;intermediateVilleurbanne@12.0:
1243;intermediateVilleurbanne@12.0:
1505;intermediateVilleurbanne@12.0:
738;intermediateVilleurbanne@12.0:
995;intermediateVilleurbanne@12.0:
484;intermediateVilleurbanne@12.0:
1256;intermediateVilleurbanne@12.0:
233;intermediateVilleurbanne@12.0:
1518;intermediateVilleurbanne@12.0:
1010;intermediateVilleurbanne@12.0:
755;intermediateVilleurbanne@12.0:
501;intermediateVilleurbanne@12.0:
1270;intermediateVilleurbanne@12.0:
249;intermediateVilleurbanne@12.0:
1531;intermediateVilleurbanne@12.0:
1024;sink@12.0:
1;sink@12.0:
772;sink@12.0:
1284;sink@12.0:
517;sink@12.0:
1544;sink@12.0:
266;sink@12.0:
1038;sink@12.0:
15;sink@12.0:
785;sink@12.0:
1297;sink@12.0:
1556;sink@12.0:
533;sink@12.0:
280;sink@12.0:
28;sink@12.0:
1053;sink@12.0:
1311;sink@12.0:
800;sink@12.0:
1569;sink@12.0:
549;sink@12.0:
41;sink@12.0:
297;sink@12.0:
1068;sink@12.0:
1324;sink@12.0:
814;sink@12.0:
1582;sink@12.0:
54;sink@12.0:
566;sink@12.0:
1337;sink@12.0:
1082;sink@12.0:
315;sink@12.0:
1595;sink@12.0:
828;sink@12.0:
67;sink@12.0:
582;sink@12.0:
1350;sink@12.0:
1096;sink@12.0:
1608;sink@12.0:
842;sink@12.0:
332;sink@12.0:
80;sink@12.0:
1363;sink@12.0:
1621;sink@12.0:
1110;sink@12.0:
600;sink@12.0:
856;sink@12.0:
93;sink@12.0:
350;sink@12.0:
1376;sink@12.0:
1634;sink@12.0:
1124;sink@12.0:
870;sink@12.0:
106;sink@12.0:
621;sink@12.0:
1389;sink@12.0:
1646;sink@12.0:
367;sink@12.0:
1138;sink@12.0:
884;sink@12.0:
119;sink@12.0:
1402;sink@12.0:
1659;sink@12.0:
383;sink@12.0:
639;sink@12.0:
1151;sink@12.0:
897;sink@12.0:
133;sink@12.0:
1415;sink@12.0:
1671;sink@12.0:
1165;sink@12.0:
911;sink@12.0:
401;sink@12.0:
657;sink@12.0:
147;sink@12.0:
1428;sink@12.0:
1684;sink@12.0:
1179;sink@12.0:
925;sink@12.0:
160;sink@12.0:
1696;sink@12.0:
1441;sink@12.0:
418;sink@12.0:
674;sink@12.0:
1192;sink@12.0:
939;sink@12.0:
1709;sink@12.0:
174;sink@12.0:
1454;sink@12.0:
433;sink@12.0:
690;sink@12.0:
1205;sink@12.0:
954;sink@12.0:
1466;sink@12.0:
187;sink@12.0:
450;sink@12.0:
706;sink@12.0:
1218;sink@12.0:
967;sink@12.0:
1479;sink@12.0:
201;sink@12.0:
1230;sink@12.0:
722;sink@12.0:
467;sink@12.0:
1492;sink@12.0:
981;sink@12.0:
215;sink@12.0:
1243;sink@12.0:
1505;sink@12.0:
738;sink@12.0:
995;sink@12.0:
484;sink@12.0:
1256;sink@12.0:
233;sink@12.0:
1518;sink@12.0:
1010;sink@12.0:
755;sink@12.0:
501;sink@12.0:
1270;sink@12.0:
249;sink@12.0:
1531;sink@12.0:
1024;intermediateVaulx@12.0:
1;intermediateVaulx@12.0:
772;intermediateVaulx@12.0:
1284;intermediateVaulx@12.0:
517;intermediateVaulx@12.0:
1544;intermediateVaulx@12.0:
266;intermediateVaulx@12.0:
1038;intermediateVaulx@12.0:
15;intermediateVaulx@12.0:
785;intermediateVaulx@12.0:
1297;intermediateVaulx@12.0:
1556;intermediateVaulx@12.0:
533;intermediateVaulx@12.0:
280;intermediateVaulx@12.0:
28;intermediateVaulx@12.0:
1053;intermediateVaulx@12.0:
1311;intermediateVaulx@12.0:
800;intermediateVaulx@12.0:
1569;intermediateVaulx@12.0:
549;intermediateVaulx@12.0:
41;intermediateVaulx@12.0:
297;intermediateVaulx@12.0:
1068;intermediateVaulx@12.0:
1324;intermediateVaulx@12.0:
814;intermediateVaulx@12.0:
1582;intermediateVaulx@12.0:
54;intermediateVaulx@12.0:
566;intermediateVaulx@12.0:
1337;intermediateVaulx@12.0:
1082;intermediateVaulx@12.0:
315;intermediateVaulx@12.0:
1595;intermediateVaulx@12.0:
828;intermediateVaulx@12.0:
67;intermediateVaulx@12.0:
582;intermediateVaulx@12.0:
1350;intermediateVaulx@12.0:
1096;intermediateVaulx@12.0:
1608;intermediateVaulx@12.0:
842;intermediateVaulx@12.0:
332;intermediateVaulx@12.0:
80;intermediateVaulx@12.0:
1363;intermediateVaulx@12.0:
1621;intermediateVaulx@12.0:
1110;intermediateVaulx@12.0:
600;intermediateVaulx@12.0:
856;intermediateVaulx@12.0:
93;intermediateVaulx@12.0:
350;intermediateVaulx@12.0:
1376;intermediateVaulx@12.0:
1634;intermediateVaulx@12.0:
1124;intermediateVaulx@12.0:
870;intermediateVaulx@12.0:
106;intermediateVaulx@12.0:
621;intermediateVaulx@12.0:
1389;intermediateVaulx@12.0:
1646;intermediateVaulx@12.0:
367;intermediateVaulx@12.0:
1138;intermediateVaulx@12.0:
884;intermediateVaulx@12.0:
119;intermediateVaulx@12.0:
1402;intermediateVaulx@12.0:
1659;intermediateVaulx@12.0:
383;intermediateVaulx@12.0:
639;intermediateVaulx@12.0:
1151;intermediateVaulx@12.0:
897;intermediateVaulx@12.0:
133;intermediateVaulx@12.0:
1415;intermediateVaulx@12.0:
1671;intermediateVaulx@12.0:
1165;intermediateVaulx@12.0:
911;intermediateVaulx@12.0:
401;intermediateVaulx@12.0:
657;intermediateVaulx@12.0:
147;intermediateVaulx@12.0:
1428;intermediateVaulx@12.0:
1684;intermediateVaulx@12.0:
1179;intermediateVaulx@12.0:
925;intermediateVaulx@12.0:
160;intermediateVaulx@12.0:
1696;intermediateVaulx@12.0:
1441;intermediateVaulx@12.0:
418;intermediateVaulx@12.0:
674;intermediateVaulx@12.0:
1192;intermediateVaulx@12.0:
939;intermediateVaulx@12.0:
1709;intermediateVaulx@12.0:
174;intermediateVaulx@12.0:
1454;intermediateVaulx@12.0:
433;intermediateVaulx@12.0:
690;intermediateVaulx@12.0:
1205;intermediateVaulx@12.0:
954;intermediateVaulx@12.0:
1466;intermediateVaulx@12.0:
187;intermediateVaulx@12.0:
450;intermediateVaulx@12.0:
706;intermediateVaulx@12.0:
1218;intermediateVaulx@12.0:
967;intermediateVaulx@12.0:
1479;intermediateVaulx@12.0:
201;intermediateVaulx@12.0:
1230;intermediateVaulx@12.0:
722;intermediateVaulx@12.0:
467;intermediateVaulx@12.0:
1492;intermediateVaulx@12.0:
981;intermediateVaulx@12.0:
215;intermediateVaulx@12.0:
1243;intermediateVaulx@12.0:
1505;intermediateVaulx@12.0:
738;intermediateVaulx@12.0:
995;intermediateVaulx@12.0:
484;intermediateVaulx@12.0:
1256;intermediateVaulx@12.0:
233;intermediateVaulx@12.0:
1518;intermediateVaulx@12.0:
1010;intermediateVaulx@12.0:
755;intermediateVaulx@12.0:
501;intermediateVaulx@12.0:
1270;intermediateVaulx@12.0:
249;intermediateVaulx@12.0:
1531;intermediateVaulx@12.0:
1024;intermediateLyon@12.0:
1;intermediateLyon@10.0:
772;intermediateLyon@12.0:
1284;intermediateLyon@12.0:
517;intermediateLyon@12.0:
1544;intermediateLyon@12.0:
266;intermediateLyon@12.0:
1038;intermediateLyon@12.0:
15;intermediateLyon@12.0:
785;intermediateLyon@12.0:
1297;intermediateLyon@12.0:
1556;intermediateLyon@12.0:
533;intermediateLyon@12.0:
280;intermediateLyon@12.0:
28;intermediateLyon@12.0:
1053;intermediateLyon@12.0:
1311;intermediateLyon@12.0:
800;intermediateLyon@12.0:
1569;intermediateLyon@12.0:
549;intermediateLyon@12.0:
41;intermediateLyon@12.0:
297;intermediateLyon@12.0:
1068;intermediateLyon@12.0:
1324;intermediateLyon@12.0:
814;intermediateLyon@12.0:
1582;intermediateLyon@12.0:
54;intermediateLyon@12.0:
566;intermediateLyon@12.0:
1337;intermediateLyon@12.0:
1082;intermediateLyon@12.0:
315;intermediateLyon@12.0:
1595;intermediateLyon@12.0:
828;intermediateLyon@12.0:
67;intermediateLyon@12.0:
582;intermediateLyon@12.0:
1350;intermediateLyon@12.0:
1096;intermediateLyon@12.0:
1608;intermediateLyon@12.0:
842;intermediateLyon@12.0:
332;intermediateLyon@12.0:
80;intermediateLyon@12.0:
1363;intermediateLyon@12.0:
1621;intermediateLyon@12.0:
1110;intermediateLyon@12.0:
600;intermediateLyon@12.0:
856;intermediateLyon@12.0:
93;intermediateLyon@12.0:
350;intermediateLyon@12.0:
1376;intermediateLyon@12.0:
1634;intermediateLyon@12.0:
1124;intermediateLyon@12.0:
870;intermediateLyon@12.0:
106;intermediateLyon@12.0:
621;intermediateLyon@12.0:
1389;intermediateLyon@12.0:
1646;intermediateLyon@12.0:
367;intermediateLyon@12.0:
1138;intermediateLyon@12.0:
884;intermediateLyon@12.0:
119;intermediateLyon@12.0:
1402;intermediateLyon@12.0:
1659;intermediateLyon@12.0:
383;intermediateLyon@12.0:
639;intermediateLyon@12.0:
1151;intermediateLyon@12.0:
897;intermediateLyon@12.0:
133;intermediateLyon@12.0:
1415;intermediateLyon@12.0:
1671;intermediateLyon@12.0:
1165;intermediateLyon@12.0:
911;intermediateLyon@12.0:
401;intermediateLyon@12.0:
657;intermediateLyon@12.0:
147;intermediateLyon@12.0:
1428;intermediateLyon@12.0:
1684;intermediateLyon@12.0:
1179;intermediateLyon@12.0:
925;intermediateLyon@12.0:
160;intermediateLyon@12.0:
1696;intermediateLyon@12.0:
1441;intermediateLyon@12.0:
418;intermediateLyon@12.0:
674;intermediateLyon@12.0:
1192;intermediateLyon@12.0:
939;intermediateLyon@12.0:
1709;intermediateLyon@12.0:
174;intermediateLyon@12.0:
1454;intermediateLyon@12.0:
433;intermediateLyon@12.0:
690;intermediateLyon@12.0:
1205;intermediateLyon@12.0:
954;intermediateLyon@12.0:
1466;intermediateLyon@12.0:
187;intermediateLyon@12.0:
450;intermediateLyon@12.0:
706;intermediateLyon@12.0:
1218;intermediateLyon@12.0:
967;intermediateLyon@12.0:
1479;intermediateLyon@12.0:
201;intermediateLyon@12.0:
1230;intermediateLyon@12.0:
722;intermediateLyon@12.0:
467;intermediateLyon@12.0:
1492;intermediateLyon@12.0:
981;intermediateLyon@12.0:
215;intermediateLyon@12.0:
1243;intermediateLyon@12.0:
1505;intermediateLyon@12.0:
738;intermediateLyon@12.0:
995;intermediateLyon@12.0:
484;intermediateLyon@12.0:
1256;intermediateLyon@12.0:
233;intermediateLyon@12.0:
1518;intermediateLyon@12.0:
1010;intermediateLyon@12.0:
755;intermediateLyon@12.0:
501;intermediateLyon@12.0:
1270;intermediateLyon@12.0:
249;intermediateLyon@12.0:
1531;intermediateLyon@12.0:
