timestamp;actions
1;intermediateVilleurbanne@1.0:
513;intermediateVilleurbanne@1.0:
769;intermediateVilleurbanne@1.0:
258;intermediateVilleurbanne@1.0:
1289;intermediateVilleurbanne@1.0:
1034;intermediateVilleurbanne@1.0:
12;intermediateVilleurbanne@1.0:
780;intermediateVilleurbanne@1.0:
269;intermediateVilleurbanne@1.0:
525;intermediateVilleurbanne@1.0:
1299;intermediateVilleurbanne@1.0:
1045;intermediateVilleurbanne@1.0:
790;intermediateVilleurbanne@1.0:
23;intermediateVilleurbanne@1.0:
280;intermediateVilleurbanne@1.0:
536;intermediateVilleurbanne@1.0:
1310;intermediateVilleurbanne@1.0:
1056;intermediateVilleurbanne@1.0:
33;intermediateVilleurbanne@1.0:
801;intermediateVilleurbanne@1.0:
291;intermediateVilleurbanne@1.0:
548;intermediateVilleurbanne@1.0:
1321;intermediateVilleurbanne@1.0:
1066;intermediateVilleurbanne@1.0:
811;intermediateVilleurbanne@1.0:
44;intermediateVilleurbanne@1.0:
301;intermediateVilleurbanne@1.0:
559;intermediateVilleurbanne@1.0:
1331;intermediateVilleurbanne@1.0:
1077;intermediateVilleurbanne@1.0:
822;intermediateVilleurbanne@1.0:
55;intermediateVilleurbanne@1.0:
312;intermediateVilleurbanne@1.0:
570;intermediateVilleurbanne@1.0:
1342;intermediateVilleurbanne@1.0:
1088;intermediateVilleurbanne@1.0:
65;intermediateVilleurbanne@1.0:
833;intermediateVilleurbanne@1.0:
323;intermediateVilleurbanne@1.0:
582;intermediateVilleurbanne@1.0:
1352;intermediateVilleurbanne@1.0:
1098;intermediateVilleurbanne@1.0:
843;intermediateVilleurbanne@1.0:
76;intermediateVilleurbanne@1.0:
334;intermediateVilleurbanne@1.0:
593;intermediateVilleurbanne@1.0:
1363;intermediateVilleurbanne@1.0:
1109;intermediateVilleurbanne@1.0:
854;intermediateVilleurbanne@1.0:
87;intermediateVilleurbanne@1.0:
346;intermediateVilleurbanne@1.0:
605;intermediateVilleurbanne@1.0:
1373;intermediateVilleurbanne@1.0:
1119;intermediateVilleurbanne@1.0:
97;intermediateVilleurbanne@1.0:
865;intermediateVilleurbanne@1.0:
357;intermediateVilleurbanne@1.0:
616;intermediateVilleurbanne@1.0:
1384;intermediateVilleurbanne@1.0:
1130;intermediateVilleurbanne@1.0:
875;intermediateVilleurbanne@1.0:
108;intermediateVilleurbanne@1.0:
368;intermediateVilleurbanne@1.0:
1394;intermediateVilleurbanne@1.0:
627;intermediateVilleurbanne@1.0:
1141;intermediateVilleurbanne@1.0:
886;intermediateVilleurbanne@1.0:
119;intermediateVilleurbanne@1.0:
379;intermediateVilleurbanne@1.0:
1405;intermediateVilleurbanne@1.0:
638;intermediateVilleurbanne@1.0:
1151;intermediateVilleurbanne@1.0:
896;intermediateVilleurbanne@1.0:
129;intermediateVilleurbanne@1.0:
390;intermediateVilleurbanne@1.0:
1415;intermediateVilleurbanne@1.0:
649;intermediateVilleurbanne@1.0:
1162;intermediateVilleurbanne@1.0:
907;intermediateVilleurbanne@1.0:
140;intermediateVilleurbanne@1.0:
401;intermediateVilleurbanne@1.0:
1426;intermediateVilleurbanne@1.0:
1172;intermediateVilleurbanne@1.0:
661;intermediateVilleurbanne@1.0:
918;intermediateVilleurbanne@1.0:
151;intermediateVilleurbanne@1.0:
412;intermediateVilleurbanne@1.0:
1437;intermediateVilleurbanne@1.0:
1183;intermediateVilleurbanne@1.0:
672;intermediateVilleurbanne@1.0:
928;intermediateVilleurbanne@1.0:
162;intermediateVilleurbanne@1.0:
424;intermediateVilleurbanne@1.0:
1194;intermediateVilleurbanne@1.0:
683;intermediateVilleurbanne@1.0:
939;intermediateVilleurbanne@1.0:
172;intermediateVilleurbanne@1.0:
435;intermediateVilleurbanne@1.0:
1204;intermediateVilleurbanne@1.0:
694;intermediateVilleurbanne@1.0:
950;intermediateVilleurbanne@1.0:
183;intermediateVilleurbanne@1.0:
446;intermediateVilleurbanne@1.0:
1215;intermediateVilleurbanne@1.0:
704;intermediateVilleurbanne@1.0:
960;intermediateVilleurbanne@1.0:
194;intermediateVilleurbanne@1.0:
457;intermediateVilleurbanne@1.0:
1225;intermediateVilleurbanne@1.0:
715;intermediateVilleurbanne@1.0:
971;intermediateVilleurbanne@1.0:
205;intermediateVilleurbanne@1.0:
1236;intermediateVilleurbanne@1.0:
469;intermediateVilleurbanne@1.0:
981;intermediateVilleurbanne@1.0:
726;intermediateVilleurbanne@1.0:
215;intermediateVilleurbanne@1.0:
1246;intermediateVilleurbanne@1.0:
480;intermediateVilleurbanne@1.0:
992;intermediateVilleurbanne@1.0:
737;intermediateVilleurbanne@1.0:
226;intermediateVilleurbanne@1.0:
1257;intermediateVilleurbanne@1.0:
1002;intermediateVilleurbanne@1.0:
491;intermediateVilleurbanne@1.0:
748;intermediateVilleurbanne@1.0:
237;intermediateVilleurbanne@1.0:
1267;intermediateVilleurbanne@1.0:
1013;intermediateVilleurbanne@1.0:
502;intermediateVilleurbanne@1.0:
247;intermediateVilleurbanne@1.0:
759;intermediateVilleurbanne@1.0:
1278;intermediateVilleurbanne@1.0:
1023;intermediateVilleurbanne@1.0:
1;sink@1.0:
513;sink@1.0:
769;sink@1.0:
258;sink@1.0:
1289;sink@1.0:
1034;sink@1.0:
12;sink@1.0:
780;sink@1.0:
269;sink@1.0:
525;sink@1.0:
1299;sink@1.0:
1045;sink@1.0:
790;sink@1.0:
23;sink@1.0:
280;sink@1.0:
536;sink@1.0:
1310;sink@1.0:
1056;sink@1.0:
33;sink@1.0:
801;sink@1.0:
291;sink@1.0:
548;sink@1.0:
1321;sink@1.0:
1066;sink@1.0:
811;sink@1.0:
44;sink@1.0:
301;sink@1.0:
559;sink@1.0:
1331;sink@1.0:
1077;sink@1.0:
822;sink@1.0:
55;sink@1.0:
312;sink@1.0:
570;sink@1.0:
1342;sink@1.0:
1088;sink@1.0:
65;sink@1.0:
833;sink@1.0:
323;sink@1.0:
582;sink@1.0:
1352;sink@1.0:
1098;sink@1.0:
843;sink@1.0:
76;sink@1.0:
334;sink@1.0:
593;sink@1.0:
1363;sink@1.0:
1109;sink@1.0:
854;sink@1.0:
87;sink@1.0:
346;sink@1.0:
605;sink@1.0:
1373;sink@1.0:
1119;sink@1.0:
97;sink@1.0:
865;sink@1.0:
357;sink@1.0:
616;sink@1.0:
1384;sink@1.0:
1130;sink@1.0:
875;sink@1.0:
108;sink@1.0:
368;sink@1.0:
1394;sink@1.0:
627;sink@1.0:
1141;sink@1.0:
886;sink@1.0:
119;sink@1.0:
379;sink@1.0:
1405;sink@1.0:
638;sink@1.0:
1151;sink@1.0:
896;sink@1.0:
129;sink@1.0:
390;sink@1.0:
1415;sink@1.0:
649;sink@1.0:
1162;sink@1.0:
907;sink@1.0:
140;sink@1.0:
401;sink@1.0:
1426;sink@1.0:
1172;sink@1.0:
661;sink@1.0:
918;sink@1.0:
151;sink@1.0:
412;sink@1.0:
1437;sink@1.0:
1183;sink@1.0:
672;sink@1.0:
928;sink@1.0:
162;sink@1.0:
424;sink@1.0:
1194;sink@1.0:
683;sink@1.0:
939;sink@1.0:
172;sink@1.0:
435;sink@1.0:
1204;sink@1.0:
694;sink@1.0:
950;sink@1.0:
183;sink@1.0:
446;sink@1.0:
1215;sink@1.0:
704;sink@1.0:
960;sink@1.0:
194;sink@1.0:
457;sink@1.0:
1225;sink@1.0:
715;sink@1.0:
971;sink@1.0:
205;sink@1.0:
1236;sink@1.0:
469;sink@1.0:
981;sink@1.0:
726;sink@1.0:
215;sink@1.0:
1246;sink@1.0:
480;sink@1.0:
992;sink@1.0:
737;sink@1.0:
226;sink@1.0:
1257;sink@1.0:
1002;sink@1.0:
491;sink@1.0:
748;sink@1.0:
237;sink@1.0:
1267;sink@1.0:
1013;sink@1.0:
502;sink@1.0:
247;sink@1.0:
759;sink@1.0:
1278;sink@1.0:
1023;sink@1.0:
1;intermediateVaulx@1.0:
513;intermediateVaulx@1.0:
769;intermediateVaulx@1.0:
258;intermediateVaulx@1.0:
1289;intermediateVaulx@1.0:
1034;intermediateVaulx@1.0:
12;intermediateVaulx@1.0:
780;intermediateVaulx@1.0:
269;intermediateVaulx@1.0:
525;intermediateVaulx@1.0:
1299;intermediateVaulx@1.0:
1045;intermediateVaulx@1.0:
790;intermediateVaulx@1.0:
23;intermediateVaulx@1.0:
280;intermediateVaulx@1.0:
536;intermediateVaulx@1.0:
1310;intermediateVaulx@1.0:
1056;intermediateVaulx@1.0:
33;intermediateVaulx@1.0:
801;intermediateVaulx@1.0:
291;intermediateVaulx@1.0:
548;intermediateVaulx@1.0:
1321;intermediateVaulx@1.0:
1066;intermediateVaulx@1.0:
811;intermediateVaulx@1.0:
44;intermediateVaulx@1.0:
301;intermediateVaulx@1.0:
559;intermediateVaulx@1.0:
1331;intermediateVaulx@1.0:
1077;intermediateVaulx@1.0:
822;intermediateVaulx@1.0:
55;intermediateVaulx@1.0:
312;intermediateVaulx@1.0:
570;intermediateVaulx@1.0:
1342;intermediateVaulx@1.0:
1088;intermediateVaulx@1.0:
65;intermediateVaulx@1.0:
833;intermediateVaulx@1.0:
323;intermediateVaulx@1.0:
582;intermediateVaulx@1.0:
1352;intermediateVaulx@1.0:
1098;intermediateVaulx@1.0:
843;intermediateVaulx@1.0:
76;intermediateVaulx@1.0:
334;intermediateVaulx@1.0:
593;intermediateVaulx@1.0:
1363;intermediateVaulx@1.0:
1109;intermediateVaulx@1.0:
854;intermediateVaulx@1.0:
87;intermediateVaulx@1.0:
346;intermediateVaulx@1.0:
605;intermediateVaulx@1.0:
1373;intermediateVaulx@1.0:
1119;intermediateVaulx@1.0:
97;intermediateVaulx@1.0:
865;intermediateVaulx@1.0:
357;intermediateVaulx@1.0:
616;intermediateVaulx@1.0:
1384;intermediateVaulx@1.0:
1130;intermediateVaulx@1.0:
875;intermediateVaulx@1.0:
108;intermediateVaulx@1.0:
368;intermediateVaulx@1.0:
1394;intermediateVaulx@1.0:
627;intermediateVaulx@1.0:
1141;intermediateVaulx@1.0:
886;intermediateVaulx@1.0:
119;intermediateVaulx@1.0:
379;intermediateVaulx@1.0:
1405;intermediateVaulx@1.0:
638;intermediateVaulx@1.0:
1151;intermediateVaulx@1.0:
896;intermediateVaulx@1.0:
129;intermediateVaulx@1.0:
390;intermediateVaulx@1.0:
1415;intermediateVaulx@1.0:
649;intermediateVaulx@1.0:
1162;intermediateVaulx@1.0:
907;intermediateVaulx@1.0:
140;intermediateVaulx@1.0:
401;intermediateVaulx@1.0:
1426;intermediateVaulx@1.0:
1172;intermediateVaulx@1.0:
661;intermediateVaulx@1.0:
918;intermediateVaulx@1.0:
151;intermediateVaulx@1.0:
412;intermediateVaulx@1.0:
1437;intermediateVaulx@1.0:
1183;intermediateVaulx@1.0:
672;intermediateVaulx@1.0:
928;intermediateVaulx@1.0:
162;intermediateVaulx@1.0:
424;intermediateVaulx@1.0:
1194;intermediateVaulx@1.0:
683;intermediateVaulx@1.0:
939;intermediateVaulx@1.0:
172;intermediateVaulx@1.0:
435;intermediateVaulx@1.0:
1204;intermediateVaulx@1.0:
694;intermediateVaulx@1.0:
950;intermediateVaulx@1.0:
183;intermediateVaulx@1.0:
446;intermediateVaulx@1.0:
1215;intermediateVaulx@1.0:
704;intermediateVaulx@1.0:
960;intermediateVaulx@1.0:
194;intermediateVaulx@1.0:
457;intermediateVaulx@1.0:
1225;intermediateVaulx@1.0:
715;intermediateVaulx@1.0:
971;intermediateVaulx@1.0:
205;intermediateVaulx@1.0:
1236;intermediateVaulx@1.0:
469;intermediateVaulx@1.0:
981;intermediateVaulx@1.0:
726;intermediateVaulx@1.0:
215;intermediateVaulx@1.0:
1246;intermediateVaulx@1.0:
480;intermediateVaulx@1.0:
992;intermediateVaulx@1.0:
737;intermediateVaulx@1.0:
226;intermediateVaulx@1.0:
1257;intermediateVaulx@1.0:
1002;intermediateVaulx@1.0:
491;intermediateVaulx@1.0:
748;intermediateVaulx@1.0:
237;intermediateVaulx@1.0:
1267;intermediateVaulx@1.0:
1013;intermediateVaulx@1.0:
502;intermediateVaulx@1.0:
247;intermediateVaulx@1.0:
759;intermediateVaulx@1.0:
1278;intermediateVaulx@1.0:
1023;intermediateVaulx@1.0:
1;intermediateLyon@1.0:
513;intermediateLyon@1.0:
769;intermediateLyon@1.0:
258;intermediateLyon@1.0:
1289;intermediateLyon@1.0:
1034;intermediateLyon@1.0:
12;intermediateLyon@1.0:
780;intermediateLyon@1.0:
269;intermediateLyon@1.0:
525;intermediateLyon@1.0:
1299;intermediateLyon@1.0:
1045;intermediateLyon@1.0:
790;intermediateLyon@1.0:
23;intermediateLyon@1.0:
280;intermediateLyon@1.0:
536;intermediateLyon@1.0:
1310;intermediateLyon@1.0:
1056;intermediateLyon@1.0:
33;intermediateLyon@1.0:
801;intermediateLyon@1.0:
291;intermediateLyon@1.0:
548;intermediateLyon@1.0:
1321;intermediateLyon@1.0:
1066;intermediateLyon@1.0:
811;intermediateLyon@1.0:
44;intermediateLyon@1.0:
301;intermediateLyon@1.0:
559;intermediateLyon@1.0:
1331;intermediateLyon@1.0:
1077;intermediateLyon@1.0:
822;intermediateLyon@1.0:
55;intermediateLyon@1.0:
312;intermediateLyon@1.0:
570;intermediateLyon@1.0:
1342;intermediateLyon@1.0:
1088;intermediateLyon@1.0:
65;intermediateLyon@1.0:
833;intermediateLyon@1.0:
323;intermediateLyon@1.0:
582;intermediateLyon@1.0:
1352;intermediateLyon@1.0:
1098;intermediateLyon@1.0:
843;intermediateLyon@1.0:
76;intermediateLyon@1.0:
334;intermediateLyon@1.0:
593;intermediateLyon@1.0:
1363;intermediateLyon@1.0:
1109;intermediateLyon@1.0:
854;intermediateLyon@1.0:
87;intermediateLyon@1.0:
346;intermediateLyon@1.0:
605;intermediateLyon@1.0:
1373;intermediateLyon@1.0:
1119;intermediateLyon@1.0:
97;intermediateLyon@1.0:
865;intermediateLyon@1.0:
357;intermediateLyon@1.0:
616;intermediateLyon@1.0:
1384;intermediateLyon@1.0:
1130;intermediateLyon@1.0:
875;intermediateLyon@1.0:
108;intermediateLyon@1.0:
368;intermediateLyon@1.0:
1394;intermediateLyon@1.0:
627;intermediateLyon@1.0:
1141;intermediateLyon@1.0:
886;intermediateLyon@1.0:
119;intermediateLyon@1.0:
379;intermediateLyon@1.0:
1405;intermediateLyon@1.0:
638;intermediateLyon@1.0:
1151;intermediateLyon@1.0:
896;intermediateLyon@1.0:
129;intermediateLyon@1.0:
390;intermediateLyon@1.0:
1415;intermediateLyon@1.0:
649;intermediateLyon@1.0:
1162;intermediateLyon@1.0:
907;intermediateLyon@1.0:
140;intermediateLyon@1.0:
401;intermediateLyon@1.0:
1426;intermediateLyon@1.0:
1172;intermediateLyon@1.0:
661;intermediateLyon@1.0:
918;intermediateLyon@1.0:
151;intermediateLyon@1.0:
412;intermediateLyon@1.0:
1437;intermediateLyon@1.0:
1183;intermediateLyon@1.0:
672;intermediateLyon@1.0:
928;intermediateLyon@1.0:
162;intermediateLyon@1.0:
424;intermediateLyon@1.0:
1194;intermediateLyon@1.0:
683;intermediateLyon@1.0:
939;intermediateLyon@1.0:
172;intermediateLyon@1.0:
435;intermediateLyon@1.0:
1204;intermediateLyon@1.0:
694;intermediateLyon@1.0:
950;intermediateLyon@1.0:
183;intermediateLyon@1.0:
446;intermediateLyon@1.0:
1215;intermediateLyon@1.0:
704;intermediateLyon@1.0:
960;intermediateLyon@1.0:
194;intermediateLyon@1.0:
457;intermediateLyon@1.0:
1225;intermediateLyon@1.0:
715;intermediateLyon@1.0:
971;intermediateLyon@1.0:
205;intermediateLyon@1.0:
1236;intermediateLyon@1.0:
469;intermediateLyon@1.0:
981;intermediateLyon@1.0:
726;intermediateLyon@1.0:
215;intermediateLyon@1.0:
1246;intermediateLyon@1.0:
480;intermediateLyon@1.0:
992;intermediateLyon@1.0:
737;intermediateLyon@1.0:
226;intermediateLyon@1.0:
1257;intermediateLyon@1.0:
1002;intermediateLyon@1.0:
491;intermediateLyon@1.0:
748;intermediateLyon@1.0:
237;intermediateLyon@1.0:
1267;intermediateLyon@1.0:
1013;intermediateLyon@1.0:
502;intermediateLyon@1.0:
247;intermediateLyon@1.0:
759;intermediateLyon@1.0:
1278;intermediateLyon@1.0:
1023;intermediateLyon@1.0:
