timestamp;actions
1;addressProjection@1.0:
770;addressProjection@1.0:
1284;addressProjection@1.0:
517;addressProjection@1.0:
1033;addressProjection@1.0:
266;addressProjection@1.0:
12;addressProjection@1.0:
782;addressProjection@1.0:
1295;addressProjection@1.0:
1044;addressProjection@1.0:
277;addressProjection@1.0:
24;addressProjection@1.0:
1306;addressProjection@1.0:
539;addressProjection@1.0:
1055;addressProjection@1.0:
288;addressProjection@1.0:
35;addressProjection@1.0:
804;addressProjection@1.0:
1317;addressProjection@1.0:
550;addressProjection@1.0:
1066;addressProjection@1.0:
300;addressProjection@1.0:
46;addressProjection@1.0:
815;addressProjection@1.0:
562;addressProjection@1.0:
1077;addressProjection@1.0:
311;addressProjection@1.0:
57;addressProjection@1.0:
827;addressProjection@1.0:
574;addressProjection@1.0:
1088;addressProjection@1.0:
322;addressProjection@1.0:
68;addressProjection@1.0:
839;addressProjection@1.0:
586;addressProjection@1.0:
1098;addressProjection@1.0:
333;addressProjection@1.0:
851;addressProjection@1.0:
1109;addressProjection@1.0:
598;addressProjection@1.0:
344;addressProjection@1.0:
863;addressProjection@1.0:
1120;addressProjection@1.0:
610;addressProjection@1.0:
355;addressProjection@1.0:
100;addressProjection@1.0:
875;addressProjection@1.0:
1131;addressProjection@1.0:
621;addressProjection@1.0:
366;addressProjection@1.0:
111;addressProjection@1.0:
1142;addressProjection@1.0:
887;addressProjection@1.0:
122;addressProjection@1.0:
378;addressProjection@1.0:
1153;addressProjection@1.0:
899;addressProjection@1.0:
133;addressProjection@1.0:
389;addressProjection@1.0:
1164;addressProjection@1.0:
654;addressProjection@1.0:
144;addressProjection@1.0:
400;addressProjection@1.0:
1175;addressProjection@1.0:
921;addressProjection@1.0:
666;addressProjection@1.0:
155;addressProjection@1.0:
412;addressProjection@1.0:
1186;addressProjection@1.0:
932;addressProjection@1.0:
166;addressProjection@1.0:
678;addressProjection@1.0:
424;addressProjection@1.0:
1197;addressProjection@1.0:
943;addressProjection@1.0:
177;addressProjection@1.0:
689;addressProjection@1.0:
436;addressProjection@1.0:
1208;addressProjection@1.0:
955;addressProjection@1.0:
189;addressProjection@1.0:
701;addressProjection@1.0:
447;addressProjection@1.0:
1219;addressProjection@1.0:
966;addressProjection@1.0:
200;addressProjection@1.0:
712;addressProjection@1.0:
1230;addressProjection@1.0:
978;addressProjection@1.0:
211;addressProjection@1.0:
724;addressProjection@1.0:
470;addressProjection@1.0:
1241;addressProjection@1.0:
989;addressProjection@1.0:
222;addressProjection@1.0:
481;addressProjection@1.0:
1252;addressProjection@1.0:
1000;addressProjection@1.0:
233;addressProjection@1.0:
747;addressProjection@1.0:
493;addressProjection@1.0:
1263;addressProjection@1.0:
1011;addressProjection@1.0:
245;addressProjection@1.0:
758;addressProjection@1.0:
505;addressProjection@1.0:
1273;addressProjection@1.0:
1022;addressProjection@1.0:
1;campaignProcessor@2.0:
770;campaignProcessor@1.0:
1284;campaignProcessor@1.0:
517;campaignProcessor@1.0:
1033;campaignProcessor@1.0:
266;campaignProcessor@1.0:
12;campaignProcessor@2.0:
782;campaignProcessor@1.0:
1295;campaignProcessor@1.0:
1044;campaignProcessor@1.0:
277;campaignProcessor@1.0:
24;campaignProcessor@2.0:
1306;campaignProcessor@1.0:
539;campaignProcessor@2.0:
1055;campaignProcessor@1.0:
288;campaignProcessor@1.0:
35;campaignProcessor@2.0:
804;campaignProcessor@2.0:
1317;campaignProcessor@1.0:
550;campaignProcessor@2.0:
1066;campaignProcessor@1.0:
300;campaignProcessor@1.0:
46;campaignProcessor@2.0:
815;campaignProcessor@2.0:
562;campaignProcessor@2.0:
1077;campaignProcessor@1.0:
311;campaignProcessor@1.0:
57;campaignProcessor@2.0:
827;campaignProcessor@2.0:
574;campaignProcessor@2.0:
1088;campaignProcessor@1.0:
322;campaignProcessor@1.0:
68;campaignProcessor@2.0:
839;campaignProcessor@2.0:
586;campaignProcessor@2.0:
1098;campaignProcessor@1.0:
333;campaignProcessor@1.0:
851;campaignProcessor@2.0:
1109;campaignProcessor@1.0:
598;campaignProcessor@2.0:
344;campaignProcessor@1.0:
863;campaignProcessor@2.0:
1120;campaignProcessor@1.0:
610;campaignProcessor@2.0:
355;campaignProcessor@1.0:
100;campaignProcessor@1.0:
875;campaignProcessor@2.0:
1131;campaignProcessor@1.0:
621;campaignProcessor@2.0:
366;campaignProcessor@1.0:
111;campaignProcessor@1.0:
1142;campaignProcessor@1.0:
887;campaignProcessor@2.0:
122;campaignProcessor@1.0:
378;campaignProcessor@1.0:
1153;campaignProcessor@1.0:
899;campaignProcessor@2.0:
133;campaignProcessor@1.0:
389;campaignProcessor@1.0:
1164;campaignProcessor@1.0:
654;campaignProcessor@1.0:
144;campaignProcessor@1.0:
400;campaignProcessor@1.0:
1175;campaignProcessor@1.0:
921;campaignProcessor@2.0:
666;campaignProcessor@1.0:
155;campaignProcessor@1.0:
412;campaignProcessor@1.0:
1186;campaignProcessor@1.0:
932;campaignProcessor@2.0:
166;campaignProcessor@1.0:
678;campaignProcessor@1.0:
424;campaignProcessor@1.0:
1197;campaignProcessor@1.0:
943;campaignProcessor@2.0:
177;campaignProcessor@1.0:
689;campaignProcessor@1.0:
436;campaignProcessor@1.0:
1208;campaignProcessor@1.0:
955;campaignProcessor@2.0:
189;campaignProcessor@1.0:
701;campaignProcessor@1.0:
447;campaignProcessor@1.0:
1219;campaignProcessor@1.0:
966;campaignProcessor@2.0:
200;campaignProcessor@1.0:
712;campaignProcessor@1.0:
1230;campaignProcessor@1.0:
978;campaignProcessor@2.0:
211;campaignProcessor@1.0:
724;campaignProcessor@1.0:
470;campaignProcessor@1.0:
1241;campaignProcessor@1.0:
989;campaignProcessor@2.0:
222;campaignProcessor@1.0:
481;campaignProcessor@1.0:
1252;campaignProcessor@1.0:
233;campaignProcessor@1.0:
747;campaignProcessor@1.0:
493;campaignProcessor@1.0:
1263;campaignProcessor@1.0:
1011;campaignProcessor@1.0:
245;campaignProcessor@1.0:
758;campaignProcessor@1.0:
505;campaignProcessor@1.0:
1273;campaignProcessor@1.0:
1022;campaignProcessor@1.0:
1;eventProjection@1.0:
770;eventProjection@1.0:
1284;eventProjection@1.0:
517;eventProjection@1.0:
1033;eventProjection@1.0:
266;eventProjection@1.0:
12;eventProjection@1.0:
782;eventProjection@1.0:
1295;eventProjection@1.0:
1044;eventProjection@1.0:
277;eventProjection@1.0:
24;eventProjection@1.0:
1306;eventProjection@1.0:
539;eventProjection@1.0:
1055;eventProjection@1.0:
288;eventProjection@1.0:
35;eventProjection@1.0:
804;eventProjection@1.0:
1317;eventProjection@1.0:
550;eventProjection@1.0:
1066;eventProjection@1.0:
300;eventProjection@1.0:
46;eventProjection@1.0:
815;eventProjection@1.0:
562;eventProjection@1.0:
1077;eventProjection@1.0:
311;eventProjection@1.0:
57;eventProjection@1.0:
827;eventProjection@1.0:
574;eventProjection@1.0:
1088;eventProjection@1.0:
322;eventProjection@1.0:
68;eventProjection@1.0:
839;eventProjection@1.0:
586;eventProjection@1.0:
1098;eventProjection@1.0:
333;eventProjection@1.0:
851;eventProjection@1.0:
1109;eventProjection@1.0:
598;eventProjection@1.0:
344;eventProjection@1.0:
863;eventProjection@1.0:
1120;eventProjection@1.0:
610;eventProjection@1.0:
355;eventProjection@1.0:
100;eventProjection@1.0:
875;eventProjection@1.0:
1131;eventProjection@1.0:
621;eventProjection@1.0:
366;eventProjection@1.0:
111;eventProjection@1.0:
1142;eventProjection@1.0:
887;eventProjection@1.0:
122;eventProjection@1.0:
378;eventProjection@1.0:
1153;eventProjection@1.0:
899;eventProjection@1.0:
133;eventProjection@1.0:
389;eventProjection@1.0:
1164;eventProjection@1.0:
654;eventProjection@1.0:
144;eventProjection@1.0:
400;eventProjection@1.0:
1175;eventProjection@1.0:
921;eventProjection@1.0:
666;eventProjection@1.0:
155;eventProjection@1.0:
412;eventProjection@1.0:
1186;eventProjection@1.0:
932;eventProjection@1.0:
166;eventProjection@1.0:
678;eventProjection@1.0:
424;eventProjection@1.0:
1197;eventProjection@1.0:
943;eventProjection@1.0:
177;eventProjection@1.0:
689;eventProjection@1.0:
436;eventProjection@1.0:
1208;eventProjection@1.0:
955;eventProjection@1.0:
189;eventProjection@1.0:
701;eventProjection@1.0:
447;eventProjection@1.0:
1219;eventProjection@1.0:
966;eventProjection@1.0:
200;eventProjection@1.0:
712;eventProjection@1.0:
1230;eventProjection@1.0:
978;eventProjection@1.0:
211;eventProjection@1.0:
724;eventProjection@1.0:
470;eventProjection@1.0:
1241;eventProjection@1.0:
989;eventProjection@1.0:
222;eventProjection@1.0:
481;eventProjection@1.0:
1252;eventProjection@1.0:
1000;eventProjection@1.0:
233;eventProjection@1.0:
747;eventProjection@1.0:
493;eventProjection@1.0:
1263;eventProjection@1.0:
1011;eventProjection@1.0:
245;eventProjection@1.0:
758;eventProjection@1.0:
505;eventProjection@1.0:
1273;eventProjection@1.0:
1022;eventProjection@1.0:
1;eventFilter@1.0:
770;eventFilter@1.0:
1284;eventFilter@1.0:
517;eventFilter@1.0:
1033;eventFilter@1.0:
266;eventFilter@1.0:
12;eventFilter@1.0:
782;eventFilter@1.0:
1295;eventFilter@1.0:
1044;eventFilter@1.0:
277;eventFilter@1.0:
24;eventFilter@1.0:
1306;eventFilter@1.0:
539;eventFilter@1.0:
1055;eventFilter@1.0:
288;eventFilter@1.0:
35;eventFilter@1.0:
804;eventFilter@1.0:
1317;eventFilter@1.0:
550;eventFilter@1.0:
1066;eventFilter@1.0:
300;eventFilter@1.0:
46;eventFilter@1.0:
815;eventFilter@1.0:
562;eventFilter@1.0:
1077;eventFilter@1.0:
311;eventFilter@1.0:
57;eventFilter@1.0:
827;eventFilter@1.0:
574;eventFilter@1.0:
1088;eventFilter@1.0:
322;eventFilter@1.0:
68;eventFilter@1.0:
839;eventFilter@1.0:
586;eventFilter@1.0:
1098;eventFilter@1.0:
333;eventFilter@1.0:
851;eventFilter@1.0:
1109;eventFilter@1.0:
598;eventFilter@1.0:
344;eventFilter@1.0:
863;eventFilter@1.0:
1120;eventFilter@1.0:
610;eventFilter@1.0:
355;eventFilter@1.0:
100;eventFilter@1.0:
875;eventFilter@1.0:
1131;eventFilter@1.0:
621;eventFilter@1.0:
366;eventFilter@1.0:
111;eventFilter@1.0:
1142;eventFilter@1.0:
887;eventFilter@1.0:
122;eventFilter@1.0:
378;eventFilter@1.0:
1153;eventFilter@1.0:
899;eventFilter@1.0:
133;eventFilter@1.0:
389;eventFilter@1.0:
1164;eventFilter@1.0:
654;eventFilter@1.0:
144;eventFilter@1.0:
400;eventFilter@1.0:
1175;eventFilter@1.0:
921;eventFilter@1.0:
666;eventFilter@1.0:
155;eventFilter@1.0:
412;eventFilter@1.0:
1186;eventFilter@1.0:
932;eventFilter@1.0:
166;eventFilter@1.0:
678;eventFilter@1.0:
424;eventFilter@1.0:
1197;eventFilter@1.0:
943;eventFilter@1.0:
177;eventFilter@1.0:
689;eventFilter@1.0:
436;eventFilter@1.0:
1208;eventFilter@1.0:
955;eventFilter@1.0:
189;eventFilter@1.0:
701;eventFilter@1.0:
447;eventFilter@1.0:
1219;eventFilter@1.0:
966;eventFilter@1.0:
200;eventFilter@1.0:
712;eventFilter@1.0:
1230;eventFilter@1.0:
978;eventFilter@1.0:
211;eventFilter@1.0:
724;eventFilter@1.0:
470;eventFilter@1.0:
1241;eventFilter@1.0:
989;eventFilter@1.0:
222;eventFilter@1.0:
481;eventFilter@1.0:
1252;eventFilter@1.0:
1000;eventFilter@1.0:
233;eventFilter@1.0:
747;eventFilter@1.0:
493;eventFilter@1.0:
1263;eventFilter@1.0:
1011;eventFilter@1.0:
245;eventFilter@1.0:
758;eventFilter@1.0:
505;eventFilter@1.0:
1273;eventFilter@1.0:
1022;eventFilter@1.0:
1;ipProcessor@2.0:
770;ipProcessor@2.0:
1284;ipProcessor@1.0:
517;ipProcessor@2.0:
1033;ipProcessor@1.0:
266;ipProcessor@1.0:
12;ipProcessor@2.0:
782;ipProcessor@2.0:
1295;ipProcessor@1.0:
1044;ipProcessor@1.0:
277;ipProcessor@1.0:
24;ipProcessor@2.0:
1306;ipProcessor@1.0:
539;ipProcessor@2.0:
1055;ipProcessor@1.0:
288;ipProcessor@1.0:
35;ipProcessor@2.0:
804;ipProcessor@2.0:
1317;ipProcessor@1.0:
550;ipProcessor@2.0:
1066;ipProcessor@1.0:
300;ipProcessor@1.0:
46;ipProcessor@2.0:
815;ipProcessor@2.0:
562;ipProcessor@2.0:
1077;ipProcessor@1.0:
311;ipProcessor@1.0:
57;ipProcessor@2.0:
827;ipProcessor@2.0:
574;ipProcessor@2.0:
1088;ipProcessor@1.0:
322;ipProcessor@1.0:
68;ipProcessor@2.0:
839;ipProcessor@2.0:
586;ipProcessor@2.0:
1098;ipProcessor@1.0:
333;ipProcessor@1.0:
851;ipProcessor@2.0:
1109;ipProcessor@1.0:
598;ipProcessor@2.0:
344;ipProcessor@1.0:
863;ipProcessor@2.0:
1120;ipProcessor@1.0:
610;ipProcessor@2.0:
355;ipProcessor@1.0:
100;ipProcessor@1.0:
875;ipProcessor@2.0:
1131;ipProcessor@1.0:
621;ipProcessor@2.0:
366;ipProcessor@1.0:
111;ipProcessor@1.0:
1142;ipProcessor@1.0:
887;ipProcessor@2.0:
122;ipProcessor@1.0:
378;ipProcessor@1.0:
1153;ipProcessor@1.0:
899;ipProcessor@2.0:
133;ipProcessor@1.0:
389;ipProcessor@1.0:
1164;ipProcessor@1.0:
654;ipProcessor@1.0:
144;ipProcessor@1.0:
400;ipProcessor@1.0:
1175;ipProcessor@1.0:
921;ipProcessor@1.0:
666;ipProcessor@1.0:
155;ipProcessor@1.0:
412;ipProcessor@1.0:
1186;ipProcessor@1.0:
932;ipProcessor@1.0:
166;ipProcessor@1.0:
678;ipProcessor@1.0:
424;ipProcessor@1.0:
1197;ipProcessor@1.0:
943;ipProcessor@1.0:
177;ipProcessor@1.0:
689;ipProcessor@1.0:
436;ipProcessor@1.0:
1208;ipProcessor@1.0:
955;ipProcessor@1.0:
189;ipProcessor@1.0:
701;ipProcessor@1.0:
447;ipProcessor@1.0:
1219;ipProcessor@1.0:
966;ipProcessor@1.0:
200;ipProcessor@1.0:
712;ipProcessor@1.0:
1230;ipProcessor@1.0:
978;ipProcessor@1.0:
211;ipProcessor@1.0:
724;ipProcessor@1.0:
470;ipProcessor@2.0:
1241;ipProcessor@1.0:
989;ipProcessor@1.0:
222;ipProcessor@1.0:
481;ipProcessor@2.0:
1252;ipProcessor@1.0:
1000;ipProcessor@1.0:
233;ipProcessor@1.0:
747;ipProcessor@2.0:
493;ipProcessor@2.0:
1263;ipProcessor@1.0:
1011;ipProcessor@1.0:
245;ipProcessor@1.0:
758;ipProcessor@2.0:
505;ipProcessor@2.0:
1273;ipProcessor@1.0:
1022;ipProcessor@1.0:
1;deserialize@1.0:
770;deserialize@1.0:
1284;deserialize@1.0:
517;deserialize@1.0:
1033;deserialize@1.0:
266;deserialize@1.0:
12;deserialize@1.0:
782;deserialize@1.0:
1295;deserialize@1.0:
1044;deserialize@1.0:
277;deserialize@1.0:
24;deserialize@1.0:
1306;deserialize@1.0:
539;deserialize@1.0:
1055;deserialize@1.0:
288;deserialize@1.0:
35;deserialize@1.0:
804;deserialize@1.0:
1317;deserialize@1.0:
550;deserialize@1.0:
1066;deserialize@1.0:
300;deserialize@1.0:
46;deserialize@1.0:
815;deserialize@1.0:
562;deserialize@1.0:
1077;deserialize@1.0:
311;deserialize@1.0:
57;deserialize@1.0:
827;deserialize@1.0:
574;deserialize@1.0:
1088;deserialize@1.0:
322;deserialize@1.0:
68;deserialize@1.0:
839;deserialize@1.0:
586;deserialize@1.0:
1098;deserialize@1.0:
333;deserialize@1.0:
851;deserialize@1.0:
1109;deserialize@1.0:
598;deserialize@1.0:
344;deserialize@1.0:
863;deserialize@1.0:
1120;deserialize@1.0:
610;deserialize@1.0:
355;deserialize@1.0:
100;deserialize@1.0:
875;deserialize@1.0:
1131;deserialize@1.0:
621;deserialize@1.0:
366;deserialize@1.0:
111;deserialize@1.0:
1142;deserialize@1.0:
887;deserialize@1.0:
122;deserialize@1.0:
378;deserialize@1.0:
1153;deserialize@1.0:
899;deserialize@1.0:
133;deserialize@1.0:
389;deserialize@1.0:
1164;deserialize@1.0:
654;deserialize@1.0:
144;deserialize@1.0:
400;deserialize@1.0:
1175;deserialize@1.0:
921;deserialize@1.0:
666;deserialize@1.0:
155;deserialize@1.0:
412;deserialize@1.0:
1186;deserialize@1.0:
932;deserialize@1.0:
166;deserialize@1.0:
678;deserialize@1.0:
424;deserialize@1.0:
1197;deserialize@1.0:
943;deserialize@1.0:
177;deserialize@1.0:
689;deserialize@1.0:
436;deserialize@1.0:
1208;deserialize@1.0:
955;deserialize@1.0:
189;deserialize@1.0:
701;deserialize@1.0:
447;deserialize@1.0:
1219;deserialize@1.0:
966;deserialize@1.0:
200;deserialize@1.0:
712;deserialize@1.0:
1230;deserialize@1.0:
978;deserialize@1.0:
211;deserialize@1.0:
724;deserialize@1.0:
470;deserialize@1.0:
1241;deserialize@1.0:
989;deserialize@1.0:
222;deserialize@1.0:
481;deserialize@1.0:
1252;deserialize@1.0:
1000;deserialize@1.0:
233;deserialize@1.0:
747;deserialize@1.0:
493;deserialize@1.0:
1263;deserialize@1.0:
1011;deserialize@1.0:
245;deserialize@1.0:
758;deserialize@1.0:
505;deserialize@1.0:
1273;deserialize@1.0:
1022;deserialize@1.0:
1;campaignJoin@2.0:
770;campaignJoin@1.0:
1284;campaignJoin@1.0:
517;campaignJoin@1.0:
1033;campaignJoin@1.0:
266;campaignJoin@1.0:
12;campaignJoin@2.0:
782;campaignJoin@1.0:
1295;campaignJoin@1.0:
1044;campaignJoin@1.0:
277;campaignJoin@1.0:
24;campaignJoin@2.0:
1306;campaignJoin@1.0:
539;campaignJoin@1.0:
1055;campaignJoin@1.0:
288;campaignJoin@1.0:
35;campaignJoin@2.0:
804;campaignJoin@1.0:
1317;campaignJoin@1.0:
550;campaignJoin@1.0:
1066;campaignJoin@1.0:
300;campaignJoin@1.0:
46;campaignJoin@2.0:
815;campaignJoin@1.0:
562;campaignJoin@1.0:
1077;campaignJoin@1.0:
311;campaignJoin@1.0:
57;campaignJoin@2.0:
827;campaignJoin@1.0:
574;campaignJoin@1.0:
1088;campaignJoin@1.0:
322;campaignJoin@1.0:
68;campaignJoin@2.0:
839;campaignJoin@1.0:
586;campaignJoin@1.0:
1098;campaignJoin@1.0:
333;campaignJoin@1.0:
851;campaignJoin@1.0:
1109;campaignJoin@1.0:
598;campaignJoin@1.0:
344;campaignJoin@1.0:
89;campaignJoin@1.0:
863;campaignJoin@1.0:
1120;campaignJoin@1.0:
610;campaignJoin@1.0:
355;campaignJoin@1.0:
100;campaignJoin@2.0:
875;campaignJoin@1.0:
1131;campaignJoin@1.0:
621;campaignJoin@1.0:
366;campaignJoin@1.0:
111;campaignJoin@2.0:
1142;campaignJoin@1.0:
887;campaignJoin@1.0:
122;campaignJoin@2.0:
378;campaignJoin@1.0:
1153;campaignJoin@1.0:
899;campaignJoin@1.0:
133;campaignJoin@2.0:
389;campaignJoin@1.0:
1164;campaignJoin@1.0:
654;campaignJoin@1.0:
144;campaignJoin@2.0:
400;campaignJoin@1.0:
1175;campaignJoin@1.0:
921;campaignJoin@1.0:
666;campaignJoin@1.0:
155;campaignJoin@2.0:
412;campaignJoin@1.0:
1186;campaignJoin@1.0:
932;campaignJoin@1.0:
166;campaignJoin@2.0:
678;campaignJoin@1.0:
424;campaignJoin@1.0:
1197;campaignJoin@1.0:
943;campaignJoin@1.0:
177;campaignJoin@2.0:
689;campaignJoin@1.0:
436;campaignJoin@1.0:
1208;campaignJoin@1.0:
955;campaignJoin@1.0:
189;campaignJoin@2.0:
701;campaignJoin@1.0:
447;campaignJoin@1.0:
1219;campaignJoin@1.0:
966;campaignJoin@1.0:
200;campaignJoin@2.0:
712;campaignJoin@1.0:
1230;campaignJoin@1.0:
978;campaignJoin@1.0:
211;campaignJoin@2.0:
724;campaignJoin@1.0:
470;campaignJoin@1.0:
1241;campaignJoin@1.0:
989;campaignJoin@1.0:
222;campaignJoin@2.0:
481;campaignJoin@1.0:
1252;campaignJoin@1.0:
1000;campaignJoin@1.0:
233;campaignJoin@2.0:
747;campaignJoin@1.0:
493;campaignJoin@1.0:
1263;campaignJoin@1.0:
1011;campaignJoin@1.0:
245;campaignJoin@2.0:
758;campaignJoin@1.0:
505;campaignJoin@1.0:
1273;campaignJoin@1.0:
1022;campaignJoin@1.0:
