timestamp;actions
1;addressProjection@1.0:
1281;addressProjection@1.0:
1030;addressProjection@1.0:
266;addressProjection@1.0:
522;addressProjection@1.0:
778;addressProjection@1.0:
12;addressProjection@1.0:
1292;addressProjection@1.0:
1041;addressProjection@1.0:
277;addressProjection@1.0:
789;addressProjection@1.0:
534;addressProjection@1.0:
23;addressProjection@1.0:
1303;addressProjection@1.0:
1052;addressProjection@1.0:
800;addressProjection@1.0:
289;addressProjection@1.0:
545;addressProjection@1.0:
1313;addressProjection@1.0:
34;addressProjection@1.0:
1062;addressProjection@1.0:
811;addressProjection@1.0:
300;addressProjection@1.0:
1324;addressProjection@1.0:
45;addressProjection@1.0:
557;addressProjection@1.0:
1073;addressProjection@1.0:
822;addressProjection@1.0:
311;addressProjection@1.0:
1335;addressProjection@1.0:
56;addressProjection@1.0:
569;addressProjection@1.0:
1084;addressProjection@1.0:
833;addressProjection@1.0:
1346;addressProjection@1.0:
67;addressProjection@1.0:
323;addressProjection@1.0:
580;addressProjection@1.0:
1095;addressProjection@1.0:
844;addressProjection@1.0:
1357;addressProjection@1.0:
78;addressProjection@1.0:
334;addressProjection@1.0:
592;addressProjection@1.0:
1106;addressProjection@1.0:
854;addressProjection@1.0:
1368;addressProjection@1.0:
89;addressProjection@1.0:
346;addressProjection@1.0:
603;addressProjection@1.0:
1117;addressProjection@1.0:
865;addressProjection@1.0:
1379;addressProjection@1.0:
100;addressProjection@1.0:
358;addressProjection@1.0:
615;addressProjection@1.0:
1128;addressProjection@1.0:
876;addressProjection@1.0:
111;addressProjection@1.0:
369;addressProjection@1.0:
626;addressProjection@1.0:
1139;addressProjection@1.0:
887;addressProjection@1.0:
122;addressProjection@1.0:
381;addressProjection@1.0:
638;addressProjection@1.0:
1150;addressProjection@1.0:
898;addressProjection@1.0:
133;addressProjection@1.0:
393;addressProjection@1.0:
1161;addressProjection@1.0:
650;addressProjection@1.0:
909;addressProjection@1.0:
144;addressProjection@1.0:
1172;addressProjection@1.0:
405;addressProjection@1.0:
662;addressProjection@1.0:
920;addressProjection@1.0:
155;addressProjection@1.0:
1183;addressProjection@1.0:
417;addressProjection@1.0:
674;addressProjection@1.0:
931;addressProjection@1.0:
166;addressProjection@1.0:
1194;addressProjection@1.0:
428;addressProjection@1.0:
686;addressProjection@1.0:
942;addressProjection@1.0:
177;addressProjection@1.0:
1205;addressProjection@1.0:
440;addressProjection@1.0:
697;addressProjection@1.0:
953;addressProjection@1.0:
188;addressProjection@1.0:
1216;addressProjection@1.0:
452;addressProjection@1.0:
964;addressProjection@1.0:
709;addressProjection@1.0:
199;addressProjection@1.0:
1227;addressProjection@1.0:
463;addressProjection@1.0:
975;addressProjection@1.0:
721;addressProjection@1.0:
211;addressProjection@1.0:
1238;addressProjection@1.0:
986;addressProjection@1.0:
475;addressProjection@1.0:
732;addressProjection@1.0:
222;addressProjection@1.0:
1249;addressProjection@1.0:
997;addressProjection@1.0:
486;addressProjection@1.0:
744;addressProjection@1.0:
233;addressProjection@1.0:
1259;addressProjection@1.0:
1008;addressProjection@1.0:
498;addressProjection@1.0:
755;addressProjection@1.0:
244;addressProjection@1.0:
1270;addressProjection@1.0:
1019;addressProjection@1.0:
510;addressProjection@1.0:
766;addressProjection@1.0:
255;addressProjection@1.0:
1;campaignProcessor@1.0:
1281;campaignProcessor@1.0:
1030;campaignProcessor@1.0:
266;campaignProcessor@1.0:
522;campaignProcessor@1.0:
778;campaignProcessor@1.0:
12;campaignProcessor@1.0:
1292;campaignProcessor@1.0:
1041;campaignProcessor@1.0:
277;campaignProcessor@1.0:
789;campaignProcessor@1.0:
534;campaignProcessor@1.0:
23;campaignProcessor@1.0:
1303;campaignProcessor@1.0:
1052;campaignProcessor@1.0:
800;campaignProcessor@1.0:
289;campaignProcessor@1.0:
545;campaignProcessor@1.0:
1313;campaignProcessor@1.0:
34;campaignProcessor@1.0:
1062;campaignProcessor@1.0:
811;campaignProcessor@1.0:
300;campaignProcessor@1.0:
1324;campaignProcessor@1.0:
45;campaignProcessor@1.0:
557;campaignProcessor@1.0:
1073;campaignProcessor@1.0:
822;campaignProcessor@1.0:
311;campaignProcessor@1.0:
1335;campaignProcessor@1.0:
56;campaignProcessor@1.0:
569;campaignProcessor@1.0:
1084;campaignProcessor@1.0:
833;campaignProcessor@1.0:
1346;campaignProcessor@1.0:
67;campaignProcessor@1.0:
323;campaignProcessor@1.0:
580;campaignProcessor@1.0:
1095;campaignProcessor@1.0:
844;campaignProcessor@1.0:
1357;campaignProcessor@1.0:
78;campaignProcessor@1.0:
334;campaignProcessor@1.0:
592;campaignProcessor@1.0:
1106;campaignProcessor@1.0:
854;campaignProcessor@1.0:
1368;campaignProcessor@1.0:
89;campaignProcessor@1.0:
346;campaignProcessor@1.0:
603;campaignProcessor@1.0:
1117;campaignProcessor@1.0:
865;campaignProcessor@1.0:
1379;campaignProcessor@1.0:
100;campaignProcessor@1.0:
358;campaignProcessor@1.0:
615;campaignProcessor@1.0:
1128;campaignProcessor@1.0:
876;campaignProcessor@1.0:
111;campaignProcessor@1.0:
369;campaignProcessor@1.0:
626;campaignProcessor@1.0:
1139;campaignProcessor@1.0:
887;campaignProcessor@1.0:
122;campaignProcessor@1.0:
381;campaignProcessor@1.0:
638;campaignProcessor@1.0:
1150;campaignProcessor@1.0:
898;campaignProcessor@1.0:
133;campaignProcessor@1.0:
393;campaignProcessor@1.0:
1161;campaignProcessor@1.0:
650;campaignProcessor@1.0:
909;campaignProcessor@1.0:
144;campaignProcessor@1.0:
1172;campaignProcessor@1.0:
405;campaignProcessor@1.0:
662;campaignProcessor@1.0:
920;campaignProcessor@1.0:
155;campaignProcessor@1.0:
1183;campaignProcessor@1.0:
417;campaignProcessor@1.0:
674;campaignProcessor@1.0:
931;campaignProcessor@1.0:
166;campaignProcessor@1.0:
1194;campaignProcessor@1.0:
428;campaignProcessor@1.0:
686;campaignProcessor@1.0:
942;campaignProcessor@1.0:
177;campaignProcessor@1.0:
1205;campaignProcessor@1.0:
440;campaignProcessor@1.0:
697;campaignProcessor@1.0:
953;campaignProcessor@1.0:
188;campaignProcessor@1.0:
1216;campaignProcessor@1.0:
452;campaignProcessor@1.0:
964;campaignProcessor@1.0:
709;campaignProcessor@1.0:
199;campaignProcessor@1.0:
1227;campaignProcessor@1.0:
463;campaignProcessor@1.0:
975;campaignProcessor@1.0:
721;campaignProcessor@1.0:
211;campaignProcessor@1.0:
1238;campaignProcessor@1.0:
986;campaignProcessor@1.0:
475;campaignProcessor@1.0:
732;campaignProcessor@1.0:
222;campaignProcessor@1.0:
1249;campaignProcessor@1.0:
997;campaignProcessor@1.0:
486;campaignProcessor@1.0:
744;campaignProcessor@1.0:
233;campaignProcessor@1.0:
1259;campaignProcessor@1.0:
1008;campaignProcessor@1.0:
498;campaignProcessor@1.0:
755;campaignProcessor@1.0:
244;campaignProcessor@1.0:
1270;campaignProcessor@1.0:
1019;campaignProcessor@1.0:
510;campaignProcessor@1.0:
766;campaignProcessor@1.0:
255;campaignProcessor@1.0:
1;eventProjection@1.0:
1281;eventProjection@1.0:
1030;eventProjection@1.0:
266;eventProjection@1.0:
522;eventProjection@1.0:
778;eventProjection@1.0:
12;eventProjection@1.0:
1292;eventProjection@1.0:
1041;eventProjection@1.0:
277;eventProjection@1.0:
789;eventProjection@1.0:
534;eventProjection@1.0:
23;eventProjection@1.0:
1303;eventProjection@1.0:
1052;eventProjection@1.0:
800;eventProjection@1.0:
289;eventProjection@1.0:
545;eventProjection@1.0:
1313;eventProjection@1.0:
34;eventProjection@1.0:
1062;eventProjection@1.0:
811;eventProjection@1.0:
300;eventProjection@1.0:
1324;eventProjection@1.0:
45;eventProjection@1.0:
557;eventProjection@1.0:
1073;eventProjection@1.0:
822;eventProjection@1.0:
311;eventProjection@1.0:
1335;eventProjection@1.0:
56;eventProjection@1.0:
569;eventProjection@1.0:
1084;eventProjection@1.0:
833;eventProjection@1.0:
1346;eventProjection@1.0:
67;eventProjection@1.0:
323;eventProjection@1.0:
580;eventProjection@1.0:
1095;eventProjection@1.0:
844;eventProjection@1.0:
1357;eventProjection@1.0:
78;eventProjection@1.0:
334;eventProjection@1.0:
592;eventProjection@1.0:
1106;eventProjection@1.0:
854;eventProjection@1.0:
1368;eventProjection@1.0:
89;eventProjection@1.0:
346;eventProjection@1.0:
603;eventProjection@1.0:
1117;eventProjection@1.0:
865;eventProjection@1.0:
1379;eventProjection@1.0:
100;eventProjection@1.0:
358;eventProjection@1.0:
615;eventProjection@1.0:
1128;eventProjection@1.0:
876;eventProjection@1.0:
111;eventProjection@1.0:
369;eventProjection@1.0:
626;eventProjection@1.0:
1139;eventProjection@1.0:
887;eventProjection@1.0:
122;eventProjection@1.0:
381;eventProjection@1.0:
638;eventProjection@1.0:
1150;eventProjection@1.0:
898;eventProjection@1.0:
133;eventProjection@1.0:
393;eventProjection@1.0:
1161;eventProjection@1.0:
650;eventProjection@1.0:
909;eventProjection@1.0:
144;eventProjection@1.0:
1172;eventProjection@1.0:
405;eventProjection@1.0:
662;eventProjection@1.0:
920;eventProjection@1.0:
155;eventProjection@1.0:
1183;eventProjection@1.0:
417;eventProjection@1.0:
674;eventProjection@1.0:
931;eventProjection@1.0:
166;eventProjection@1.0:
1194;eventProjection@1.0:
428;eventProjection@1.0:
686;eventProjection@1.0:
942;eventProjection@1.0:
177;eventProjection@1.0:
1205;eventProjection@1.0:
440;eventProjection@1.0:
697;eventProjection@1.0:
953;eventProjection@1.0:
188;eventProjection@1.0:
1216;eventProjection@1.0:
452;eventProjection@1.0:
964;eventProjection@1.0:
709;eventProjection@1.0:
199;eventProjection@1.0:
1227;eventProjection@1.0:
463;eventProjection@1.0:
975;eventProjection@1.0:
721;eventProjection@1.0:
211;eventProjection@1.0:
1238;eventProjection@1.0:
986;eventProjection@1.0:
475;eventProjection@1.0:
732;eventProjection@1.0:
222;eventProjection@1.0:
1249;eventProjection@1.0:
997;eventProjection@1.0:
486;eventProjection@1.0:
744;eventProjection@1.0:
233;eventProjection@1.0:
1259;eventProjection@1.0:
1008;eventProjection@1.0:
498;eventProjection@1.0:
755;eventProjection@1.0:
244;eventProjection@1.0:
1270;eventProjection@1.0:
1019;eventProjection@1.0:
510;eventProjection@1.0:
766;eventProjection@1.0:
255;eventProjection@1.0:
1;eventFilter@1.0:
1281;eventFilter@1.0:
1030;eventFilter@1.0:
266;eventFilter@1.0:
522;eventFilter@1.0:
778;eventFilter@1.0:
12;eventFilter@1.0:
1292;eventFilter@1.0:
1041;eventFilter@1.0:
277;eventFilter@1.0:
789;eventFilter@1.0:
534;eventFilter@1.0:
23;eventFilter@1.0:
1303;eventFilter@1.0:
1052;eventFilter@1.0:
800;eventFilter@1.0:
289;eventFilter@1.0:
545;eventFilter@1.0:
1313;eventFilter@1.0:
34;eventFilter@1.0:
1062;eventFilter@1.0:
811;eventFilter@1.0:
300;eventFilter@1.0:
1324;eventFilter@1.0:
45;eventFilter@1.0:
557;eventFilter@1.0:
1073;eventFilter@1.0:
822;eventFilter@1.0:
311;eventFilter@1.0:
1335;eventFilter@1.0:
56;eventFilter@1.0:
569;eventFilter@1.0:
1084;eventFilter@1.0:
833;eventFilter@1.0:
1346;eventFilter@1.0:
67;eventFilter@1.0:
323;eventFilter@1.0:
580;eventFilter@1.0:
1095;eventFilter@1.0:
844;eventFilter@1.0:
1357;eventFilter@1.0:
78;eventFilter@1.0:
334;eventFilter@1.0:
592;eventFilter@1.0:
1106;eventFilter@1.0:
854;eventFilter@1.0:
1368;eventFilter@1.0:
89;eventFilter@1.0:
346;eventFilter@1.0:
603;eventFilter@1.0:
1117;eventFilter@1.0:
865;eventFilter@1.0:
1379;eventFilter@1.0:
100;eventFilter@1.0:
358;eventFilter@1.0:
615;eventFilter@1.0:
1128;eventFilter@1.0:
876;eventFilter@1.0:
111;eventFilter@1.0:
369;eventFilter@1.0:
626;eventFilter@1.0:
1139;eventFilter@1.0:
887;eventFilter@1.0:
122;eventFilter@1.0:
381;eventFilter@1.0:
638;eventFilter@1.0:
1150;eventFilter@1.0:
898;eventFilter@1.0:
133;eventFilter@1.0:
393;eventFilter@1.0:
1161;eventFilter@1.0:
650;eventFilter@1.0:
909;eventFilter@1.0:
144;eventFilter@1.0:
1172;eventFilter@1.0:
405;eventFilter@1.0:
662;eventFilter@1.0:
920;eventFilter@1.0:
155;eventFilter@1.0:
1183;eventFilter@1.0:
417;eventFilter@1.0:
674;eventFilter@1.0:
931;eventFilter@1.0:
166;eventFilter@1.0:
1194;eventFilter@1.0:
428;eventFilter@1.0:
686;eventFilter@1.0:
942;eventFilter@1.0:
177;eventFilter@1.0:
1205;eventFilter@1.0:
440;eventFilter@1.0:
697;eventFilter@1.0:
953;eventFilter@1.0:
188;eventFilter@1.0:
1216;eventFilter@1.0:
452;eventFilter@1.0:
964;eventFilter@1.0:
709;eventFilter@1.0:
199;eventFilter@1.0:
1227;eventFilter@1.0:
463;eventFilter@1.0:
975;eventFilter@1.0:
721;eventFilter@1.0:
211;eventFilter@1.0:
1238;eventFilter@1.0:
986;eventFilter@1.0:
475;eventFilter@1.0:
732;eventFilter@1.0:
222;eventFilter@1.0:
1249;eventFilter@1.0:
997;eventFilter@1.0:
486;eventFilter@1.0:
744;eventFilter@1.0:
233;eventFilter@1.0:
1259;eventFilter@1.0:
1008;eventFilter@1.0:
498;eventFilter@1.0:
755;eventFilter@1.0:
244;eventFilter@1.0:
1270;eventFilter@1.0:
1019;eventFilter@1.0:
510;eventFilter@1.0:
766;eventFilter@1.0:
255;eventFilter@1.0:
1;ipProcessor@1.0:
1281;ipProcessor@1.0:
1030;ipProcessor@1.0:
266;ipProcessor@1.0:
522;ipProcessor@1.0:
778;ipProcessor@1.0:
12;ipProcessor@1.0:
1292;ipProcessor@1.0:
1041;ipProcessor@1.0:
277;ipProcessor@1.0:
789;ipProcessor@1.0:
534;ipProcessor@1.0:
23;ipProcessor@1.0:
1303;ipProcessor@1.0:
1052;ipProcessor@1.0:
800;ipProcessor@1.0:
289;ipProcessor@1.0:
545;ipProcessor@1.0:
1313;ipProcessor@1.0:
34;ipProcessor@1.0:
1062;ipProcessor@1.0:
811;ipProcessor@1.0:
300;ipProcessor@1.0:
1324;ipProcessor@1.0:
45;ipProcessor@1.0:
557;ipProcessor@1.0:
1073;ipProcessor@1.0:
822;ipProcessor@1.0:
311;ipProcessor@1.0:
1335;ipProcessor@1.0:
56;ipProcessor@1.0:
569;ipProcessor@1.0:
1084;ipProcessor@1.0:
833;ipProcessor@1.0:
1346;ipProcessor@1.0:
67;ipProcessor@1.0:
323;ipProcessor@1.0:
580;ipProcessor@1.0:
1095;ipProcessor@1.0:
844;ipProcessor@1.0:
1357;ipProcessor@1.0:
78;ipProcessor@1.0:
334;ipProcessor@1.0:
592;ipProcessor@1.0:
1106;ipProcessor@1.0:
854;ipProcessor@1.0:
1368;ipProcessor@1.0:
89;ipProcessor@1.0:
346;ipProcessor@1.0:
603;ipProcessor@1.0:
1117;ipProcessor@1.0:
865;ipProcessor@1.0:
1379;ipProcessor@1.0:
100;ipProcessor@1.0:
358;ipProcessor@1.0:
615;ipProcessor@1.0:
1128;ipProcessor@1.0:
876;ipProcessor@1.0:
111;ipProcessor@1.0:
369;ipProcessor@1.0:
626;ipProcessor@1.0:
1139;ipProcessor@1.0:
887;ipProcessor@1.0:
122;ipProcessor@1.0:
381;ipProcessor@1.0:
638;ipProcessor@1.0:
1150;ipProcessor@1.0:
898;ipProcessor@1.0:
133;ipProcessor@1.0:
393;ipProcessor@1.0:
1161;ipProcessor@1.0:
650;ipProcessor@1.0:
909;ipProcessor@1.0:
144;ipProcessor@1.0:
1172;ipProcessor@1.0:
405;ipProcessor@1.0:
662;ipProcessor@1.0:
920;ipProcessor@1.0:
155;ipProcessor@1.0:
1183;ipProcessor@1.0:
417;ipProcessor@1.0:
674;ipProcessor@1.0:
931;ipProcessor@1.0:
166;ipProcessor@1.0:
1194;ipProcessor@1.0:
428;ipProcessor@1.0:
686;ipProcessor@1.0:
942;ipProcessor@1.0:
177;ipProcessor@1.0:
1205;ipProcessor@1.0:
440;ipProcessor@1.0:
697;ipProcessor@1.0:
953;ipProcessor@1.0:
188;ipProcessor@1.0:
1216;ipProcessor@1.0:
452;ipProcessor@1.0:
964;ipProcessor@1.0:
709;ipProcessor@1.0:
199;ipProcessor@1.0:
1227;ipProcessor@1.0:
463;ipProcessor@1.0:
975;ipProcessor@1.0:
721;ipProcessor@1.0:
211;ipProcessor@1.0:
1238;ipProcessor@1.0:
986;ipProcessor@1.0:
475;ipProcessor@1.0:
732;ipProcessor@1.0:
222;ipProcessor@1.0:
1249;ipProcessor@1.0:
997;ipProcessor@1.0:
486;ipProcessor@1.0:
744;ipProcessor@1.0:
233;ipProcessor@1.0:
1259;ipProcessor@1.0:
1008;ipProcessor@1.0:
498;ipProcessor@1.0:
755;ipProcessor@1.0:
244;ipProcessor@1.0:
1270;ipProcessor@1.0:
1019;ipProcessor@1.0:
510;ipProcessor@1.0:
766;ipProcessor@1.0:
255;ipProcessor@1.0:
1;deserialize@1.0:
1281;deserialize@1.0:
1030;deserialize@1.0:
266;deserialize@1.0:
522;deserialize@1.0:
778;deserialize@1.0:
12;deserialize@1.0:
1292;deserialize@1.0:
1041;deserialize@1.0:
277;deserialize@1.0:
789;deserialize@1.0:
534;deserialize@1.0:
23;deserialize@1.0:
1303;deserialize@1.0:
1052;deserialize@1.0:
800;deserialize@1.0:
289;deserialize@1.0:
545;deserialize@1.0:
1313;deserialize@1.0:
34;deserialize@1.0:
1062;deserialize@1.0:
811;deserialize@1.0:
300;deserialize@1.0:
1324;deserialize@1.0:
45;deserialize@1.0:
557;deserialize@1.0:
1073;deserialize@1.0:
822;deserialize@1.0:
311;deserialize@1.0:
1335;deserialize@1.0:
56;deserialize@1.0:
569;deserialize@1.0:
1084;deserialize@1.0:
833;deserialize@1.0:
1346;deserialize@1.0:
67;deserialize@1.0:
323;deserialize@1.0:
580;deserialize@1.0:
1095;deserialize@1.0:
844;deserialize@1.0:
1357;deserialize@1.0:
78;deserialize@1.0:
334;deserialize@1.0:
592;deserialize@1.0:
1106;deserialize@1.0:
854;deserialize@1.0:
1368;deserialize@1.0:
89;deserialize@1.0:
346;deserialize@1.0:
603;deserialize@1.0:
1117;deserialize@1.0:
865;deserialize@1.0:
1379;deserialize@1.0:
100;deserialize@1.0:
358;deserialize@1.0:
615;deserialize@1.0:
1128;deserialize@1.0:
876;deserialize@1.0:
111;deserialize@1.0:
369;deserialize@1.0:
626;deserialize@1.0:
1139;deserialize@1.0:
887;deserialize@1.0:
122;deserialize@1.0:
381;deserialize@1.0:
638;deserialize@1.0:
1150;deserialize@1.0:
898;deserialize@1.0:
133;deserialize@1.0:
393;deserialize@1.0:
1161;deserialize@1.0:
650;deserialize@1.0:
909;deserialize@1.0:
144;deserialize@1.0:
1172;deserialize@1.0:
405;deserialize@1.0:
662;deserialize@1.0:
920;deserialize@1.0:
155;deserialize@1.0:
1183;deserialize@1.0:
417;deserialize@1.0:
674;deserialize@1.0:
931;deserialize@1.0:
166;deserialize@1.0:
1194;deserialize@1.0:
428;deserialize@1.0:
686;deserialize@1.0:
942;deserialize@1.0:
177;deserialize@1.0:
1205;deserialize@1.0:
440;deserialize@1.0:
697;deserialize@1.0:
953;deserialize@1.0:
188;deserialize@1.0:
1216;deserialize@1.0:
452;deserialize@1.0:
964;deserialize@1.0:
709;deserialize@1.0:
199;deserialize@1.0:
1227;deserialize@1.0:
463;deserialize@1.0:
975;deserialize@1.0:
721;deserialize@1.0:
211;deserialize@1.0:
1238;deserialize@1.0:
986;deserialize@1.0:
475;deserialize@1.0:
732;deserialize@1.0:
222;deserialize@1.0:
1249;deserialize@1.0:
997;deserialize@1.0:
486;deserialize@1.0:
744;deserialize@1.0:
233;deserialize@1.0:
1259;deserialize@1.0:
1008;deserialize@1.0:
498;deserialize@1.0:
755;deserialize@1.0:
244;deserialize@1.0:
1270;deserialize@1.0:
1019;deserialize@1.0:
510;deserialize@1.0:
766;deserialize@1.0:
255;deserialize@1.0:
1;campaignJoin@1.0:
1281;campaignJoin@1.0:
1030;campaignJoin@1.0:
266;campaignJoin@1.0:
522;campaignJoin@1.0:
778;campaignJoin@1.0:
12;campaignJoin@1.0:
1292;campaignJoin@1.0:
1041;campaignJoin@1.0:
277;campaignJoin@1.0:
789;campaignJoin@1.0:
534;campaignJoin@1.0:
23;campaignJoin@1.0:
1303;campaignJoin@1.0:
1052;campaignJoin@1.0:
800;campaignJoin@1.0:
289;campaignJoin@1.0:
545;campaignJoin@1.0:
1313;campaignJoin@1.0:
34;campaignJoin@1.0:
1062;campaignJoin@1.0:
811;campaignJoin@1.0:
300;campaignJoin@1.0:
1324;campaignJoin@1.0:
45;campaignJoin@1.0:
557;campaignJoin@1.0:
1073;campaignJoin@1.0:
822;campaignJoin@1.0:
311;campaignJoin@1.0:
1335;campaignJoin@1.0:
56;campaignJoin@1.0:
569;campaignJoin@1.0:
1084;campaignJoin@1.0:
833;campaignJoin@1.0:
1346;campaignJoin@1.0:
67;campaignJoin@1.0:
323;campaignJoin@1.0:
580;campaignJoin@1.0:
1095;campaignJoin@1.0:
844;campaignJoin@1.0:
1357;campaignJoin@1.0:
78;campaignJoin@1.0:
334;campaignJoin@1.0:
592;campaignJoin@1.0:
1106;campaignJoin@1.0:
854;campaignJoin@1.0:
1368;campaignJoin@1.0:
89;campaignJoin@1.0:
346;campaignJoin@1.0:
603;campaignJoin@1.0:
1117;campaignJoin@1.0:
865;campaignJoin@1.0:
1379;campaignJoin@1.0:
100;campaignJoin@1.0:
358;campaignJoin@1.0:
615;campaignJoin@1.0:
1128;campaignJoin@1.0:
876;campaignJoin@1.0:
111;campaignJoin@1.0:
369;campaignJoin@1.0:
626;campaignJoin@1.0:
1139;campaignJoin@1.0:
887;campaignJoin@1.0:
122;campaignJoin@1.0:
381;campaignJoin@1.0:
638;campaignJoin@1.0:
1150;campaignJoin@1.0:
898;campaignJoin@1.0:
133;campaignJoin@1.0:
393;campaignJoin@1.0:
1161;campaignJoin@1.0:
650;campaignJoin@1.0:
909;campaignJoin@1.0:
144;campaignJoin@1.0:
1172;campaignJoin@1.0:
405;campaignJoin@1.0:
662;campaignJoin@1.0:
920;campaignJoin@1.0:
155;campaignJoin@1.0:
1183;campaignJoin@1.0:
417;campaignJoin@1.0:
674;campaignJoin@1.0:
931;campaignJoin@1.0:
166;campaignJoin@1.0:
1194;campaignJoin@1.0:
428;campaignJoin@1.0:
686;campaignJoin@1.0:
942;campaignJoin@1.0:
177;campaignJoin@1.0:
1205;campaignJoin@1.0:
440;campaignJoin@1.0:
697;campaignJoin@1.0:
953;campaignJoin@1.0:
188;campaignJoin@1.0:
1216;campaignJoin@1.0:
452;campaignJoin@1.0:
964;campaignJoin@1.0:
709;campaignJoin@1.0:
199;campaignJoin@1.0:
1227;campaignJoin@1.0:
463;campaignJoin@1.0:
975;campaignJoin@1.0:
721;campaignJoin@1.0:
211;campaignJoin@1.0:
1238;campaignJoin@1.0:
986;campaignJoin@1.0:
475;campaignJoin@1.0:
732;campaignJoin@1.0:
222;campaignJoin@1.0:
1249;campaignJoin@1.0:
997;campaignJoin@1.0:
486;campaignJoin@1.0:
744;campaignJoin@1.0:
233;campaignJoin@1.0:
1259;campaignJoin@1.0:
1008;campaignJoin@1.0:
498;campaignJoin@1.0:
755;campaignJoin@1.0:
244;campaignJoin@1.0:
1270;campaignJoin@1.0:
1019;campaignJoin@1.0:
510;campaignJoin@1.0:
766;campaignJoin@1.0:
255;campaignJoin@1.0:
